
/home/tempus/Documents/tp_pico/cmake-build-debug/tp_pico.elf:     file format elf32-littlearm

Sections:
Idx Name          Size      VMA       LMA       File off  Algn
  0 .boot2        00000100  10000000  10000000  00001000  2**0
                  CONTENTS, ALLOC, LOAD, READONLY, CODE
  1 .text         00004cdc  10000100  10000100  00001100  2**3
                  CONTENTS, ALLOC, LOAD, READONLY, CODE
  2 .rodata       0000047c  10004ddc  10004ddc  00005ddc  2**2
                  CONTENTS, ALLOC, LOAD, READONLY, DATA
  3 .binary_info  00000030  10005258  10005258  00006258  2**2
                  CONTENTS, ALLOC, LOAD, READONLY, DATA
  4 .ram_vector_table 000000c0  20000000  20000000  00009000  2**2
                  ALLOC
  5 .uninitialized_data 00000000  200000c0  200000c0  00008078  2**0
                  CONTENTS
  6 .data         00000fb8  200000c0  10005288  000070c0  2**4
                  CONTENTS, ALLOC, LOAD, READONLY, CODE
  7 .tdata        00000000  20001078  20001078  00008078  2**0
                  CONTENTS, ALLOC, LOAD, DATA, THREAD_LOCAL
  8 .tbss         00000000  20001078  20001078  00000000  2**0
                  ALLOC, THREAD_LOCAL
  9 .bss          00001130  20001078  10006240  00008078  2**3
                  ALLOC
 10 .heap         00000800  200021a8  200021a8  00008078  2**2
                  CONTENTS, READONLY
 11 .scratch_x    00000000  20040000  20040000  00008878  2**0
                  CONTENTS
 12 .scratch_y    00000000  20041000  20041000  00008878  2**0
                  CONTENTS
 13 .stack_dummy  00000800  20041000  20041000  00008880  2**5
                  CONTENTS, READONLY
 14 .ARM.attributes 00000028  00000000  00000000  00009080  2**0
                  CONTENTS, READONLY
 15 .comment      00000045  00000000  00000000  000090a8  2**0
                  CONTENTS, READONLY
 16 .debug_info   00038388  00000000  00000000  000090ed  2**0
                  CONTENTS, READONLY, DEBUGGING, OCTETS
 17 .debug_abbrev 0000a300  00000000  00000000  00041475  2**0
                  CONTENTS, READONLY, DEBUGGING, OCTETS
 18 .debug_aranges 000018c8  00000000  00000000  0004b778  2**3
                  CONTENTS, READONLY, DEBUGGING, OCTETS
 19 .debug_rnglists 00004b8c  00000000  00000000  0004d040  2**0
                  CONTENTS, READONLY, DEBUGGING, OCTETS
 20 .debug_line   00026cea  00000000  00000000  00051bcc  2**0
                  CONTENTS, READONLY, DEBUGGING, OCTETS
 21 .debug_str    0000a9a5  00000000  00000000  000788b6  2**0
                  CONTENTS, READONLY, DEBUGGING, OCTETS
 22 .debug_frame  000033e8  00000000  00000000  0008325c  2**2
                  CONTENTS, READONLY, DEBUGGING, OCTETS
 23 .debug_loclists 0001c24c  00000000  00000000  00086644  2**0
                  CONTENTS, READONLY, DEBUGGING, OCTETS
 24 .debug_line_str 0000034d  00000000  00000000  000a2890  2**0
                  CONTENTS, READONLY, DEBUGGING, OCTETS

/home/tempus/Documents/tp_pico/cmake-build-debug/tp_pico.elf:     file format elf32-littlearm


Disassembly of section .boot2:

10000000 <__boot2_start__>:
10000000:	4b32b500 	.word	0x4b32b500
10000004:	60582021 	.word	0x60582021
10000008:	21026898 	.word	0x21026898
1000000c:	60984388 	.word	0x60984388
10000010:	611860d8 	.word	0x611860d8
10000014:	4b2e6158 	.word	0x4b2e6158
10000018:	60992100 	.word	0x60992100
1000001c:	61592102 	.word	0x61592102
10000020:	22f02101 	.word	0x22f02101
10000024:	492b5099 	.word	0x492b5099
10000028:	21016019 	.word	0x21016019
1000002c:	20356099 	.word	0x20356099
10000030:	f844f000 	.word	0xf844f000
10000034:	42902202 	.word	0x42902202
10000038:	2106d014 	.word	0x2106d014
1000003c:	f0006619 	.word	0xf0006619
10000040:	6e19f834 	.word	0x6e19f834
10000044:	66192101 	.word	0x66192101
10000048:	66182000 	.word	0x66182000
1000004c:	f000661a 	.word	0xf000661a
10000050:	6e19f82c 	.word	0x6e19f82c
10000054:	6e196e19 	.word	0x6e196e19
10000058:	f0002005 	.word	0xf0002005
1000005c:	2101f82f 	.word	0x2101f82f
10000060:	d1f94208 	.word	0xd1f94208
10000064:	60992100 	.word	0x60992100
10000068:	6019491b 	.word	0x6019491b
1000006c:	60592100 	.word	0x60592100
10000070:	481b491a 	.word	0x481b491a
10000074:	21016001 	.word	0x21016001
10000078:	21eb6099 	.word	0x21eb6099
1000007c:	21a06619 	.word	0x21a06619
10000080:	f0006619 	.word	0xf0006619
10000084:	2100f812 	.word	0x2100f812
10000088:	49166099 	.word	0x49166099
1000008c:	60014814 	.word	0x60014814
10000090:	60992101 	.word	0x60992101
10000094:	2800bc01 	.word	0x2800bc01
10000098:	4700d000 	.word	0x4700d000
1000009c:	49134812 	.word	0x49134812
100000a0:	c8036008 	.word	0xc8036008
100000a4:	8808f380 	.word	0x8808f380
100000a8:	b5034708 	.word	0xb5034708
100000ac:	20046a99 	.word	0x20046a99
100000b0:	d0fb4201 	.word	0xd0fb4201
100000b4:	42012001 	.word	0x42012001
100000b8:	bd03d1f8 	.word	0xbd03d1f8
100000bc:	6618b502 	.word	0x6618b502
100000c0:	f7ff6618 	.word	0xf7ff6618
100000c4:	6e18fff2 	.word	0x6e18fff2
100000c8:	bd026e18 	.word	0xbd026e18
100000cc:	40020000 	.word	0x40020000
100000d0:	18000000 	.word	0x18000000
100000d4:	00070000 	.word	0x00070000
100000d8:	005f0300 	.word	0x005f0300
100000dc:	00002221 	.word	0x00002221
100000e0:	180000f4 	.word	0x180000f4
100000e4:	a0002022 	.word	0xa0002022
100000e8:	10000100 	.word	0x10000100
100000ec:	e000ed08 	.word	0xe000ed08
	...
100000fc:	7a4eb274 	.word	0x7a4eb274

Disassembly of section .text:

10000100 <__VECTOR_TABLE>:
10000100:	20042000 	.word	0x20042000
10000104:	100001f7 	.word	0x100001f7
10000108:	100001c3 	.word	0x100001c3
1000010c:	100001c5 	.word	0x100001c5
10000110:	100001c1 	.word	0x100001c1
10000114:	100001c1 	.word	0x100001c1
10000118:	100001c1 	.word	0x100001c1
1000011c:	100001c1 	.word	0x100001c1
10000120:	100001c1 	.word	0x100001c1
10000124:	100001c1 	.word	0x100001c1
10000128:	100001c1 	.word	0x100001c1
1000012c:	100001c7 	.word	0x100001c7
10000130:	100001c1 	.word	0x100001c1
10000134:	100001c1 	.word	0x100001c1
10000138:	100001c9 	.word	0x100001c9
1000013c:	100001cb 	.word	0x100001cb
10000140:	100001cd 	.word	0x100001cd
10000144:	100001cd 	.word	0x100001cd
10000148:	100001cd 	.word	0x100001cd
1000014c:	100001cd 	.word	0x100001cd
10000150:	100001cd 	.word	0x100001cd
10000154:	100001cd 	.word	0x100001cd
10000158:	100001cd 	.word	0x100001cd
1000015c:	100001cd 	.word	0x100001cd
10000160:	100001cd 	.word	0x100001cd
10000164:	100001cd 	.word	0x100001cd
10000168:	100001cd 	.word	0x100001cd
1000016c:	100001cd 	.word	0x100001cd
10000170:	100001cd 	.word	0x100001cd
10000174:	100001cd 	.word	0x100001cd
10000178:	100001cd 	.word	0x100001cd
1000017c:	100001cd 	.word	0x100001cd
10000180:	100001cd 	.word	0x100001cd
10000184:	100001cd 	.word	0x100001cd
10000188:	100001cd 	.word	0x100001cd
1000018c:	100001cd 	.word	0x100001cd
10000190:	100001cd 	.word	0x100001cd
10000194:	100001cd 	.word	0x100001cd
10000198:	100001cd 	.word	0x100001cd
1000019c:	100001cd 	.word	0x100001cd
100001a0:	100001cd 	.word	0x100001cd
100001a4:	100001cd 	.word	0x100001cd
100001a8:	100001cd 	.word	0x100001cd
100001ac:	100001cd 	.word	0x100001cd
100001b0:	100001cd 	.word	0x100001cd
100001b4:	100001cd 	.word	0x100001cd
100001b8:	100001cd 	.word	0x100001cd
100001bc:	100001cd 	.word	0x100001cd

100001c0 <isr_invalid>:
100001c0:	be00      	bkpt	0x0000

100001c2 <isr_nmi>:
100001c2:	be00      	bkpt	0x0000

100001c4 <isr_hardfault>:
100001c4:	be00      	bkpt	0x0000

100001c6 <isr_svcall>:
100001c6:	be00      	bkpt	0x0000

100001c8 <isr_pendsv>:
100001c8:	be00      	bkpt	0x0000

100001ca <isr_systick>:
100001ca:	be00      	bkpt	0x0000

100001cc <__unhandled_user_irq>:
100001cc:	f3ef 8005 	mrs	r0, IPSR
100001d0:	3810      	subs	r0, #16

100001d2 <unhandled_user_irq_num_in_r0>:
100001d2:	be00      	bkpt	0x0000

100001d4 <binary_info_header>:
100001d4:	7188ebf2 	.word	0x7188ebf2
100001d8:	10005258 	.word	0x10005258
100001dc:	10005288 	.word	0x10005288
100001e0:	10000238 	.word	0x10000238
100001e4:	e71aa390 	.word	0xe71aa390

100001e8 <_entry_point>:
100001e8:	481e      	ldr	r0, [pc, #120]	@ (10000264 <data_cpy_table+0x2c>)

100001ea <_enter_vtable_in_r0>:
100001ea:	491f      	ldr	r1, [pc, #124]	@ (10000268 <data_cpy_table+0x30>)
100001ec:	6008      	str	r0, [r1, #0]
100001ee:	c806      	ldmia	r0!, {r1, r2}
100001f0:	f381 8808 	msr	MSP, r1
100001f4:	4710      	bx	r2

100001f6 <_reset_handler>:
100001f6:	481d      	ldr	r0, [pc, #116]	@ (1000026c <data_cpy_table+0x34>)
100001f8:	6800      	ldr	r0, [r0, #0]
100001fa:	2800      	cmp	r0, #0
100001fc:	d001      	beq.n	10000202 <hold_non_core0_in_bootrom+0x4>

100001fe <hold_non_core0_in_bootrom>:
100001fe:	4819      	ldr	r0, [pc, #100]	@ (10000264 <data_cpy_table+0x2c>)
10000200:	e7f3      	b.n	100001ea <_enter_vtable_in_r0>
10000202:	a40d      	add	r4, pc, #52	@ (adr r4, 10000238 <data_cpy_table>)
10000204:	cc0e      	ldmia	r4!, {r1, r2, r3}
10000206:	2900      	cmp	r1, #0
10000208:	d002      	beq.n	10000210 <hold_non_core0_in_bootrom+0x12>
1000020a:	f000 f812 	bl	10000232 <data_cpy>
1000020e:	e7f9      	b.n	10000204 <hold_non_core0_in_bootrom+0x6>
10000210:	4917      	ldr	r1, [pc, #92]	@ (10000270 <data_cpy_table+0x38>)
10000212:	4a18      	ldr	r2, [pc, #96]	@ (10000274 <data_cpy_table+0x3c>)
10000214:	2000      	movs	r0, #0
10000216:	e000      	b.n	1000021a <bss_fill_test>

10000218 <bss_fill_loop>:
10000218:	c101      	stmia	r1!, {r0}

1000021a <bss_fill_test>:
1000021a:	4291      	cmp	r1, r2
1000021c:	d1fc      	bne.n	10000218 <bss_fill_loop>

1000021e <platform_entry>:
1000021e:	4916      	ldr	r1, [pc, #88]	@ (10000278 <data_cpy_table+0x40>)
10000220:	4788      	blx	r1
10000222:	4916      	ldr	r1, [pc, #88]	@ (1000027c <data_cpy_table+0x44>)
10000224:	4788      	blx	r1
10000226:	4916      	ldr	r1, [pc, #88]	@ (10000280 <data_cpy_table+0x48>)
10000228:	4788      	blx	r1
1000022a:	be00      	bkpt	0x0000
1000022c:	e7fd      	b.n	1000022a <platform_entry+0xc>

1000022e <data_cpy_loop>:
1000022e:	c901      	ldmia	r1!, {r0}
10000230:	c201      	stmia	r2!, {r0}

10000232 <data_cpy>:
10000232:	429a      	cmp	r2, r3
10000234:	d3fb      	bcc.n	1000022e <data_cpy_loop>
10000236:	4770      	bx	lr

10000238 <data_cpy_table>:
10000238:	10005288 	.word	0x10005288
1000023c:	200000c0 	.word	0x200000c0
10000240:	20001078 	.word	0x20001078
10000244:	10006240 	.word	0x10006240
10000248:	20040000 	.word	0x20040000
1000024c:	20040000 	.word	0x20040000
10000250:	10006240 	.word	0x10006240
10000254:	20041000 	.word	0x20041000
10000258:	20041000 	.word	0x20041000
1000025c:	00000000 	.word	0x00000000
10000260:	4770      	bx	lr
10000262:	0000      	.short	0x0000
10000264:	00000000 	.word	0x00000000
10000268:	e000ed08 	.word	0xe000ed08
1000026c:	d0000000 	.word	0xd0000000
10000270:	20001078 	.word	0x20001078
10000274:	200021a8 	.word	0x200021a8
10000278:	10001ff5 	.word	0x10001ff5
1000027c:	100002d5 	.word	0x100002d5
10000280:	10001fed 	.word	0x10001fed

10000284 <_init>:
10000284:	b5f8      	push	{r3, r4, r5, r6, r7, lr}
10000286:	46c0      	nop			@ (mov r8, r8)

10000288 <register_tm_clones>:
10000288:	4806      	ldr	r0, [pc, #24]	@ (100002a4 <register_tm_clones+0x1c>)
1000028a:	4907      	ldr	r1, [pc, #28]	@ (100002a8 <register_tm_clones+0x20>)
1000028c:	1a09      	subs	r1, r1, r0
1000028e:	108b      	asrs	r3, r1, #2
10000290:	0fc9      	lsrs	r1, r1, #31
10000292:	18c9      	adds	r1, r1, r3
10000294:	b510      	push	{r4, lr}
10000296:	1049      	asrs	r1, r1, #1
10000298:	d003      	beq.n	100002a2 <register_tm_clones+0x1a>
1000029a:	4b04      	ldr	r3, [pc, #16]	@ (100002ac <register_tm_clones+0x24>)
1000029c:	2b00      	cmp	r3, #0
1000029e:	d000      	beq.n	100002a2 <register_tm_clones+0x1a>
100002a0:	4798      	blx	r3
100002a2:	bd10      	pop	{r4, pc}
100002a4:	20001078 	.word	0x20001078
100002a8:	20001078 	.word	0x20001078
100002ac:	00000000 	.word	0x00000000

100002b0 <frame_dummy>:
100002b0:	4b05      	ldr	r3, [pc, #20]	@ (100002c8 <frame_dummy+0x18>)
100002b2:	b510      	push	{r4, lr}
100002b4:	2b00      	cmp	r3, #0
100002b6:	d003      	beq.n	100002c0 <frame_dummy+0x10>
100002b8:	4904      	ldr	r1, [pc, #16]	@ (100002cc <frame_dummy+0x1c>)
100002ba:	4805      	ldr	r0, [pc, #20]	@ (100002d0 <frame_dummy+0x20>)
100002bc:	e000      	b.n	100002c0 <frame_dummy+0x10>
100002be:	bf00      	nop
100002c0:	f7ff ffe2 	bl	10000288 <register_tm_clones>
100002c4:	bd10      	pop	{r4, pc}
100002c6:	46c0      	nop			@ (mov r8, r8)
100002c8:	00000000 	.word	0x00000000
100002cc:	2000213c 	.word	0x2000213c
100002d0:	10004ddc 	.word	0x10004ddc

100002d4 <main>:
100002d4:	b510      	push	{r4, lr}
100002d6:	f001 ff99 	bl	1000220c <stdio_init_all>
100002da:	4c04      	ldr	r4, [pc, #16]	@ (100002ec <main+0x18>)
100002dc:	0020      	movs	r0, r4
100002de:	f001 ffe7 	bl	100022b0 <__wrap_puts>
100002e2:	20fa      	movs	r0, #250	@ 0xfa
100002e4:	0080      	lsls	r0, r0, #2
100002e6:	f000 f9cd 	bl	10000684 <_ZN2tp6system7wait_msEm>
100002ea:	e7f7      	b.n	100002dc <main+0x8>
100002ec:	10004ddc 	.word	0x10004ddc

100002f0 <_ZN2tp6system5clockC1Ev>:
100002f0:	b510      	push	{r4, lr}
100002f2:	0004      	movs	r4, r0
100002f4:	2238      	movs	r2, #56	@ 0x38
100002f6:	2100      	movs	r1, #0
100002f8:	4802      	ldr	r0, [pc, #8]	@ (10000304 <_ZN2tp6system5clockC1Ev+0x14>)
100002fa:	f001 fe49 	bl	10001f90 <__wrap_memset>
100002fe:	0020      	movs	r0, r4
10000300:	bd10      	pop	{r4, pc}
10000302:	46c0      	nop			@ (mov r8, r8)
10000304:	200015e8 	.word	0x200015e8

10000308 <_Z11default_isrv>:
10000308:	4770      	bx	lr
1000030a:	46c0      	nop			@ (mov r8, r8)

1000030c <_ZN2tp8gpio_isrEv>:
1000030c:	b5f0      	push	{r4, r5, r6, r7, lr}
1000030e:	46de      	mov	lr, fp
10000310:	4657      	mov	r7, sl
10000312:	464e      	mov	r6, r9
10000314:	4645      	mov	r5, r8
10000316:	b5e0      	push	{r5, r6, r7, lr}
10000318:	b083      	sub	sp, #12
1000031a:	f000 f9af 	bl	1000067c <_ZN2tp6system11get_core_idEv>
1000031e:	2800      	cmp	r0, #0
10000320:	d15c      	bne.n	100003dc <_ZN2tp8gpio_isrEv+0xd0>
10000322:	4b30      	ldr	r3, [pc, #192]	@ (100003e4 <_ZN2tp8gpio_isrEv+0xd8>)
10000324:	681b      	ldr	r3, [r3, #0]
10000326:	9301      	str	r3, [sp, #4]
10000328:	4b2f      	ldr	r3, [pc, #188]	@ (100003e8 <_ZN2tp8gpio_isrEv+0xdc>)
1000032a:	2700      	movs	r7, #0
1000032c:	4699      	mov	r9, r3
1000032e:	23f0      	movs	r3, #240	@ 0xf0
10000330:	444b      	add	r3, r9
10000332:	469a      	mov	sl, r3
10000334:	4b2d      	ldr	r3, [pc, #180]	@ (100003ec <_ZN2tp8gpio_isrEv+0xe0>)
10000336:	469b      	mov	fp, r3
10000338:	2407      	movs	r4, #7
1000033a:	9b01      	ldr	r3, [sp, #4]
1000033c:	08fe      	lsrs	r6, r7, #3
1000033e:	00b6      	lsls	r6, r6, #2
10000340:	599d      	ldr	r5, [r3, r6]
10000342:	403c      	ands	r4, r7
10000344:	00a4      	lsls	r4, r4, #2
10000346:	2308      	movs	r3, #8
10000348:	40e5      	lsrs	r5, r4
1000034a:	4698      	mov	r8, r3
1000034c:	422b      	tst	r3, r5
1000034e:	d00a      	beq.n	10000366 <_ZN2tp8gpio_isrEv+0x5a>
10000350:	464b      	mov	r3, r9
10000352:	681b      	ldr	r3, [r3, #0]
10000354:	4798      	blx	r3
10000356:	465b      	mov	r3, fp
10000358:	681a      	ldr	r2, [r3, #0]
1000035a:	4643      	mov	r3, r8
1000035c:	40a3      	lsls	r3, r4
1000035e:	1992      	adds	r2, r2, r6
10000360:	6811      	ldr	r1, [r2, #0]
10000362:	400b      	ands	r3, r1
10000364:	6013      	str	r3, [r2, #0]
10000366:	2304      	movs	r3, #4
10000368:	4698      	mov	r8, r3
1000036a:	422b      	tst	r3, r5
1000036c:	d00a      	beq.n	10000384 <_ZN2tp8gpio_isrEv+0x78>
1000036e:	464b      	mov	r3, r9
10000370:	6f9b      	ldr	r3, [r3, #120]	@ 0x78
10000372:	4798      	blx	r3
10000374:	465b      	mov	r3, fp
10000376:	681a      	ldr	r2, [r3, #0]
10000378:	4643      	mov	r3, r8
1000037a:	40a3      	lsls	r3, r4
1000037c:	1992      	adds	r2, r2, r6
1000037e:	6811      	ldr	r1, [r2, #0]
10000380:	400b      	ands	r3, r1
10000382:	6013      	str	r3, [r2, #0]
10000384:	2302      	movs	r3, #2
10000386:	4698      	mov	r8, r3
10000388:	422b      	tst	r3, r5
1000038a:	d00a      	beq.n	100003a2 <_ZN2tp8gpio_isrEv+0x96>
1000038c:	4653      	mov	r3, sl
1000038e:	681b      	ldr	r3, [r3, #0]
10000390:	4798      	blx	r3
10000392:	465b      	mov	r3, fp
10000394:	681a      	ldr	r2, [r3, #0]
10000396:	4643      	mov	r3, r8
10000398:	40a3      	lsls	r3, r4
1000039a:	1992      	adds	r2, r2, r6
1000039c:	6811      	ldr	r1, [r2, #0]
1000039e:	400b      	ands	r3, r1
100003a0:	6013      	str	r3, [r2, #0]
100003a2:	2301      	movs	r3, #1
100003a4:	4698      	mov	r8, r3
100003a6:	422b      	tst	r3, r5
100003a8:	d00a      	beq.n	100003c0 <_ZN2tp8gpio_isrEv+0xb4>
100003aa:	4653      	mov	r3, sl
100003ac:	6f9b      	ldr	r3, [r3, #120]	@ 0x78
100003ae:	4798      	blx	r3
100003b0:	4b0e      	ldr	r3, [pc, #56]	@ (100003ec <_ZN2tp8gpio_isrEv+0xe0>)
100003b2:	681a      	ldr	r2, [r3, #0]
100003b4:	4643      	mov	r3, r8
100003b6:	40a3      	lsls	r3, r4
100003b8:	1992      	adds	r2, r2, r6
100003ba:	6811      	ldr	r1, [r2, #0]
100003bc:	400b      	ands	r3, r1
100003be:	6013      	str	r3, [r2, #0]
100003c0:	2304      	movs	r3, #4
100003c2:	469c      	mov	ip, r3
100003c4:	3701      	adds	r7, #1
100003c6:	44e1      	add	r9, ip
100003c8:	44e2      	add	sl, ip
100003ca:	2f1e      	cmp	r7, #30
100003cc:	d1b4      	bne.n	10000338 <_ZN2tp8gpio_isrEv+0x2c>
100003ce:	b003      	add	sp, #12
100003d0:	bcf0      	pop	{r4, r5, r6, r7}
100003d2:	46bb      	mov	fp, r7
100003d4:	46b2      	mov	sl, r6
100003d6:	46a9      	mov	r9, r5
100003d8:	46a0      	mov	r8, r4
100003da:	bdf0      	pop	{r4, r5, r6, r7, pc}
100003dc:	4b04      	ldr	r3, [pc, #16]	@ (100003f0 <_ZN2tp8gpio_isrEv+0xe4>)
100003de:	681b      	ldr	r3, [r3, #0]
100003e0:	9301      	str	r3, [sp, #4]
100003e2:	e7a1      	b.n	10000328 <_ZN2tp8gpio_isrEv+0x1c>
100003e4:	10004f70 	.word	0x10004f70
100003e8:	20001080 	.word	0x20001080
100003ec:	10004f74 	.word	0x10004f74
100003f0:	10004f6c 	.word	0x10004f6c

100003f4 <_GLOBAL__sub_I__Z11default_isrv>:
100003f4:	4a76      	ldr	r2, [pc, #472]	@ (100005d0 <_GLOBAL__sub_I__Z11default_isrv+0x1dc>)
100003f6:	4b77      	ldr	r3, [pc, #476]	@ (100005d4 <_GLOBAL__sub_I__Z11default_isrv+0x1e0>)
100003f8:	0011      	movs	r1, r2
100003fa:	3180      	adds	r1, #128	@ 0x80
100003fc:	6013      	str	r3, [r2, #0]
100003fe:	6053      	str	r3, [r2, #4]
10000400:	6093      	str	r3, [r2, #8]
10000402:	60d3      	str	r3, [r2, #12]
10000404:	6113      	str	r3, [r2, #16]
10000406:	6153      	str	r3, [r2, #20]
10000408:	6193      	str	r3, [r2, #24]
1000040a:	61d3      	str	r3, [r2, #28]
1000040c:	6213      	str	r3, [r2, #32]
1000040e:	6253      	str	r3, [r2, #36]	@ 0x24
10000410:	6293      	str	r3, [r2, #40]	@ 0x28
10000412:	62d3      	str	r3, [r2, #44]	@ 0x2c
10000414:	6313      	str	r3, [r2, #48]	@ 0x30
10000416:	6353      	str	r3, [r2, #52]	@ 0x34
10000418:	6393      	str	r3, [r2, #56]	@ 0x38
1000041a:	63d3      	str	r3, [r2, #60]	@ 0x3c
1000041c:	6413      	str	r3, [r2, #64]	@ 0x40
1000041e:	6453      	str	r3, [r2, #68]	@ 0x44
10000420:	6493      	str	r3, [r2, #72]	@ 0x48
10000422:	64d3      	str	r3, [r2, #76]	@ 0x4c
10000424:	6513      	str	r3, [r2, #80]	@ 0x50
10000426:	6553      	str	r3, [r2, #84]	@ 0x54
10000428:	6593      	str	r3, [r2, #88]	@ 0x58
1000042a:	65d3      	str	r3, [r2, #92]	@ 0x5c
1000042c:	6613      	str	r3, [r2, #96]	@ 0x60
1000042e:	6653      	str	r3, [r2, #100]	@ 0x64
10000430:	6693      	str	r3, [r2, #104]	@ 0x68
10000432:	66d3      	str	r3, [r2, #108]	@ 0x6c
10000434:	6713      	str	r3, [r2, #112]	@ 0x70
10000436:	6753      	str	r3, [r2, #116]	@ 0x74
10000438:	6793      	str	r3, [r2, #120]	@ 0x78
1000043a:	604b      	str	r3, [r1, #4]
1000043c:	67d3      	str	r3, [r2, #124]	@ 0x7c
1000043e:	600b      	str	r3, [r1, #0]
10000440:	0011      	movs	r1, r2
10000442:	3188      	adds	r1, #136	@ 0x88
10000444:	600b      	str	r3, [r1, #0]
10000446:	604b      	str	r3, [r1, #4]
10000448:	0011      	movs	r1, r2
1000044a:	3190      	adds	r1, #144	@ 0x90
1000044c:	600b      	str	r3, [r1, #0]
1000044e:	604b      	str	r3, [r1, #4]
10000450:	0011      	movs	r1, r2
10000452:	3198      	adds	r1, #152	@ 0x98
10000454:	600b      	str	r3, [r1, #0]
10000456:	604b      	str	r3, [r1, #4]
10000458:	0011      	movs	r1, r2
1000045a:	31a0      	adds	r1, #160	@ 0xa0
1000045c:	600b      	str	r3, [r1, #0]
1000045e:	604b      	str	r3, [r1, #4]
10000460:	0011      	movs	r1, r2
10000462:	31a8      	adds	r1, #168	@ 0xa8
10000464:	600b      	str	r3, [r1, #0]
10000466:	604b      	str	r3, [r1, #4]
10000468:	0011      	movs	r1, r2
1000046a:	31b0      	adds	r1, #176	@ 0xb0
1000046c:	600b      	str	r3, [r1, #0]
1000046e:	604b      	str	r3, [r1, #4]
10000470:	0011      	movs	r1, r2
10000472:	31b8      	adds	r1, #184	@ 0xb8
10000474:	600b      	str	r3, [r1, #0]
10000476:	604b      	str	r3, [r1, #4]
10000478:	0011      	movs	r1, r2
1000047a:	31c0      	adds	r1, #192	@ 0xc0
1000047c:	600b      	str	r3, [r1, #0]
1000047e:	604b      	str	r3, [r1, #4]
10000480:	0011      	movs	r1, r2
10000482:	31c8      	adds	r1, #200	@ 0xc8
10000484:	600b      	str	r3, [r1, #0]
10000486:	604b      	str	r3, [r1, #4]
10000488:	0011      	movs	r1, r2
1000048a:	31d0      	adds	r1, #208	@ 0xd0
1000048c:	600b      	str	r3, [r1, #0]
1000048e:	604b      	str	r3, [r1, #4]
10000490:	0011      	movs	r1, r2
10000492:	31d8      	adds	r1, #216	@ 0xd8
10000494:	600b      	str	r3, [r1, #0]
10000496:	604b      	str	r3, [r1, #4]
10000498:	0011      	movs	r1, r2
1000049a:	31e0      	adds	r1, #224	@ 0xe0
1000049c:	600b      	str	r3, [r1, #0]
1000049e:	604b      	str	r3, [r1, #4]
100004a0:	0011      	movs	r1, r2
100004a2:	31e8      	adds	r1, #232	@ 0xe8
100004a4:	600b      	str	r3, [r1, #0]
100004a6:	604b      	str	r3, [r1, #4]
100004a8:	0011      	movs	r1, r2
100004aa:	31f0      	adds	r1, #240	@ 0xf0
100004ac:	600b      	str	r3, [r1, #0]
100004ae:	604b      	str	r3, [r1, #4]
100004b0:	0011      	movs	r1, r2
100004b2:	31f8      	adds	r1, #248	@ 0xf8
100004b4:	600b      	str	r3, [r1, #0]
100004b6:	604b      	str	r3, [r1, #4]
100004b8:	1c51      	adds	r1, r2, #1
100004ba:	31ff      	adds	r1, #255	@ 0xff
100004bc:	600b      	str	r3, [r1, #0]
100004be:	604b      	str	r3, [r1, #4]
100004c0:	0011      	movs	r1, r2
100004c2:	3109      	adds	r1, #9
100004c4:	31ff      	adds	r1, #255	@ 0xff
100004c6:	600b      	str	r3, [r1, #0]
100004c8:	604b      	str	r3, [r1, #4]
100004ca:	0011      	movs	r1, r2
100004cc:	3111      	adds	r1, #17
100004ce:	31ff      	adds	r1, #255	@ 0xff
100004d0:	600b      	str	r3, [r1, #0]
100004d2:	604b      	str	r3, [r1, #4]
100004d4:	0011      	movs	r1, r2
100004d6:	3119      	adds	r1, #25
100004d8:	31ff      	adds	r1, #255	@ 0xff
100004da:	600b      	str	r3, [r1, #0]
100004dc:	604b      	str	r3, [r1, #4]
100004de:	0011      	movs	r1, r2
100004e0:	3121      	adds	r1, #33	@ 0x21
100004e2:	31ff      	adds	r1, #255	@ 0xff
100004e4:	600b      	str	r3, [r1, #0]
100004e6:	604b      	str	r3, [r1, #4]
100004e8:	0011      	movs	r1, r2
100004ea:	3129      	adds	r1, #41	@ 0x29
100004ec:	31ff      	adds	r1, #255	@ 0xff
100004ee:	600b      	str	r3, [r1, #0]
100004f0:	604b      	str	r3, [r1, #4]
100004f2:	0011      	movs	r1, r2
100004f4:	3131      	adds	r1, #49	@ 0x31
100004f6:	31ff      	adds	r1, #255	@ 0xff
100004f8:	600b      	str	r3, [r1, #0]
100004fa:	604b      	str	r3, [r1, #4]
100004fc:	0011      	movs	r1, r2
100004fe:	3139      	adds	r1, #57	@ 0x39
10000500:	31ff      	adds	r1, #255	@ 0xff
10000502:	600b      	str	r3, [r1, #0]
10000504:	604b      	str	r3, [r1, #4]
10000506:	0011      	movs	r1, r2
10000508:	3141      	adds	r1, #65	@ 0x41
1000050a:	31ff      	adds	r1, #255	@ 0xff
1000050c:	600b      	str	r3, [r1, #0]
1000050e:	604b      	str	r3, [r1, #4]
10000510:	0011      	movs	r1, r2
10000512:	3149      	adds	r1, #73	@ 0x49
10000514:	31ff      	adds	r1, #255	@ 0xff
10000516:	600b      	str	r3, [r1, #0]
10000518:	604b      	str	r3, [r1, #4]
1000051a:	0011      	movs	r1, r2
1000051c:	3151      	adds	r1, #81	@ 0x51
1000051e:	31ff      	adds	r1, #255	@ 0xff
10000520:	600b      	str	r3, [r1, #0]
10000522:	604b      	str	r3, [r1, #4]
10000524:	0011      	movs	r1, r2
10000526:	3159      	adds	r1, #89	@ 0x59
10000528:	31ff      	adds	r1, #255	@ 0xff
1000052a:	600b      	str	r3, [r1, #0]
1000052c:	604b      	str	r3, [r1, #4]
1000052e:	0011      	movs	r1, r2
10000530:	3161      	adds	r1, #97	@ 0x61
10000532:	31ff      	adds	r1, #255	@ 0xff
10000534:	600b      	str	r3, [r1, #0]
10000536:	604b      	str	r3, [r1, #4]
10000538:	0011      	movs	r1, r2
1000053a:	3169      	adds	r1, #105	@ 0x69
1000053c:	31ff      	adds	r1, #255	@ 0xff
1000053e:	600b      	str	r3, [r1, #0]
10000540:	604b      	str	r3, [r1, #4]
10000542:	0011      	movs	r1, r2
10000544:	3171      	adds	r1, #113	@ 0x71
10000546:	31ff      	adds	r1, #255	@ 0xff
10000548:	600b      	str	r3, [r1, #0]
1000054a:	604b      	str	r3, [r1, #4]
1000054c:	0011      	movs	r1, r2
1000054e:	3179      	adds	r1, #121	@ 0x79
10000550:	31ff      	adds	r1, #255	@ 0xff
10000552:	600b      	str	r3, [r1, #0]
10000554:	604b      	str	r3, [r1, #4]
10000556:	0011      	movs	r1, r2
10000558:	3181      	adds	r1, #129	@ 0x81
1000055a:	31ff      	adds	r1, #255	@ 0xff
1000055c:	600b      	str	r3, [r1, #0]
1000055e:	604b      	str	r3, [r1, #4]
10000560:	0011      	movs	r1, r2
10000562:	3189      	adds	r1, #137	@ 0x89
10000564:	31ff      	adds	r1, #255	@ 0xff
10000566:	600b      	str	r3, [r1, #0]
10000568:	604b      	str	r3, [r1, #4]
1000056a:	0011      	movs	r1, r2
1000056c:	3191      	adds	r1, #145	@ 0x91
1000056e:	31ff      	adds	r1, #255	@ 0xff
10000570:	600b      	str	r3, [r1, #0]
10000572:	604b      	str	r3, [r1, #4]
10000574:	0011      	movs	r1, r2
10000576:	3199      	adds	r1, #153	@ 0x99
10000578:	31ff      	adds	r1, #255	@ 0xff
1000057a:	600b      	str	r3, [r1, #0]
1000057c:	604b      	str	r3, [r1, #4]
1000057e:	0011      	movs	r1, r2
10000580:	31a1      	adds	r1, #161	@ 0xa1
10000582:	31ff      	adds	r1, #255	@ 0xff
10000584:	600b      	str	r3, [r1, #0]
10000586:	604b      	str	r3, [r1, #4]
10000588:	0011      	movs	r1, r2
1000058a:	31a9      	adds	r1, #169	@ 0xa9
1000058c:	31ff      	adds	r1, #255	@ 0xff
1000058e:	600b      	str	r3, [r1, #0]
10000590:	604b      	str	r3, [r1, #4]
10000592:	0011      	movs	r1, r2
10000594:	31b1      	adds	r1, #177	@ 0xb1
10000596:	31ff      	adds	r1, #255	@ 0xff
10000598:	600b      	str	r3, [r1, #0]
1000059a:	604b      	str	r3, [r1, #4]
1000059c:	0011      	movs	r1, r2
1000059e:	31b9      	adds	r1, #185	@ 0xb9
100005a0:	31ff      	adds	r1, #255	@ 0xff
100005a2:	600b      	str	r3, [r1, #0]
100005a4:	604b      	str	r3, [r1, #4]
100005a6:	0011      	movs	r1, r2
100005a8:	31c1      	adds	r1, #193	@ 0xc1
100005aa:	31ff      	adds	r1, #255	@ 0xff
100005ac:	600b      	str	r3, [r1, #0]
100005ae:	604b      	str	r3, [r1, #4]
100005b0:	0011      	movs	r1, r2
100005b2:	31c9      	adds	r1, #201	@ 0xc9
100005b4:	31ff      	adds	r1, #255	@ 0xff
100005b6:	600b      	str	r3, [r1, #0]
100005b8:	604b      	str	r3, [r1, #4]
100005ba:	0011      	movs	r1, r2
100005bc:	32d9      	adds	r2, #217	@ 0xd9
100005be:	31d1      	adds	r1, #209	@ 0xd1
100005c0:	31ff      	adds	r1, #255	@ 0xff
100005c2:	32ff      	adds	r2, #255	@ 0xff
100005c4:	604b      	str	r3, [r1, #4]
100005c6:	600b      	str	r3, [r1, #0]
100005c8:	6013      	str	r3, [r2, #0]
100005ca:	6053      	str	r3, [r2, #4]
100005cc:	4770      	bx	lr
100005ce:	46c0      	nop			@ (mov r8, r8)
100005d0:	20001080 	.word	0x20001080
100005d4:	10000309 	.word	0x10000309

100005d8 <_ZN2tp4nvic21set_exception_handlerENS0_12hw_exceptionEPFvvE>:
100005d8:	227f      	movs	r2, #127	@ 0x7f
100005da:	4b03      	ldr	r3, [pc, #12]	@ (100005e8 <_ZN2tp4nvic21set_exception_handlerENS0_12hw_exceptionEPFvvE+0x10>)
100005dc:	0080      	lsls	r0, r0, #2
100005de:	681b      	ldr	r3, [r3, #0]
100005e0:	4393      	bics	r3, r2
100005e2:	50c1      	str	r1, [r0, r3]
100005e4:	4770      	bx	lr
100005e6:	46c0      	nop			@ (mov r8, r8)
100005e8:	e000ed08 	.word	0xe000ed08

100005ec <_ZN2tp4nvic16enable_interruptENS0_9interruptE>:
100005ec:	2201      	movs	r2, #1
100005ee:	4082      	lsls	r2, r0
100005f0:	4902      	ldr	r1, [pc, #8]	@ (100005fc <_ZN2tp4nvic16enable_interruptENS0_9interruptE+0x10>)
100005f2:	680b      	ldr	r3, [r1, #0]
100005f4:	4313      	orrs	r3, r2
100005f6:	600b      	str	r3, [r1, #0]
100005f8:	4770      	bx	lr
100005fa:	46c0      	nop			@ (mov r8, r8)
100005fc:	e000e100 	.word	0xe000e100

10000600 <_ZN2tp4nvic10assign_isrENS0_9interruptEPFvvE>:
10000600:	227f      	movs	r2, #127	@ 0x7f
10000602:	4b03      	ldr	r3, [pc, #12]	@ (10000610 <_ZN2tp4nvic10assign_isrENS0_9interruptEPFvvE+0x10>)
10000604:	0080      	lsls	r0, r0, #2
10000606:	681b      	ldr	r3, [r3, #0]
10000608:	4393      	bics	r3, r2
1000060a:	18c0      	adds	r0, r0, r3
1000060c:	6401      	str	r1, [r0, #64]	@ 0x40
1000060e:	4770      	bx	lr
10000610:	e000ed08 	.word	0xe000ed08

10000614 <_ZN2tp6system25systick_exception_handlerEv>:
10000614:	4b06      	ldr	r3, [pc, #24]	@ (10000630 <_ZN2tp6system25systick_exception_handlerEv+0x1c>)
10000616:	4807      	ldr	r0, [pc, #28]	@ (10000634 <_ZN2tp6system25systick_exception_handlerEv+0x20>)
10000618:	6819      	ldr	r1, [r3, #0]
1000061a:	2300      	movs	r3, #0
1000061c:	0209      	lsls	r1, r1, #8
1000061e:	0a0a      	lsrs	r2, r1, #8
10000620:	b530      	push	{r4, r5, lr}
10000622:	6804      	ldr	r4, [r0, #0]
10000624:	6845      	ldr	r5, [r0, #4]
10000626:	1912      	adds	r2, r2, r4
10000628:	416b      	adcs	r3, r5
1000062a:	6002      	str	r2, [r0, #0]
1000062c:	6043      	str	r3, [r0, #4]
1000062e:	bd30      	pop	{r4, r5, pc}
10000630:	e000e014 	.word	0xe000e014
10000634:	20001078 	.word	0x20001078

10000638 <_ZN2tp6systemC1Ev>:
10000638:	b510      	push	{r4, lr}
1000063a:	b082      	sub	sp, #8
1000063c:	0004      	movs	r4, r0
1000063e:	f001 fde5 	bl	1000220c <stdio_init_all>
10000642:	490b      	ldr	r1, [pc, #44]	@ (10000670 <_ZN2tp6systemC1Ev+0x38>)
10000644:	200d      	movs	r0, #13
10000646:	f7ff ffdb 	bl	10000600 <_ZN2tp4nvic10assign_isrENS0_9interruptEPFvvE>
1000064a:	200d      	movs	r0, #13
1000064c:	f7ff ffce 	bl	100005ec <_ZN2tp4nvic16enable_interruptENS0_9interruptE>
10000650:	200f      	movs	r0, #15
10000652:	4908      	ldr	r1, [pc, #32]	@ (10000674 <_ZN2tp6systemC1Ev+0x3c>)
10000654:	f7ff ffc0 	bl	100005d8 <_ZN2tp4nvic21set_exception_handlerENS0_12hw_exceptionEPFvvE>
10000658:	2103      	movs	r1, #3
1000065a:	4a07      	ldr	r2, [pc, #28]	@ (10000678 <_ZN2tp6systemC1Ev+0x40>)
1000065c:	a801      	add	r0, sp, #4
1000065e:	6813      	ldr	r3, [r2, #0]
10000660:	430b      	orrs	r3, r1
10000662:	6013      	str	r3, [r2, #0]
10000664:	f7ff fe44 	bl	100002f0 <_ZN2tp6system5clockC1Ev>
10000668:	0020      	movs	r0, r4
1000066a:	b002      	add	sp, #8
1000066c:	bd10      	pop	{r4, pc}
1000066e:	46c0      	nop			@ (mov r8, r8)
10000670:	1000030d 	.word	0x1000030d
10000674:	10000615 	.word	0x10000615
10000678:	e000e010 	.word	0xe000e010

1000067c <_ZN2tp6system11get_core_idEv>:
1000067c:	23d0      	movs	r3, #208	@ 0xd0
1000067e:	061b      	lsls	r3, r3, #24
10000680:	6818      	ldr	r0, [r3, #0]
10000682:	4770      	bx	lr

10000684 <_ZN2tp6system7wait_msEm>:
10000684:	0143      	lsls	r3, r0, #5
10000686:	1a1b      	subs	r3, r3, r0
10000688:	009b      	lsls	r3, r3, #2
1000068a:	181b      	adds	r3, r3, r0
1000068c:	00db      	lsls	r3, r3, #3
1000068e:	b5f0      	push	{r4, r5, r6, r7, lr}
10000690:	4657      	mov	r7, sl
10000692:	469a      	mov	sl, r3
10000694:	4b27      	ldr	r3, [pc, #156]	@ (10000734 <_ZN2tp6system7wait_msEm+0xb0>)
10000696:	464e      	mov	r6, r9
10000698:	6819      	ldr	r1, [r3, #0]
1000069a:	469c      	mov	ip, r3
1000069c:	2300      	movs	r3, #0
1000069e:	0209      	lsls	r1, r1, #8
100006a0:	0a0a      	lsrs	r2, r1, #8
100006a2:	4925      	ldr	r1, [pc, #148]	@ (10000738 <_ZN2tp6system7wait_msEm+0xb4>)
100006a4:	4645      	mov	r5, r8
100006a6:	4689      	mov	r9, r1
100006a8:	6808      	ldr	r0, [r1, #0]
100006aa:	6849      	ldr	r1, [r1, #4]
100006ac:	1880      	adds	r0, r0, r2
100006ae:	4159      	adcs	r1, r3
100006b0:	4b22      	ldr	r3, [pc, #136]	@ (1000073c <_ZN2tp6system7wait_msEm+0xb8>)
100006b2:	46de      	mov	lr, fp
100006b4:	4698      	mov	r8, r3
100006b6:	681b      	ldr	r3, [r3, #0]
100006b8:	b5e0      	push	{r5, r6, r7, lr}
100006ba:	021b      	lsls	r3, r3, #8
100006bc:	0a1a      	lsrs	r2, r3, #8
100006be:	2300      	movs	r3, #0
100006c0:	1a80      	subs	r0, r0, r2
100006c2:	4199      	sbcs	r1, r3
100006c4:	0002      	movs	r2, r0
100006c6:	000b      	movs	r3, r1
100006c8:	b085      	sub	sp, #20
100006ca:	9202      	str	r2, [sp, #8]
100006cc:	9303      	str	r3, [sp, #12]
100006ce:	9802      	ldr	r0, [sp, #8]
100006d0:	9903      	ldr	r1, [sp, #12]
100006d2:	1a12      	subs	r2, r2, r0
100006d4:	418b      	sbcs	r3, r1
100006d6:	2100      	movs	r1, #0
100006d8:	4299      	cmp	r1, r3
100006da:	d123      	bne.n	10000724 <_ZN2tp6system7wait_msEm+0xa0>
100006dc:	4592      	cmp	sl, r2
100006de:	d921      	bls.n	10000724 <_ZN2tp6system7wait_msEm+0xa0>
100006e0:	9a02      	ldr	r2, [sp, #8]
100006e2:	9b03      	ldr	r3, [sp, #12]
100006e4:	9202      	str	r2, [sp, #8]
100006e6:	9303      	str	r3, [sp, #12]
100006e8:	9802      	ldr	r0, [sp, #8]
100006ea:	9903      	ldr	r1, [sp, #12]
100006ec:	464b      	mov	r3, r9
100006ee:	681a      	ldr	r2, [r3, #0]
100006f0:	685b      	ldr	r3, [r3, #4]
100006f2:	1a12      	subs	r2, r2, r0
100006f4:	418b      	sbcs	r3, r1
100006f6:	0019      	movs	r1, r3
100006f8:	4663      	mov	r3, ip
100006fa:	0010      	movs	r0, r2
100006fc:	681b      	ldr	r3, [r3, #0]
100006fe:	2700      	movs	r7, #0
10000700:	021b      	lsls	r3, r3, #8
10000702:	0a1e      	lsrs	r6, r3, #8
10000704:	0002      	movs	r2, r0
10000706:	000b      	movs	r3, r1
10000708:	4641      	mov	r1, r8
1000070a:	1992      	adds	r2, r2, r6
1000070c:	417b      	adcs	r3, r7
1000070e:	2500      	movs	r5, #0
10000710:	6809      	ldr	r1, [r1, #0]
10000712:	0209      	lsls	r1, r1, #8
10000714:	0a0c      	lsrs	r4, r1, #8
10000716:	1b12      	subs	r2, r2, r4
10000718:	41ab      	sbcs	r3, r5
1000071a:	2100      	movs	r1, #0
1000071c:	4299      	cmp	r1, r3
1000071e:	d101      	bne.n	10000724 <_ZN2tp6system7wait_msEm+0xa0>
10000720:	4592      	cmp	sl, r2
10000722:	d8dd      	bhi.n	100006e0 <_ZN2tp6system7wait_msEm+0x5c>
10000724:	b005      	add	sp, #20
10000726:	bcf0      	pop	{r4, r5, r6, r7}
10000728:	46bb      	mov	fp, r7
1000072a:	46b2      	mov	sl, r6
1000072c:	46a9      	mov	r9, r5
1000072e:	46a0      	mov	r8, r4
10000730:	bdf0      	pop	{r4, r5, r6, r7, pc}
10000732:	46c0      	nop			@ (mov r8, r8)
10000734:	e000e014 	.word	0xe000e014
10000738:	20001078 	.word	0x20001078
1000073c:	e000e018 	.word	0xe000e018

10000740 <_GLOBAL__sub_I__ZN2tp6system15reset_registers5resetE>:
10000740:	b510      	push	{r4, lr}
10000742:	4802      	ldr	r0, [pc, #8]	@ (1000074c <_GLOBAL__sub_I__ZN2tp6system15reset_registers5resetE+0xc>)
10000744:	f7ff ff78 	bl	10000638 <_ZN2tp6systemC1Ev>
10000748:	bd10      	pop	{r4, pc}
1000074a:	46c0      	nop			@ (mov r8, r8)
1000074c:	20001620 	.word	0x20001620

10000750 <gpio_set_function>:
10000750:	4a09      	ldr	r2, [pc, #36]	@ (10000778 <gpio_set_function+0x28>)
10000752:	0083      	lsls	r3, r0, #2
10000754:	189a      	adds	r2, r3, r2
10000756:	b510      	push	{r4, lr}
10000758:	6814      	ldr	r4, [r2, #0]
1000075a:	2240      	movs	r2, #64	@ 0x40
1000075c:	4054      	eors	r4, r2
1000075e:	3280      	adds	r2, #128	@ 0x80
10000760:	4022      	ands	r2, r4
10000762:	4c06      	ldr	r4, [pc, #24]	@ (1000077c <gpio_set_function+0x2c>)
10000764:	00c0      	lsls	r0, r0, #3
10000766:	46a4      	mov	ip, r4
10000768:	4463      	add	r3, ip
1000076a:	601a      	str	r2, [r3, #0]
1000076c:	4b04      	ldr	r3, [pc, #16]	@ (10000780 <gpio_set_function+0x30>)
1000076e:	469c      	mov	ip, r3
10000770:	4460      	add	r0, ip
10000772:	6041      	str	r1, [r0, #4]
10000774:	bd10      	pop	{r4, pc}
10000776:	46c0      	nop			@ (mov r8, r8)
10000778:	4001c004 	.word	0x4001c004
1000077c:	4001d004 	.word	0x4001d004
10000780:	40014000 	.word	0x40014000

10000784 <rp2040_chip_version>:
10000784:	2380      	movs	r3, #128	@ 0x80
10000786:	05db      	lsls	r3, r3, #23
10000788:	6818      	ldr	r0, [r3, #0]
1000078a:	0f00      	lsrs	r0, r0, #28
1000078c:	4770      	bx	lr
1000078e:	46c0      	nop			@ (mov r8, r8)

10000790 <panic>:
10000790:	b40f      	push	{r0, r1, r2, r3}
10000792:	b500      	push	{lr}
10000794:	4808      	ldr	r0, [pc, #32]	@ (100007b8 <panic+0x28>)
10000796:	b083      	sub	sp, #12
10000798:	f001 fd8a 	bl	100022b0 <__wrap_puts>
1000079c:	9b04      	ldr	r3, [sp, #16]
1000079e:	2b00      	cmp	r3, #0
100007a0:	d007      	beq.n	100007b2 <panic+0x22>
100007a2:	a905      	add	r1, sp, #20
100007a4:	0018      	movs	r0, r3
100007a6:	9101      	str	r1, [sp, #4]
100007a8:	f001 fc06 	bl	10001fb8 <weak_raw_vprintf>
100007ac:	4803      	ldr	r0, [pc, #12]	@ (100007bc <panic+0x2c>)
100007ae:	f001 fd7f 	bl	100022b0 <__wrap_puts>
100007b2:	2001      	movs	r0, #1
100007b4:	f001 fc18 	bl	10001fe8 <_exit>
100007b8:	10004de8 	.word	0x10004de8
100007bc:	10004df8 	.word	0x10004df8

100007c0 <hw_claim_or_assert>:
100007c0:	b570      	push	{r4, r5, r6, lr}
100007c2:	f3ef 8c10 	mrs	ip, PRIMASK
100007c6:	b672      	cpsid	i
100007c8:	4d0d      	ldr	r5, [pc, #52]	@ (10000800 <hw_claim_or_assert+0x40>)
100007ca:	682b      	ldr	r3, [r5, #0]
100007cc:	2b00      	cmp	r3, #0
100007ce:	d0fc      	beq.n	100007ca <hw_claim_or_assert+0xa>
100007d0:	f3bf 8f5f 	dmb	sy
100007d4:	2407      	movs	r4, #7
100007d6:	08cb      	lsrs	r3, r1, #3
100007d8:	18c6      	adds	r6, r0, r3
100007da:	5cc0      	ldrb	r0, [r0, r3]
100007dc:	2301      	movs	r3, #1
100007de:	400c      	ands	r4, r1
100007e0:	40a3      	lsls	r3, r4
100007e2:	001c      	movs	r4, r3
100007e4:	4004      	ands	r4, r0
100007e6:	4203      	tst	r3, r0
100007e8:	d107      	bne.n	100007fa <hw_claim_or_assert+0x3a>
100007ea:	4318      	orrs	r0, r3
100007ec:	7030      	strb	r0, [r6, #0]
100007ee:	f3bf 8f5f 	dmb	sy
100007f2:	602c      	str	r4, [r5, #0]
100007f4:	f38c 8810 	msr	PRIMASK, ip
100007f8:	bd70      	pop	{r4, r5, r6, pc}
100007fa:	0010      	movs	r0, r2
100007fc:	f7ff ffc8 	bl	10000790 <panic>
10000800:	d000012c 	.word	0xd000012c

10000804 <hw_claim_unused_from_range>:
10000804:	b5f8      	push	{r3, r4, r5, r6, r7, lr}
10000806:	4647      	mov	r7, r8
10000808:	46ce      	mov	lr, r9
1000080a:	4688      	mov	r8, r1
1000080c:	b580      	push	{r7, lr}
1000080e:	f3ef 8c10 	mrs	ip, PRIMASK
10000812:	b672      	cpsid	i
10000814:	4d1c      	ldr	r5, [pc, #112]	@ (10000888 <hw_claim_unused_from_range+0x84>)
10000816:	682c      	ldr	r4, [r5, #0]
10000818:	2c00      	cmp	r4, #0
1000081a:	d0fc      	beq.n	10000816 <hw_claim_unused_from_range+0x12>
1000081c:	f3bf 8f5f 	dmb	sy
10000820:	429a      	cmp	r2, r3
10000822:	d822      	bhi.n	1000086a <hw_claim_unused_from_range+0x66>
10000824:	2107      	movs	r1, #7
10000826:	2601      	movs	r6, #1
10000828:	4689      	mov	r9, r1
1000082a:	e002      	b.n	10000832 <hw_claim_unused_from_range+0x2e>
1000082c:	3201      	adds	r2, #1
1000082e:	4293      	cmp	r3, r2
10000830:	d318      	bcc.n	10000864 <hw_claim_unused_from_range+0x60>
10000832:	464d      	mov	r5, r9
10000834:	0037      	movs	r7, r6
10000836:	4015      	ands	r5, r2
10000838:	40af      	lsls	r7, r5
1000083a:	08d4      	lsrs	r4, r2, #3
1000083c:	1901      	adds	r1, r0, r4
1000083e:	5d04      	ldrb	r4, [r0, r4]
10000840:	4227      	tst	r7, r4
10000842:	d1f3      	bne.n	1000082c <hw_claim_unused_from_range+0x28>
10000844:	0010      	movs	r0, r2
10000846:	433c      	orrs	r4, r7
10000848:	700c      	strb	r4, [r1, #0]
1000084a:	f3bf 8f5f 	dmb	sy
1000084e:	2200      	movs	r2, #0
10000850:	4b0d      	ldr	r3, [pc, #52]	@ (10000888 <hw_claim_unused_from_range+0x84>)
10000852:	601a      	str	r2, [r3, #0]
10000854:	f38c 8810 	msr	PRIMASK, ip
10000858:	2800      	cmp	r0, #0
1000085a:	db0e      	blt.n	1000087a <hw_claim_unused_from_range+0x76>
1000085c:	bcc0      	pop	{r6, r7}
1000085e:	46b9      	mov	r9, r7
10000860:	46b0      	mov	r8, r6
10000862:	bdf8      	pop	{r3, r4, r5, r6, r7, pc}
10000864:	2001      	movs	r0, #1
10000866:	4240      	negs	r0, r0
10000868:	e7ef      	b.n	1000084a <hw_claim_unused_from_range+0x46>
1000086a:	f3bf 8f5f 	dmb	sy
1000086e:	2300      	movs	r3, #0
10000870:	602b      	str	r3, [r5, #0]
10000872:	f38c 8810 	msr	PRIMASK, ip
10000876:	2001      	movs	r0, #1
10000878:	4240      	negs	r0, r0
1000087a:	4643      	mov	r3, r8
1000087c:	2b00      	cmp	r3, #0
1000087e:	d0ed      	beq.n	1000085c <hw_claim_unused_from_range+0x58>
10000880:	9808      	ldr	r0, [sp, #32]
10000882:	f7ff ff85 	bl	10000790 <panic>
10000886:	46c0      	nop			@ (mov r8, r8)
10000888:	d000012c 	.word	0xd000012c

1000088c <next_striped_spin_lock_num>:
1000088c:	4a04      	ldr	r2, [pc, #16]	@ (100008a0 <next_striped_spin_lock_num+0x14>)
1000088e:	7810      	ldrb	r0, [r2, #0]
10000890:	1c43      	adds	r3, r0, #1
10000892:	b2db      	uxtb	r3, r3
10000894:	2b17      	cmp	r3, #23
10000896:	d900      	bls.n	1000089a <next_striped_spin_lock_num+0xe>
10000898:	2310      	movs	r3, #16
1000089a:	7013      	strb	r3, [r2, #0]
1000089c:	4770      	bx	lr
1000089e:	46c0      	nop			@ (mov r8, r8)
100008a0:	20000f98 	.word	0x20000f98

100008a4 <spin_lock_claim_unused>:
100008a4:	b510      	push	{r4, lr}
100008a6:	4b06      	ldr	r3, [pc, #24]	@ (100008c0 <spin_lock_claim_unused+0x1c>)
100008a8:	4c06      	ldr	r4, [pc, #24]	@ (100008c4 <spin_lock_claim_unused+0x20>)
100008aa:	b082      	sub	sp, #8
100008ac:	0001      	movs	r1, r0
100008ae:	9300      	str	r3, [sp, #0]
100008b0:	2218      	movs	r2, #24
100008b2:	231f      	movs	r3, #31
100008b4:	0020      	movs	r0, r4
100008b6:	f7ff ffa5 	bl	10000804 <hw_claim_unused_from_range>
100008ba:	b002      	add	sp, #8
100008bc:	bd10      	pop	{r4, pc}
100008be:	46c0      	nop			@ (mov r8, r8)
100008c0:	10004dfc 	.word	0x10004dfc
100008c4:	20001ccc 	.word	0x20001ccc

100008c8 <spin_locks_reset>:
100008c8:	2100      	movs	r1, #0
100008ca:	4b04      	ldr	r3, [pc, #16]	@ (100008dc <spin_locks_reset+0x14>)
100008cc:	4a04      	ldr	r2, [pc, #16]	@ (100008e0 <spin_locks_reset+0x18>)
100008ce:	f3bf 8f5f 	dmb	sy
100008d2:	c302      	stmia	r3!, {r1}
100008d4:	4293      	cmp	r3, r2
100008d6:	d1fa      	bne.n	100008ce <spin_locks_reset+0x6>
100008d8:	4770      	bx	lr
100008da:	46c0      	nop			@ (mov r8, r8)
100008dc:	d0000100 	.word	0xd0000100
100008e0:	d0000180 	.word	0xd0000180

100008e4 <runtime_init_per_core_irq_priorities>:
100008e4:	4b05      	ldr	r3, [pc, #20]	@ (100008fc <runtime_init_per_core_irq_priorities+0x18>)
100008e6:	4a06      	ldr	r2, [pc, #24]	@ (10000900 <runtime_init_per_core_irq_priorities+0x1c>)
100008e8:	6013      	str	r3, [r2, #0]
100008ea:	4a06      	ldr	r2, [pc, #24]	@ (10000904 <runtime_init_per_core_irq_priorities+0x20>)
100008ec:	6013      	str	r3, [r2, #0]
100008ee:	6053      	str	r3, [r2, #4]
100008f0:	6093      	str	r3, [r2, #8]
100008f2:	60d3      	str	r3, [r2, #12]
100008f4:	6113      	str	r3, [r2, #16]
100008f6:	6153      	str	r3, [r2, #20]
100008f8:	6193      	str	r3, [r2, #24]
100008fa:	4770      	bx	lr
100008fc:	80808080 	.word	0x80808080
10000900:	e000e400 	.word	0xe000e400
10000904:	e000e404 	.word	0xe000e404

10000908 <irq_set_enabled>:
10000908:	231f      	movs	r3, #31
1000090a:	4018      	ands	r0, r3
1000090c:	3b1e      	subs	r3, #30
1000090e:	4083      	lsls	r3, r0
10000910:	2900      	cmp	r1, #0
10000912:	d005      	beq.n	10000920 <irq_set_enabled+0x18>
10000914:	21c0      	movs	r1, #192	@ 0xc0
10000916:	4a04      	ldr	r2, [pc, #16]	@ (10000928 <irq_set_enabled+0x20>)
10000918:	0049      	lsls	r1, r1, #1
1000091a:	5053      	str	r3, [r2, r1]
1000091c:	6013      	str	r3, [r2, #0]
1000091e:	4770      	bx	lr
10000920:	2280      	movs	r2, #128	@ 0x80
10000922:	4901      	ldr	r1, [pc, #4]	@ (10000928 <irq_set_enabled+0x20>)
10000924:	508b      	str	r3, [r1, r2]
10000926:	e7fa      	b.n	1000091e <irq_set_enabled+0x16>
10000928:	e000e100 	.word	0xe000e100

1000092c <irq_is_enabled>:
1000092c:	2201      	movs	r2, #1
1000092e:	4082      	lsls	r2, r0
10000930:	4b03      	ldr	r3, [pc, #12]	@ (10000940 <irq_is_enabled+0x14>)
10000932:	681b      	ldr	r3, [r3, #0]
10000934:	4013      	ands	r3, r2
10000936:	1e5a      	subs	r2, r3, #1
10000938:	4193      	sbcs	r3, r2
1000093a:	b2d8      	uxtb	r0, r3
1000093c:	4770      	bx	lr
1000093e:	46c0      	nop			@ (mov r8, r8)
10000940:	e000e100 	.word	0xe000e100

10000944 <irq_set_pending>:
10000944:	2301      	movs	r3, #1
10000946:	4083      	lsls	r3, r0
10000948:	4a01      	ldr	r2, [pc, #4]	@ (10000950 <irq_set_pending+0xc>)
1000094a:	6013      	str	r3, [r2, #0]
1000094c:	4770      	bx	lr
1000094e:	46c0      	nop			@ (mov r8, r8)
10000950:	e000e200 	.word	0xe000e200

10000954 <irq_has_shared_handler>:
10000954:	4b06      	ldr	r3, [pc, #24]	@ (10000970 <irq_has_shared_handler+0x1c>)
10000956:	3010      	adds	r0, #16
10000958:	689b      	ldr	r3, [r3, #8]
1000095a:	0080      	lsls	r0, r0, #2
1000095c:	58c3      	ldr	r3, [r0, r3]
1000095e:	4a05      	ldr	r2, [pc, #20]	@ (10000974 <irq_has_shared_handler+0x20>)
10000960:	2000      	movs	r0, #0
10000962:	1a9b      	subs	r3, r3, r2
10000964:	222f      	movs	r2, #47	@ 0x2f
10000966:	429a      	cmp	r2, r3
10000968:	4140      	adcs	r0, r0
1000096a:	b2c0      	uxtb	r0, r0
1000096c:	4770      	bx	lr
1000096e:	46c0      	nop			@ (mov r8, r8)
10000970:	e000ed00 	.word	0xe000ed00
10000974:	20000f9c 	.word	0x20000f9c

10000978 <irq_set_exclusive_handler>:
10000978:	b570      	push	{r4, r5, r6, lr}
1000097a:	000d      	movs	r5, r1
1000097c:	f3ef 8610 	mrs	r6, PRIMASK
10000980:	b672      	cpsid	i
10000982:	4a0f      	ldr	r2, [pc, #60]	@ (100009c0 <irq_set_exclusive_handler+0x48>)
10000984:	6813      	ldr	r3, [r2, #0]
10000986:	2b00      	cmp	r3, #0
10000988:	d0fc      	beq.n	10000984 <irq_set_exclusive_handler+0xc>
1000098a:	f3bf 8f5f 	dmb	sy
1000098e:	4b0d      	ldr	r3, [pc, #52]	@ (100009c4 <irq_set_exclusive_handler+0x4c>)
10000990:	3010      	adds	r0, #16
10000992:	689b      	ldr	r3, [r3, #8]
10000994:	0084      	lsls	r4, r0, #2
10000996:	591b      	ldr	r3, [r3, r4]
10000998:	4a0b      	ldr	r2, [pc, #44]	@ (100009c8 <irq_set_exclusive_handler+0x50>)
1000099a:	4293      	cmp	r3, r2
1000099c:	d003      	beq.n	100009a6 <irq_set_exclusive_handler+0x2e>
1000099e:	429d      	cmp	r5, r3
100009a0:	d001      	beq.n	100009a6 <irq_set_exclusive_handler+0x2e>
100009a2:	f001 f91f 	bl	10001be4 <hard_assertion_failure>
100009a6:	4b07      	ldr	r3, [pc, #28]	@ (100009c4 <irq_set_exclusive_handler+0x4c>)
100009a8:	689b      	ldr	r3, [r3, #8]
100009aa:	511d      	str	r5, [r3, r4]
100009ac:	f3bf 8f5f 	dmb	sy
100009b0:	f3bf 8f5f 	dmb	sy
100009b4:	2200      	movs	r2, #0
100009b6:	4b02      	ldr	r3, [pc, #8]	@ (100009c0 <irq_set_exclusive_handler+0x48>)
100009b8:	601a      	str	r2, [r3, #0]
100009ba:	f386 8810 	msr	PRIMASK, r6
100009be:	bd70      	pop	{r4, r5, r6, pc}
100009c0:	d0000124 	.word	0xd0000124
100009c4:	e000ed00 	.word	0xe000ed00
100009c8:	100001cd 	.word	0x100001cd

100009cc <irq_add_shared_handler>:
100009cc:	b5f0      	push	{r4, r5, r6, r7, lr}
100009ce:	4657      	mov	r7, sl
100009d0:	464e      	mov	r6, r9
100009d2:	46de      	mov	lr, fp
100009d4:	4645      	mov	r5, r8
100009d6:	b5e0      	push	{r5, r6, r7, lr}
100009d8:	b085      	sub	sp, #20
100009da:	0006      	movs	r6, r0
100009dc:	9100      	str	r1, [sp, #0]
100009de:	0017      	movs	r7, r2
100009e0:	f3ef 8b10 	mrs	fp, PRIMASK
100009e4:	b672      	cpsid	i
100009e6:	4a6a      	ldr	r2, [pc, #424]	@ (10000b90 <irq_add_shared_handler+0x1c4>)
100009e8:	6813      	ldr	r3, [r2, #0]
100009ea:	2b00      	cmp	r3, #0
100009ec:	d0fc      	beq.n	100009e8 <irq_add_shared_handler+0x1c>
100009ee:	f3bf 8f5f 	dmb	sy
100009f2:	2500      	movs	r5, #0
100009f4:	4b67      	ldr	r3, [pc, #412]	@ (10000b94 <irq_add_shared_handler+0x1c8>)
100009f6:	575d      	ldrsb	r5, [r3, r5]
100009f8:	469a      	mov	sl, r3
100009fa:	2d00      	cmp	r5, #0
100009fc:	da00      	bge.n	10000a00 <irq_add_shared_handler+0x34>
100009fe:	e0a9      	b.n	10000b54 <irq_add_shared_handler+0x188>
10000a00:	006b      	lsls	r3, r5, #1
10000a02:	4c65      	ldr	r4, [pc, #404]	@ (10000b98 <irq_add_shared_handler+0x1cc>)
10000a04:	9301      	str	r3, [sp, #4]
10000a06:	195b      	adds	r3, r3, r5
10000a08:	009b      	lsls	r3, r3, #2
10000a0a:	4698      	mov	r8, r3
10000a0c:	46a1      	mov	r9, r4
10000a0e:	44c1      	add	r9, r8
10000a10:	464b      	mov	r3, r9
10000a12:	4652      	mov	r2, sl
10000a14:	799b      	ldrb	r3, [r3, #6]
10000a16:	3610      	adds	r6, #16
10000a18:	7013      	strb	r3, [r2, #0]
10000a1a:	4b60      	ldr	r3, [pc, #384]	@ (10000b9c <irq_add_shared_handler+0x1d0>)
10000a1c:	00b6      	lsls	r6, r6, #2
10000a1e:	689b      	ldr	r3, [r3, #8]
10000a20:	5999      	ldr	r1, [r3, r6]
10000a22:	1b0b      	subs	r3, r1, r4
10000a24:	2b2f      	cmp	r3, #47	@ 0x2f
10000a26:	d933      	bls.n	10000a90 <irq_add_shared_handler+0xc4>
10000a28:	4b5d      	ldr	r3, [pc, #372]	@ (10000ba0 <irq_add_shared_handler+0x1d4>)
10000a2a:	4299      	cmp	r1, r3
10000a2c:	d000      	beq.n	10000a30 <irq_add_shared_handler+0x64>
10000a2e:	e0ac      	b.n	10000b8a <irq_add_shared_handler+0x1be>
10000a30:	9b01      	ldr	r3, [sp, #4]
10000a32:	4642      	mov	r2, r8
10000a34:	469c      	mov	ip, r3
10000a36:	4b5b      	ldr	r3, [pc, #364]	@ (10000ba4 <irq_add_shared_handler+0x1d8>)
10000a38:	4465      	add	r5, ip
10000a3a:	00ad      	lsls	r5, r5, #2
10000a3c:	5363      	strh	r3, [r4, r5]
10000a3e:	4b5a      	ldr	r3, [pc, #360]	@ (10000ba8 <irq_add_shared_handler+0x1dc>)
10000a40:	3202      	adds	r2, #2
10000a42:	18a2      	adds	r2, r4, r2
10000a44:	3b04      	subs	r3, #4
10000a46:	1a9b      	subs	r3, r3, r2
10000a48:	051b      	lsls	r3, r3, #20
10000a4a:	4a58      	ldr	r2, [pc, #352]	@ (10000bac <irq_add_shared_handler+0x1e0>)
10000a4c:	0d5b      	lsrs	r3, r3, #21
10000a4e:	1965      	adds	r5, r4, r5
10000a50:	4313      	orrs	r3, r2
10000a52:	806b      	strh	r3, [r5, #2]
10000a54:	4b56      	ldr	r3, [pc, #344]	@ (10000bb0 <irq_add_shared_handler+0x1e4>)
10000a56:	2101      	movs	r1, #1
10000a58:	80ab      	strh	r3, [r5, #4]
10000a5a:	23ff      	movs	r3, #255	@ 0xff
10000a5c:	71ab      	strb	r3, [r5, #6]
10000a5e:	9b00      	ldr	r3, [sp, #0]
10000a60:	71ef      	strb	r7, [r5, #7]
10000a62:	60ab      	str	r3, [r5, #8]
10000a64:	464b      	mov	r3, r9
10000a66:	430b      	orrs	r3, r1
10000a68:	0019      	movs	r1, r3
10000a6a:	4b4c      	ldr	r3, [pc, #304]	@ (10000b9c <irq_add_shared_handler+0x1d0>)
10000a6c:	689b      	ldr	r3, [r3, #8]
10000a6e:	5199      	str	r1, [r3, r6]
10000a70:	f3bf 8f5f 	dmb	sy
10000a74:	f3bf 8f5f 	dmb	sy
10000a78:	2200      	movs	r2, #0
10000a7a:	4b45      	ldr	r3, [pc, #276]	@ (10000b90 <irq_add_shared_handler+0x1c4>)
10000a7c:	601a      	str	r2, [r3, #0]
10000a7e:	f38b 8810 	msr	PRIMASK, fp
10000a82:	b005      	add	sp, #20
10000a84:	bcf0      	pop	{r4, r5, r6, r7}
10000a86:	46bb      	mov	fp, r7
10000a88:	46b2      	mov	sl, r6
10000a8a:	46a9      	mov	r9, r5
10000a8c:	46a0      	mov	r8, r4
10000a8e:	bdf0      	pop	{r4, r5, r6, r7, pc}
10000a90:	2001      	movs	r0, #1
10000a92:	000a      	movs	r2, r1
10000a94:	4382      	bics	r2, r0
10000a96:	79d3      	ldrb	r3, [r2, #7]
10000a98:	468c      	mov	ip, r1
10000a9a:	42bb      	cmp	r3, r7
10000a9c:	d831      	bhi.n	10000b02 <irq_add_shared_handler+0x136>
10000a9e:	4645      	mov	r5, r8
10000aa0:	0013      	movs	r3, r2
10000aa2:	4944      	ldr	r1, [pc, #272]	@ (10000bb4 <irq_add_shared_handler+0x1e8>)
10000aa4:	1b1b      	subs	r3, r3, r4
10000aa6:	415b      	adcs	r3, r3
10000aa8:	4359      	muls	r1, r3
10000aaa:	0d09      	lsrs	r1, r1, #20
10000aac:	4b3d      	ldr	r3, [pc, #244]	@ (10000ba4 <irq_add_shared_handler+0x1d8>)
10000aae:	5363      	strh	r3, [r4, r5]
10000ab0:	4b3d      	ldr	r3, [pc, #244]	@ (10000ba8 <irq_add_shared_handler+0x1dc>)
10000ab2:	3502      	adds	r5, #2
10000ab4:	1965      	adds	r5, r4, r5
10000ab6:	3b04      	subs	r3, #4
10000ab8:	1b5b      	subs	r3, r3, r5
10000aba:	051b      	lsls	r3, r3, #20
10000abc:	4d3b      	ldr	r5, [pc, #236]	@ (10000bac <irq_add_shared_handler+0x1e0>)
10000abe:	0d5b      	lsrs	r3, r3, #21
10000ac0:	432b      	orrs	r3, r5
10000ac2:	46aa      	mov	sl, r5
10000ac4:	464d      	mov	r5, r9
10000ac6:	806b      	strh	r3, [r5, #2]
10000ac8:	2504      	movs	r5, #4
10000aca:	46ac      	mov	ip, r5
10000acc:	4655      	mov	r5, sl
10000ace:	44e0      	add	r8, ip
10000ad0:	1f13      	subs	r3, r2, #4
10000ad2:	4444      	add	r4, r8
10000ad4:	1b1b      	subs	r3, r3, r4
10000ad6:	051b      	lsls	r3, r3, #20
10000ad8:	0d5b      	lsrs	r3, r3, #21
10000ada:	431d      	orrs	r5, r3
10000adc:	464b      	mov	r3, r9
10000ade:	7199      	strb	r1, [r3, #6]
10000ae0:	9900      	ldr	r1, [sp, #0]
10000ae2:	809d      	strh	r5, [r3, #4]
10000ae4:	6099      	str	r1, [r3, #8]
10000ae6:	4649      	mov	r1, r9
10000ae8:	71df      	strb	r7, [r3, #7]
10000aea:	4b33      	ldr	r3, [pc, #204]	@ (10000bb8 <irq_add_shared_handler+0x1ec>)
10000aec:	4301      	orrs	r1, r0
10000aee:	6013      	str	r3, [r2, #0]
10000af0:	e7bb      	b.n	10000a6a <irq_add_shared_handler+0x9e>
10000af2:	0058      	lsls	r0, r3, #1
10000af4:	18c0      	adds	r0, r0, r3
10000af6:	0080      	lsls	r0, r0, #2
10000af8:	1820      	adds	r0, r4, r0
10000afa:	79c1      	ldrb	r1, [r0, #7]
10000afc:	42b9      	cmp	r1, r7
10000afe:	d92f      	bls.n	10000b60 <irq_add_shared_handler+0x194>
10000b00:	0002      	movs	r2, r0
10000b02:	2306      	movs	r3, #6
10000b04:	56d3      	ldrsb	r3, [r2, r3]
10000b06:	2b00      	cmp	r3, #0
10000b08:	daf3      	bge.n	10000af2 <irq_add_shared_handler+0x126>
10000b0a:	9302      	str	r3, [sp, #8]
10000b0c:	4b2b      	ldr	r3, [pc, #172]	@ (10000bbc <irq_add_shared_handler+0x1f0>)
10000b0e:	4661      	mov	r1, ip
10000b10:	9303      	str	r3, [sp, #12]
10000b12:	1d13      	adds	r3, r2, #4
10000b14:	469a      	mov	sl, r3
10000b16:	2304      	movs	r3, #4
10000b18:	425b      	negs	r3, r3
10000b1a:	469c      	mov	ip, r3
10000b1c:	44e1      	add	r9, ip
10000b1e:	4650      	mov	r0, sl
10000b20:	464b      	mov	r3, r9
10000b22:	1a1b      	subs	r3, r3, r0
10000b24:	051b      	lsls	r3, r3, #20
10000b26:	0d5b      	lsrs	r3, r3, #21
10000b28:	469c      	mov	ip, r3
10000b2a:	4b20      	ldr	r3, [pc, #128]	@ (10000bac <irq_add_shared_handler+0x1e0>)
10000b2c:	7195      	strb	r5, [r2, #6]
10000b2e:	4698      	mov	r8, r3
10000b30:	4663      	mov	r3, ip
10000b32:	4640      	mov	r0, r8
10000b34:	4303      	orrs	r3, r0
10000b36:	8093      	strh	r3, [r2, #4]
10000b38:	9b01      	ldr	r3, [sp, #4]
10000b3a:	195a      	adds	r2, r3, r5
10000b3c:	0092      	lsls	r2, r2, #2
10000b3e:	9b03      	ldr	r3, [sp, #12]
10000b40:	18a4      	adds	r4, r4, r2
10000b42:	80a3      	strh	r3, [r4, #4]
10000b44:	9b02      	ldr	r3, [sp, #8]
10000b46:	4a1c      	ldr	r2, [pc, #112]	@ (10000bb8 <irq_add_shared_handler+0x1ec>)
10000b48:	71a3      	strb	r3, [r4, #6]
10000b4a:	9b00      	ldr	r3, [sp, #0]
10000b4c:	6022      	str	r2, [r4, #0]
10000b4e:	71e7      	strb	r7, [r4, #7]
10000b50:	60a3      	str	r3, [r4, #8]
10000b52:	e78a      	b.n	10000a6a <irq_add_shared_handler+0x9e>
10000b54:	f001 f846 	bl	10001be4 <hard_assertion_failure>
10000b58:	2500      	movs	r5, #0
10000b5a:	4653      	mov	r3, sl
10000b5c:	575d      	ldrsb	r5, [r3, r5]
10000b5e:	e74f      	b.n	10000a00 <irq_add_shared_handler+0x34>
10000b60:	8890      	ldrh	r0, [r2, #4]
10000b62:	9302      	str	r3, [sp, #8]
10000b64:	0540      	lsls	r0, r0, #21
10000b66:	1d13      	adds	r3, r2, #4
10000b68:	469a      	mov	sl, r3
10000b6a:	1503      	asrs	r3, r0, #20
10000b6c:	4661      	mov	r1, ip
10000b6e:	469c      	mov	ip, r3
10000b70:	4640      	mov	r0, r8
10000b72:	44d4      	add	ip, sl
10000b74:	4663      	mov	r3, ip
10000b76:	3004      	adds	r0, #4
10000b78:	1820      	adds	r0, r4, r0
10000b7a:	1a18      	subs	r0, r3, r0
10000b7c:	23e0      	movs	r3, #224	@ 0xe0
10000b7e:	0500      	lsls	r0, r0, #20
10000b80:	0d40      	lsrs	r0, r0, #21
10000b82:	021b      	lsls	r3, r3, #8
10000b84:	4318      	orrs	r0, r3
10000b86:	9003      	str	r0, [sp, #12]
10000b88:	e7c5      	b.n	10000b16 <irq_add_shared_handler+0x14a>
10000b8a:	f001 f82b 	bl	10001be4 <hard_assertion_failure>
10000b8e:	e74f      	b.n	10000a30 <irq_add_shared_handler+0x64>
10000b90:	d0000124 	.word	0xd0000124
10000b94:	200021a1 	.word	0x200021a1
10000b98:	20000f9c 	.word	0x20000f9c
10000b9c:	e000ed00 	.word	0xe000ed00
10000ba0:	100001cd 	.word	0x100001cd
10000ba4:	ffffa100 	.word	0xffffa100
10000ba8:	20000fcc 	.word	0x20000fcc
10000bac:	ffffe000 	.word	0xffffe000
10000bb0:	ffffbd01 	.word	0xffffbd01
10000bb4:	0000aaaa 	.word	0x0000aaaa
10000bb8:	47804801 	.word	0x47804801
10000bbc:	0000bd01 	.word	0x0000bd01

10000bc0 <irq_remove_handler>:
10000bc0:	b5f0      	push	{r4, r5, r6, r7, lr}
10000bc2:	46de      	mov	lr, fp
10000bc4:	4657      	mov	r7, sl
10000bc6:	464e      	mov	r6, r9
10000bc8:	4645      	mov	r5, r8
10000bca:	b5e0      	push	{r5, r6, r7, lr}
10000bcc:	000c      	movs	r4, r1
10000bce:	b083      	sub	sp, #12
10000bd0:	f3ef 8810 	mrs	r8, PRIMASK
10000bd4:	b672      	cpsid	i
10000bd6:	4a63      	ldr	r2, [pc, #396]	@ (10000d64 <irq_remove_handler+0x1a4>)
10000bd8:	6813      	ldr	r3, [r2, #0]
10000bda:	2b00      	cmp	r3, #0
10000bdc:	d0fc      	beq.n	10000bd8 <irq_remove_handler+0x18>
10000bde:	f3bf 8f5f 	dmb	sy
10000be2:	4b61      	ldr	r3, [pc, #388]	@ (10000d68 <irq_remove_handler+0x1a8>)
10000be4:	4961      	ldr	r1, [pc, #388]	@ (10000d6c <irq_remove_handler+0x1ac>)
10000be6:	689a      	ldr	r2, [r3, #8]
10000be8:	0003      	movs	r3, r0
10000bea:	3310      	adds	r3, #16
10000bec:	009f      	lsls	r7, r3, #2
10000bee:	59d5      	ldr	r5, [r2, r7]
10000bf0:	9301      	str	r3, [sp, #4]
10000bf2:	428d      	cmp	r5, r1
10000bf4:	d043      	beq.n	10000c7e <irq_remove_handler+0xbe>
10000bf6:	42a5      	cmp	r5, r4
10000bf8:	d054      	beq.n	10000ca4 <irq_remove_handler+0xe4>
10000bfa:	4e5d      	ldr	r6, [pc, #372]	@ (10000d70 <irq_remove_handler+0x1b0>)
10000bfc:	1baa      	subs	r2, r5, r6
10000bfe:	2a2f      	cmp	r2, #47	@ 0x2f
10000c00:	d83d      	bhi.n	10000c7e <irq_remove_handler+0xbe>
10000c02:	4b5c      	ldr	r3, [pc, #368]	@ (10000d74 <irq_remove_handler+0x1b4>)
10000c04:	469b      	mov	fp, r3
10000c06:	681b      	ldr	r3, [r3, #0]
10000c08:	4699      	mov	r9, r3
10000c0a:	2301      	movs	r3, #1
10000c0c:	001a      	movs	r2, r3
10000c0e:	469c      	mov	ip, r3
10000c10:	4082      	lsls	r2, r0
10000c12:	464b      	mov	r3, r9
10000c14:	4013      	ands	r3, r2
10000c16:	221f      	movs	r2, #31
10000c18:	4699      	mov	r9, r3
10000c1a:	4663      	mov	r3, ip
10000c1c:	4002      	ands	r2, r0
10000c1e:	4093      	lsls	r3, r2
10000c20:	469a      	mov	sl, r3
10000c22:	2280      	movs	r2, #128	@ 0x80
10000c24:	465b      	mov	r3, fp
10000c26:	4650      	mov	r0, sl
10000c28:	5098      	str	r0, [r3, r2]
10000c2a:	f3bf 8f5f 	dmb	sy
10000c2e:	f3ef 8305 	mrs	r3, IPSR
10000c32:	469b      	mov	fp, r3
10000c34:	2b00      	cmp	r3, #0
10000c36:	d037      	beq.n	10000ca8 <irq_remove_handler+0xe8>
10000c38:	9b01      	ldr	r3, [sp, #4]
10000c3a:	455b      	cmp	r3, fp
10000c3c:	d001      	beq.n	10000c42 <irq_remove_handler+0x82>
10000c3e:	f000 ffd1 	bl	10001be4 <hard_assertion_failure>
10000c42:	2301      	movs	r3, #1
10000c44:	002a      	movs	r2, r5
10000c46:	439a      	bics	r2, r3
10000c48:	6890      	ldr	r0, [r2, #8]
10000c4a:	4284      	cmp	r4, r0
10000c4c:	d108      	bne.n	10000c60 <irq_remove_handler+0xa0>
10000c4e:	e076      	b.n	10000d3e <irq_remove_handler+0x17e>
10000c50:	004b      	lsls	r3, r1, #1
10000c52:	185b      	adds	r3, r3, r1
10000c54:	009b      	lsls	r3, r3, #2
10000c56:	18f3      	adds	r3, r6, r3
10000c58:	6898      	ldr	r0, [r3, #8]
10000c5a:	4284      	cmp	r4, r0
10000c5c:	d036      	beq.n	10000ccc <irq_remove_handler+0x10c>
10000c5e:	001a      	movs	r2, r3
10000c60:	2106      	movs	r1, #6
10000c62:	5651      	ldrsb	r1, [r2, r1]
10000c64:	2900      	cmp	r1, #0
10000c66:	daf3      	bge.n	10000c50 <irq_remove_handler+0x90>
10000c68:	4284      	cmp	r4, r0
10000c6a:	d054      	beq.n	10000d16 <irq_remove_handler+0x156>
10000c6c:	464b      	mov	r3, r9
10000c6e:	2b00      	cmp	r3, #0
10000c70:	d027      	beq.n	10000cc2 <irq_remove_handler+0x102>
10000c72:	22c0      	movs	r2, #192	@ 0xc0
10000c74:	4651      	mov	r1, sl
10000c76:	4b3f      	ldr	r3, [pc, #252]	@ (10000d74 <irq_remove_handler+0x1b4>)
10000c78:	0052      	lsls	r2, r2, #1
10000c7a:	5099      	str	r1, [r3, r2]
10000c7c:	6019      	str	r1, [r3, #0]
10000c7e:	4b3a      	ldr	r3, [pc, #232]	@ (10000d68 <irq_remove_handler+0x1a8>)
10000c80:	689b      	ldr	r3, [r3, #8]
10000c82:	51dd      	str	r5, [r3, r7]
10000c84:	f3bf 8f5f 	dmb	sy
10000c88:	f3bf 8f5f 	dmb	sy
10000c8c:	2200      	movs	r2, #0
10000c8e:	4b35      	ldr	r3, [pc, #212]	@ (10000d64 <irq_remove_handler+0x1a4>)
10000c90:	601a      	str	r2, [r3, #0]
10000c92:	f388 8810 	msr	PRIMASK, r8
10000c96:	b003      	add	sp, #12
10000c98:	bcf0      	pop	{r4, r5, r6, r7}
10000c9a:	46bb      	mov	fp, r7
10000c9c:	46b2      	mov	sl, r6
10000c9e:	46a9      	mov	r9, r5
10000ca0:	46a0      	mov	r8, r4
10000ca2:	bdf0      	pop	{r4, r5, r6, r7, pc}
10000ca4:	000d      	movs	r5, r1
10000ca6:	e7ea      	b.n	10000c7e <irq_remove_handler+0xbe>
10000ca8:	002a      	movs	r2, r5
10000caa:	4663      	mov	r3, ip
10000cac:	439a      	bics	r2, r3
10000cae:	6890      	ldr	r0, [r2, #8]
10000cb0:	4284      	cmp	r4, r0
10000cb2:	d1d5      	bne.n	10000c60 <irq_remove_handler+0xa0>
10000cb4:	2006      	movs	r0, #6
10000cb6:	5610      	ldrsb	r0, [r2, r0]
10000cb8:	0013      	movs	r3, r2
10000cba:	2800      	cmp	r0, #0
10000cbc:	da0a      	bge.n	10000cd4 <irq_remove_handler+0x114>
10000cbe:	000d      	movs	r5, r1
10000cc0:	e031      	b.n	10000d26 <irq_remove_handler+0x166>
10000cc2:	2380      	movs	r3, #128	@ 0x80
10000cc4:	4651      	mov	r1, sl
10000cc6:	4a2b      	ldr	r2, [pc, #172]	@ (10000d74 <irq_remove_handler+0x1b4>)
10000cc8:	50d1      	str	r1, [r2, r3]
10000cca:	e7d8      	b.n	10000c7e <irq_remove_handler+0xbe>
10000ccc:	2006      	movs	r0, #6
10000cce:	5618      	ldrsb	r0, [r3, r0]
10000cd0:	2800      	cmp	r0, #0
10000cd2:	db21      	blt.n	10000d18 <irq_remove_handler+0x158>
10000cd4:	0042      	lsls	r2, r0, #1
10000cd6:	1811      	adds	r1, r2, r0
10000cd8:	0089      	lsls	r1, r1, #2
10000cda:	1874      	adds	r4, r6, r1
10000cdc:	468b      	mov	fp, r1
10000cde:	68a1      	ldr	r1, [r4, #8]
10000ce0:	6099      	str	r1, [r3, #8]
10000ce2:	79e1      	ldrb	r1, [r4, #7]
10000ce4:	71d9      	strb	r1, [r3, #7]
10000ce6:	2106      	movs	r1, #6
10000ce8:	5661      	ldrsb	r1, [r4, r1]
10000cea:	7199      	strb	r1, [r3, #6]
10000cec:	2900      	cmp	r1, #0
10000cee:	db24      	blt.n	10000d3a <irq_remove_handler+0x17a>
10000cf0:	88a4      	ldrh	r4, [r4, #4]
10000cf2:	1af1      	subs	r1, r6, r3
10000cf4:	0564      	lsls	r4, r4, #21
10000cf6:	1524      	asrs	r4, r4, #20
10000cf8:	445c      	add	r4, fp
10000cfa:	1909      	adds	r1, r1, r4
10000cfc:	0509      	lsls	r1, r1, #20
10000cfe:	4c1e      	ldr	r4, [pc, #120]	@ (10000d78 <irq_remove_handler+0x1b8>)
10000d00:	0d49      	lsrs	r1, r1, #21
10000d02:	4321      	orrs	r1, r4
10000d04:	8099      	strh	r1, [r3, #4]
10000d06:	1813      	adds	r3, r2, r0
10000d08:	4a1c      	ldr	r2, [pc, #112]	@ (10000d7c <irq_remove_handler+0x1bc>)
10000d0a:	009b      	lsls	r3, r3, #2
10000d0c:	7811      	ldrb	r1, [r2, #0]
10000d0e:	18f3      	adds	r3, r6, r3
10000d10:	7199      	strb	r1, [r3, #6]
10000d12:	7010      	strb	r0, [r2, #0]
10000d14:	e7aa      	b.n	10000c6c <irq_remove_handler+0xac>
10000d16:	0013      	movs	r3, r2
10000d18:	4659      	mov	r1, fp
10000d1a:	2900      	cmp	r1, #0
10000d1c:	d114      	bne.n	10000d48 <irq_remove_handler+0x188>
10000d1e:	31ff      	adds	r1, #255	@ 0xff
10000d20:	7191      	strb	r1, [r2, #6]
10000d22:	4917      	ldr	r1, [pc, #92]	@ (10000d80 <irq_remove_handler+0x1c0>)
10000d24:	8091      	strh	r1, [r2, #4]
10000d26:	4915      	ldr	r1, [pc, #84]	@ (10000d7c <irq_remove_handler+0x1bc>)
10000d28:	780a      	ldrb	r2, [r1, #0]
10000d2a:	719a      	strb	r2, [r3, #6]
10000d2c:	4a15      	ldr	r2, [pc, #84]	@ (10000d84 <irq_remove_handler+0x1c4>)
10000d2e:	1b9b      	subs	r3, r3, r6
10000d30:	415b      	adcs	r3, r3
10000d32:	435a      	muls	r2, r3
10000d34:	0d12      	lsrs	r2, r2, #20
10000d36:	700a      	strb	r2, [r1, #0]
10000d38:	e798      	b.n	10000c6c <irq_remove_handler+0xac>
10000d3a:	4911      	ldr	r1, [pc, #68]	@ (10000d80 <irq_remove_handler+0x1c0>)
10000d3c:	e7e2      	b.n	10000d04 <irq_remove_handler+0x144>
10000d3e:	2006      	movs	r0, #6
10000d40:	5610      	ldrsb	r0, [r2, r0]
10000d42:	0013      	movs	r3, r2
10000d44:	2800      	cmp	r0, #0
10000d46:	dac5      	bge.n	10000cd4 <irq_remove_handler+0x114>
10000d48:	4a0f      	ldr	r2, [pc, #60]	@ (10000d88 <irq_remove_handler+0x1c8>)
10000d4a:	4910      	ldr	r1, [pc, #64]	@ (10000d8c <irq_remove_handler+0x1cc>)
10000d4c:	1ad2      	subs	r2, r2, r3
10000d4e:	3a08      	subs	r2, #8
10000d50:	0250      	lsls	r0, r2, #9
10000d52:	0d40      	lsrs	r0, r0, #21
10000d54:	4301      	orrs	r1, r0
10000d56:	8099      	strh	r1, [r3, #4]
10000d58:	490d      	ldr	r1, [pc, #52]	@ (10000d90 <irq_remove_handler+0x1d0>)
10000d5a:	0852      	lsrs	r2, r2, #1
10000d5c:	430a      	orrs	r2, r1
10000d5e:	80da      	strh	r2, [r3, #6]
10000d60:	e784      	b.n	10000c6c <irq_remove_handler+0xac>
10000d62:	46c0      	nop			@ (mov r8, r8)
10000d64:	d0000124 	.word	0xd0000124
10000d68:	e000ed00 	.word	0xe000ed00
10000d6c:	100001cd 	.word	0x100001cd
10000d70:	20000f9c 	.word	0x20000f9c
10000d74:	e000e100 	.word	0xe000e100
10000d78:	ffffe000 	.word	0xffffe000
10000d7c:	200021a1 	.word	0x200021a1
10000d80:	ffffbd01 	.word	0xffffbd01
10000d84:	0000aaaa 	.word	0x0000aaaa
10000d88:	20000fd6 	.word	0x20000fd6
10000d8c:	fffff000 	.word	0xfffff000
10000d90:	fffff800 	.word	0xfffff800

10000d94 <irq_add_tail_to_free_list>:
10000d94:	b570      	push	{r4, r5, r6, lr}
10000d96:	2401      	movs	r4, #1
10000d98:	4304      	orrs	r4, r0
10000d9a:	f3ef 8105 	mrs	r1, IPSR
10000d9e:	f3ef 8c10 	mrs	ip, PRIMASK
10000da2:	b672      	cpsid	i
10000da4:	4a21      	ldr	r2, [pc, #132]	@ (10000e2c <irq_add_tail_to_free_list+0x98>)
10000da6:	6813      	ldr	r3, [r2, #0]
10000da8:	2b00      	cmp	r3, #0
10000daa:	d0fc      	beq.n	10000da6 <irq_add_tail_to_free_list+0x12>
10000dac:	f3bf 8f5f 	dmb	sy
10000db0:	4b1f      	ldr	r3, [pc, #124]	@ (10000e30 <irq_add_tail_to_free_list+0x9c>)
10000db2:	0005      	movs	r5, r0
10000db4:	4a1f      	ldr	r2, [pc, #124]	@ (10000e34 <irq_add_tail_to_free_list+0xa0>)
10000db6:	1aed      	subs	r5, r5, r3
10000db8:	416d      	adcs	r5, r5
10000dba:	436a      	muls	r2, r5
10000dbc:	0d12      	lsrs	r2, r2, #20
10000dbe:	4d1e      	ldr	r5, [pc, #120]	@ (10000e38 <irq_add_tail_to_free_list+0xa4>)
10000dc0:	0089      	lsls	r1, r1, #2
10000dc2:	68ae      	ldr	r6, [r5, #8]
10000dc4:	b252      	sxtb	r2, r2
10000dc6:	5876      	ldr	r6, [r6, r1]
10000dc8:	42a6      	cmp	r6, r4
10000dca:	d01c      	beq.n	10000e06 <irq_add_tail_to_free_list+0x72>
10000dcc:	2106      	movs	r1, #6
10000dce:	5659      	ldrsb	r1, [r3, r1]
10000dd0:	4291      	cmp	r1, r2
10000dd2:	d01c      	beq.n	10000e0e <irq_add_tail_to_free_list+0x7a>
10000dd4:	2112      	movs	r1, #18
10000dd6:	5659      	ldrsb	r1, [r3, r1]
10000dd8:	4291      	cmp	r1, r2
10000dda:	d022      	beq.n	10000e22 <irq_add_tail_to_free_list+0x8e>
10000ddc:	211e      	movs	r1, #30
10000dde:	5659      	ldrsb	r1, [r3, r1]
10000de0:	4291      	cmp	r1, r2
10000de2:	d020      	beq.n	10000e26 <irq_add_tail_to_free_list+0x92>
10000de4:	212a      	movs	r1, #42	@ 0x2a
10000de6:	5659      	ldrsb	r1, [r3, r1]
10000de8:	2403      	movs	r4, #3
10000dea:	4291      	cmp	r1, r2
10000dec:	d010      	beq.n	10000e10 <irq_add_tail_to_free_list+0x7c>
10000dee:	4b13      	ldr	r3, [pc, #76]	@ (10000e3c <irq_add_tail_to_free_list+0xa8>)
10000df0:	7819      	ldrb	r1, [r3, #0]
10000df2:	701a      	strb	r2, [r3, #0]
10000df4:	7181      	strb	r1, [r0, #6]
10000df6:	f3bf 8f5f 	dmb	sy
10000dfa:	2200      	movs	r2, #0
10000dfc:	4b0b      	ldr	r3, [pc, #44]	@ (10000e2c <irq_add_tail_to_free_list+0x98>)
10000dfe:	601a      	str	r2, [r3, #0]
10000e00:	f38c 8810 	msr	PRIMASK, ip
10000e04:	bd70      	pop	{r4, r5, r6, pc}
10000e06:	68ab      	ldr	r3, [r5, #8]
10000e08:	4c0d      	ldr	r4, [pc, #52]	@ (10000e40 <irq_add_tail_to_free_list+0xac>)
10000e0a:	505c      	str	r4, [r3, r1]
10000e0c:	e7ef      	b.n	10000dee <irq_add_tail_to_free_list+0x5a>
10000e0e:	2400      	movs	r4, #0
10000e10:	0061      	lsls	r1, r4, #1
10000e12:	1909      	adds	r1, r1, r4
10000e14:	0089      	lsls	r1, r1, #2
10000e16:	185b      	adds	r3, r3, r1
10000e18:	21ff      	movs	r1, #255	@ 0xff
10000e1a:	7199      	strb	r1, [r3, #6]
10000e1c:	4909      	ldr	r1, [pc, #36]	@ (10000e44 <irq_add_tail_to_free_list+0xb0>)
10000e1e:	8099      	strh	r1, [r3, #4]
10000e20:	e7e5      	b.n	10000dee <irq_add_tail_to_free_list+0x5a>
10000e22:	2401      	movs	r4, #1
10000e24:	e7f4      	b.n	10000e10 <irq_add_tail_to_free_list+0x7c>
10000e26:	2402      	movs	r4, #2
10000e28:	e7f2      	b.n	10000e10 <irq_add_tail_to_free_list+0x7c>
10000e2a:	46c0      	nop			@ (mov r8, r8)
10000e2c:	d0000124 	.word	0xd0000124
10000e30:	20000f9c 	.word	0x20000f9c
10000e34:	0000aaaa 	.word	0x0000aaaa
10000e38:	e000ed00 	.word	0xe000ed00
10000e3c:	200021a1 	.word	0x200021a1
10000e40:	100001cd 	.word	0x100001cd
10000e44:	ffffbd01 	.word	0xffffbd01

10000e48 <user_irq_claim_unused>:
10000e48:	b510      	push	{r4, lr}
10000e4a:	4b08      	ldr	r3, [pc, #32]	@ (10000e6c <user_irq_claim_unused+0x24>)
10000e4c:	4c08      	ldr	r4, [pc, #32]	@ (10000e70 <user_irq_claim_unused+0x28>)
10000e4e:	b082      	sub	sp, #8
10000e50:	0001      	movs	r1, r0
10000e52:	9300      	str	r3, [sp, #0]
10000e54:	2200      	movs	r2, #0
10000e56:	2305      	movs	r3, #5
10000e58:	0020      	movs	r0, r4
10000e5a:	f7ff fcd3 	bl	10000804 <hw_claim_unused_from_range>
10000e5e:	2800      	cmp	r0, #0
10000e60:	db01      	blt.n	10000e66 <user_irq_claim_unused+0x1e>
10000e62:	231f      	movs	r3, #31
10000e64:	1a18      	subs	r0, r3, r0
10000e66:	b002      	add	sp, #8
10000e68:	bd10      	pop	{r4, pc}
10000e6a:	46c0      	nop			@ (mov r8, r8)
10000e6c:	10004e18 	.word	0x10004e18
10000e70:	200021a5 	.word	0x200021a5

10000e74 <lock_init>:
10000e74:	4b02      	ldr	r3, [pc, #8]	@ (10000e80 <lock_init+0xc>)
10000e76:	469c      	mov	ip, r3
10000e78:	4461      	add	r1, ip
10000e7a:	0089      	lsls	r1, r1, #2
10000e7c:	6001      	str	r1, [r0, #0]
10000e7e:	4770      	bx	lr
10000e80:	34000040 	.word	0x34000040

10000e84 <runtime_init_mutex>:
10000e84:	b570      	push	{r4, r5, r6, lr}
10000e86:	4c11      	ldr	r4, [pc, #68]	@ (10000ecc <runtime_init_mutex+0x48>)
10000e88:	4d11      	ldr	r5, [pc, #68]	@ (10000ed0 <runtime_init_mutex+0x4c>)
10000e8a:	42ac      	cmp	r4, r5
10000e8c:	d20f      	bcs.n	10000eae <runtime_init_mutex+0x2a>
10000e8e:	26ff      	movs	r6, #255	@ 0xff
10000e90:	6823      	ldr	r3, [r4, #0]
10000e92:	2b00      	cmp	r3, #0
10000e94:	d00c      	beq.n	10000eb0 <runtime_init_mutex+0x2c>
10000e96:	f7ff fcf9 	bl	1000088c <next_striped_spin_lock_num>
10000e9a:	0001      	movs	r1, r0
10000e9c:	0020      	movs	r0, r4
10000e9e:	f7ff ffe9 	bl	10000e74 <lock_init>
10000ea2:	80a6      	strh	r6, [r4, #4]
10000ea4:	f3bf 8f5f 	dmb	sy
10000ea8:	3408      	adds	r4, #8
10000eaa:	42ac      	cmp	r4, r5
10000eac:	d3f0      	bcc.n	10000e90 <runtime_init_mutex+0xc>
10000eae:	bd70      	pop	{r4, r5, r6, pc}
10000eb0:	f7ff fcec 	bl	1000088c <next_striped_spin_lock_num>
10000eb4:	0001      	movs	r1, r0
10000eb6:	0020      	movs	r0, r4
10000eb8:	f7ff ffdc 	bl	10000e74 <lock_init>
10000ebc:	7126      	strb	r6, [r4, #4]
10000ebe:	f3bf 8f5f 	dmb	sy
10000ec2:	3408      	adds	r4, #8
10000ec4:	42ac      	cmp	r4, r5
10000ec6:	d3e3      	bcc.n	10000e90 <runtime_init_mutex+0xc>
10000ec8:	e7f1      	b.n	10000eae <runtime_init_mutex+0x2a>
10000eca:	46c0      	nop			@ (mov r8, r8)
10000ecc:	20001070 	.word	0x20001070
10000ed0:	20001078 	.word	0x20001078

10000ed4 <mutex_init>:
10000ed4:	b510      	push	{r4, lr}
10000ed6:	0004      	movs	r4, r0
10000ed8:	f7ff fcd8 	bl	1000088c <next_striped_spin_lock_num>
10000edc:	0001      	movs	r1, r0
10000ede:	0020      	movs	r0, r4
10000ee0:	f7ff ffc8 	bl	10000e74 <lock_init>
10000ee4:	23ff      	movs	r3, #255	@ 0xff
10000ee6:	7123      	strb	r3, [r4, #4]
10000ee8:	f3bf 8f5f 	dmb	sy
10000eec:	bd10      	pop	{r4, pc}
10000eee:	46c0      	nop			@ (mov r8, r8)

10000ef0 <critical_section_init>:
10000ef0:	b510      	push	{r4, lr}
10000ef2:	0004      	movs	r4, r0
10000ef4:	2001      	movs	r0, #1
10000ef6:	f7ff fcd5 	bl	100008a4 <spin_lock_claim_unused>
10000efa:	4b03      	ldr	r3, [pc, #12]	@ (10000f08 <critical_section_init+0x18>)
10000efc:	18c3      	adds	r3, r0, r3
10000efe:	009b      	lsls	r3, r3, #2
10000f00:	6023      	str	r3, [r4, #0]
10000f02:	f3bf 8f5f 	dmb	sy
10000f06:	bd10      	pop	{r4, pc}
10000f08:	34000040 	.word	0x34000040

10000f0c <critical_section_init_with_lock_num>:
10000f0c:	4b03      	ldr	r3, [pc, #12]	@ (10000f1c <critical_section_init_with_lock_num+0x10>)
10000f0e:	469c      	mov	ip, r3
10000f10:	4461      	add	r1, ip
10000f12:	0089      	lsls	r1, r1, #2
10000f14:	6001      	str	r1, [r0, #0]
10000f16:	f3bf 8f5f 	dmb	sy
10000f1a:	4770      	bx	lr
10000f1c:	34000040 	.word	0x34000040

10000f20 <sleep_until_callback>:
10000f20:	4b0a      	ldr	r3, [pc, #40]	@ (10000f4c <sleep_until_callback+0x2c>)
10000f22:	6819      	ldr	r1, [r3, #0]
10000f24:	f3ef 8010 	mrs	r0, PRIMASK
10000f28:	b672      	cpsid	i
10000f2a:	680a      	ldr	r2, [r1, #0]
10000f2c:	2a00      	cmp	r2, #0
10000f2e:	d0fc      	beq.n	10000f2a <sleep_until_callback+0xa>
10000f30:	f3bf 8f5f 	dmb	sy
10000f34:	681b      	ldr	r3, [r3, #0]
10000f36:	f3bf 8f5f 	dmb	sy
10000f3a:	2200      	movs	r2, #0
10000f3c:	601a      	str	r2, [r3, #0]
10000f3e:	f380 8810 	msr	PRIMASK, r0
10000f42:	bf40      	sev
10000f44:	2000      	movs	r0, #0
10000f46:	2100      	movs	r1, #0
10000f48:	4770      	bx	lr
10000f4a:	46c0      	nop			@ (mov r8, r8)
10000f4c:	20002178 	.word	0x20002178

10000f50 <alarm_pool_irq_handler>:
10000f50:	b5f0      	push	{r4, r5, r6, r7, lr}
10000f52:	46de      	mov	lr, fp
10000f54:	4657      	mov	r7, sl
10000f56:	464e      	mov	r6, r9
10000f58:	4645      	mov	r5, r8
10000f5a:	b5e0      	push	{r5, r6, r7, lr}
10000f5c:	b087      	sub	sp, #28
10000f5e:	f3ef 8305 	mrs	r3, IPSR
10000f62:	2203      	movs	r2, #3
10000f64:	2501      	movs	r5, #1
10000f66:	401a      	ands	r2, r3
10000f68:	4095      	lsls	r5, r2
10000f6a:	0091      	lsls	r1, r2, #2
10000f6c:	4688      	mov	r8, r1
10000f6e:	46a9      	mov	r9, r5
10000f70:	4bb3      	ldr	r3, [pc, #716]	@ (10001240 <alarm_pool_irq_handler+0x2f0>)
10000f72:	9203      	str	r2, [sp, #12]
10000f74:	585c      	ldr	r4, [r3, r1]
10000f76:	4bb3      	ldr	r3, [pc, #716]	@ (10001244 <alarm_pool_irq_handler+0x2f4>)
10000f78:	601d      	str	r5, [r3, #0]
10000f7a:	4bb3      	ldr	r3, [pc, #716]	@ (10001248 <alarm_pool_irq_handler+0x2f8>)
10000f7c:	9304      	str	r3, [sp, #16]
10000f7e:	464b      	mov	r3, r9
10000f80:	48b2      	ldr	r0, [pc, #712]	@ (1000124c <alarm_pool_irq_handler+0x2fc>)
10000f82:	6343      	str	r3, [r0, #52]	@ 0x34
10000f84:	2308      	movs	r3, #8
10000f86:	5ee5      	ldrsh	r5, [r4, r3]
10000f88:	2d00      	cmp	r5, #0
10000f8a:	da37      	bge.n	10000ffc <alarm_pool_irq_handler+0xac>
10000f8c:	88a3      	ldrh	r3, [r4, #4]
10000f8e:	b21b      	sxth	r3, r3
10000f90:	2b00      	cmp	r3, #0
10000f92:	db00      	blt.n	10000f96 <alarm_pool_irq_handler+0x46>
10000f94:	e0ad      	b.n	100010f2 <alarm_pool_irq_handler+0x1a2>
10000f96:	79a3      	ldrb	r3, [r4, #6]
10000f98:	2b00      	cmp	r3, #0
10000f9a:	d000      	beq.n	10000f9e <alarm_pool_irq_handler+0x4e>
10000f9c:	e0ee      	b.n	1000117c <alarm_pool_irq_handler+0x22c>
10000f9e:	2308      	movs	r3, #8
10000fa0:	5ee0      	ldrsh	r0, [r4, r3]
10000fa2:	2800      	cmp	r0, #0
10000fa4:	db20      	blt.n	10000fe8 <alarm_pool_irq_handler+0x98>
10000fa6:	0043      	lsls	r3, r0, #1
10000fa8:	6962      	ldr	r2, [r4, #20]
10000faa:	181b      	adds	r3, r3, r0
10000fac:	00db      	lsls	r3, r3, #3
10000fae:	18d3      	adds	r3, r2, r3
10000fb0:	689e      	ldr	r6, [r3, #8]
10000fb2:	68dd      	ldr	r5, [r3, #12]
10000fb4:	1c73      	adds	r3, r6, #1
10000fb6:	d100      	bne.n	10000fba <alarm_pool_irq_handler+0x6a>
10000fb8:	e111      	b.n	100011de <alarm_pool_irq_handler+0x28e>
10000fba:	48a4      	ldr	r0, [pc, #656]	@ (1000124c <alarm_pool_irq_handler+0x2fc>)
10000fbc:	0001      	movs	r1, r0
10000fbe:	4441      	add	r1, r8
10000fc0:	6a82      	ldr	r2, [r0, #40]	@ 0x28
10000fc2:	690b      	ldr	r3, [r1, #16]
10000fc4:	1ab7      	subs	r7, r6, r2
10000fc6:	1a9b      	subs	r3, r3, r2
10000fc8:	429f      	cmp	r7, r3
10000fca:	d315      	bcc.n	10000ff8 <alarm_pool_irq_handler+0xa8>
10000fcc:	2301      	movs	r3, #1
10000fce:	6a02      	ldr	r2, [r0, #32]
10000fd0:	9803      	ldr	r0, [sp, #12]
10000fd2:	4083      	lsls	r3, r0
10000fd4:	421a      	tst	r2, r3
10000fd6:	d00f      	beq.n	10000ff8 <alarm_pool_irq_handler+0xa8>
10000fd8:	489c      	ldr	r0, [pc, #624]	@ (1000124c <alarm_pool_irq_handler+0x2fc>)
10000fda:	f000 fb37 	bl	1000164c <timer_time_us_64>
10000fde:	428d      	cmp	r5, r1
10000fe0:	dc02      	bgt.n	10000fe8 <alarm_pool_irq_handler+0x98>
10000fe2:	d1cc      	bne.n	10000f7e <alarm_pool_irq_handler+0x2e>
10000fe4:	4286      	cmp	r6, r0
10000fe6:	d9ca      	bls.n	10000f7e <alarm_pool_irq_handler+0x2e>
10000fe8:	bf40      	sev
10000fea:	b007      	add	sp, #28
10000fec:	bcf0      	pop	{r4, r5, r6, r7}
10000fee:	46bb      	mov	fp, r7
10000ff0:	46b2      	mov	sl, r6
10000ff2:	46a9      	mov	r9, r5
10000ff4:	46a0      	mov	r8, r4
10000ff6:	bdf0      	pop	{r4, r5, r6, r7, pc}
10000ff8:	610e      	str	r6, [r1, #16]
10000ffa:	e7ed      	b.n	10000fd8 <alarm_pool_irq_handler+0x88>
10000ffc:	6962      	ldr	r2, [r4, #20]
10000ffe:	006b      	lsls	r3, r5, #1
10001000:	4692      	mov	sl, r2
10001002:	195b      	adds	r3, r3, r5
10001004:	00db      	lsls	r3, r3, #3
10001006:	449a      	add	sl, r3
10001008:	4653      	mov	r3, sl
1000100a:	689e      	ldr	r6, [r3, #8]
1000100c:	68df      	ldr	r7, [r3, #12]
1000100e:	f000 fb1d 	bl	1000164c <timer_time_us_64>
10001012:	428f      	cmp	r7, r1
10001014:	dcba      	bgt.n	10000f8c <alarm_pool_irq_handler+0x3c>
10001016:	d100      	bne.n	1000101a <alarm_pool_irq_handler+0xca>
10001018:	e103      	b.n	10001222 <alarm_pool_irq_handler+0x2d2>
1000101a:	2f00      	cmp	r7, #0
1000101c:	da00      	bge.n	10001020 <alarm_pool_irq_handler+0xd0>
1000101e:	e0e8      	b.n	100011f2 <alarm_pool_irq_handler+0x2a2>
10001020:	4652      	mov	r2, sl
10001022:	4653      	mov	r3, sl
10001024:	6952      	ldr	r2, [r2, #20]
10001026:	691b      	ldr	r3, [r3, #16]
10001028:	4693      	mov	fp, r2
1000102a:	9a04      	ldr	r2, [sp, #16]
1000102c:	4293      	cmp	r3, r2
1000102e:	d100      	bne.n	10001032 <alarm_pool_irq_handler+0xe2>
10001030:	e0d9      	b.n	100011e6 <alarm_pool_irq_handler+0x296>
10001032:	4652      	mov	r2, sl
10001034:	2108      	movs	r1, #8
10001036:	5e60      	ldrsh	r0, [r4, r1]
10001038:	8852      	ldrh	r2, [r2, #2]
1000103a:	0400      	lsls	r0, r0, #16
1000103c:	4659      	mov	r1, fp
1000103e:	4310      	orrs	r0, r2
10001040:	4798      	blx	r3
10001042:	9000      	str	r0, [sp, #0]
10001044:	9101      	str	r1, [sp, #4]
10001046:	9900      	ldr	r1, [sp, #0]
10001048:	9a01      	ldr	r2, [sp, #4]
1000104a:	000b      	movs	r3, r1
1000104c:	0010      	movs	r0, r2
1000104e:	4313      	orrs	r3, r2
10001050:	d100      	bne.n	10001054 <alarm_pool_irq_handler+0x104>
10001052:	e0ce      	b.n	100011f2 <alarm_pool_irq_handler+0x2a2>
10001054:	0013      	movs	r3, r2
10001056:	000a      	movs	r2, r1
10001058:	1ab6      	subs	r6, r6, r2
1000105a:	419f      	sbcs	r7, r3
1000105c:	2800      	cmp	r0, #0
1000105e:	db06      	blt.n	1000106e <alarm_pool_irq_handler+0x11e>
10001060:	487a      	ldr	r0, [pc, #488]	@ (1000124c <alarm_pool_irq_handler+0x2fc>)
10001062:	f000 faf3 	bl	1000164c <timer_time_us_64>
10001066:	9e00      	ldr	r6, [sp, #0]
10001068:	9f01      	ldr	r7, [sp, #4]
1000106a:	1836      	adds	r6, r6, r0
1000106c:	414f      	adcs	r7, r1
1000106e:	4653      	mov	r3, sl
10001070:	609e      	str	r6, [r3, #8]
10001072:	60df      	str	r7, [r3, #12]
10001074:	2200      	movs	r2, #0
10001076:	5e9a      	ldrsh	r2, [r3, r2]
10001078:	2a00      	cmp	r2, #0
1000107a:	da00      	bge.n	1000107e <alarm_pool_irq_handler+0x12e>
1000107c:	e786      	b.n	10000f8c <alarm_pool_irq_handler+0x3c>
1000107e:	0053      	lsls	r3, r2, #1
10001080:	1899      	adds	r1, r3, r2
10001082:	6960      	ldr	r0, [r4, #20]
10001084:	00c9      	lsls	r1, r1, #3
10001086:	1841      	adds	r1, r0, r1
10001088:	9302      	str	r3, [sp, #8]
1000108a:	688b      	ldr	r3, [r1, #8]
1000108c:	68c9      	ldr	r1, [r1, #12]
1000108e:	469b      	mov	fp, r3
10001090:	42b9      	cmp	r1, r7
10001092:	dd00      	ble.n	10001096 <alarm_pool_irq_handler+0x146>
10001094:	e77a      	b.n	10000f8c <alarm_pool_irq_handler+0x3c>
10001096:	d102      	bne.n	1000109e <alarm_pool_irq_handler+0x14e>
10001098:	42b3      	cmp	r3, r6
1000109a:	d900      	bls.n	1000109e <alarm_pool_irq_handler+0x14e>
1000109c:	e776      	b.n	10000f8c <alarm_pool_irq_handler+0x3c>
1000109e:	2308      	movs	r3, #8
100010a0:	469c      	mov	ip, r3
100010a2:	44a4      	add	ip, r4
100010a4:	9505      	str	r5, [sp, #20]
100010a6:	4665      	mov	r5, ip
100010a8:	8122      	strh	r2, [r4, #8]
100010aa:	46a4      	mov	ip, r4
100010ac:	9b02      	ldr	r3, [sp, #8]
100010ae:	002c      	movs	r4, r5
100010b0:	e006      	b.n	100010c0 <alarm_pool_irq_handler+0x170>
100010b2:	0053      	lsls	r3, r2, #1
100010b4:	1899      	adds	r1, r3, r2
100010b6:	00c9      	lsls	r1, r1, #3
100010b8:	1841      	adds	r1, r0, r1
100010ba:	688d      	ldr	r5, [r1, #8]
100010bc:	68c9      	ldr	r1, [r1, #12]
100010be:	46ab      	mov	fp, r5
100010c0:	189b      	adds	r3, r3, r2
100010c2:	00db      	lsls	r3, r3, #3
100010c4:	18c3      	adds	r3, r0, r3
100010c6:	42b9      	cmp	r1, r7
100010c8:	dc06      	bgt.n	100010d8 <alarm_pool_irq_handler+0x188>
100010ca:	d100      	bne.n	100010ce <alarm_pool_irq_handler+0x17e>
100010cc:	e0b3      	b.n	10001236 <alarm_pool_irq_handler+0x2e6>
100010ce:	001c      	movs	r4, r3
100010d0:	2300      	movs	r3, #0
100010d2:	5ee2      	ldrsh	r2, [r4, r3]
100010d4:	2a00      	cmp	r2, #0
100010d6:	daec      	bge.n	100010b2 <alarm_pool_irq_handler+0x162>
100010d8:	0023      	movs	r3, r4
100010da:	4664      	mov	r4, ip
100010dc:	469c      	mov	ip, r3
100010de:	4653      	mov	r3, sl
100010e0:	801a      	strh	r2, [r3, #0]
100010e2:	4663      	mov	r3, ip
100010e4:	9d05      	ldr	r5, [sp, #20]
100010e6:	801d      	strh	r5, [r3, #0]
100010e8:	88a3      	ldrh	r3, [r4, #4]
100010ea:	b21b      	sxth	r3, r3
100010ec:	2b00      	cmp	r3, #0
100010ee:	da00      	bge.n	100010f2 <alarm_pool_irq_handler+0x1a2>
100010f0:	e751      	b.n	10000f96 <alarm_pool_irq_handler+0x46>
100010f2:	6922      	ldr	r2, [r4, #16]
100010f4:	f3ef 8110 	mrs	r1, PRIMASK
100010f8:	b672      	cpsid	i
100010fa:	6813      	ldr	r3, [r2, #0]
100010fc:	2b00      	cmp	r3, #0
100010fe:	d0fc      	beq.n	100010fa <alarm_pool_irq_handler+0x1aa>
10001100:	f3bf 8f5f 	dmb	sy
10001104:	2301      	movs	r3, #1
10001106:	88a7      	ldrh	r7, [r4, #4]
10001108:	425b      	negs	r3, r3
1000110a:	80a3      	strh	r3, [r4, #4]
1000110c:	b23f      	sxth	r7, r7
1000110e:	6923      	ldr	r3, [r4, #16]
10001110:	f3bf 8f5f 	dmb	sy
10001114:	2200      	movs	r2, #0
10001116:	601a      	str	r2, [r3, #0]
10001118:	f381 8810 	msr	PRIMASK, r1
1000111c:	2f00      	cmp	r7, #0
1000111e:	da00      	bge.n	10001122 <alarm_pool_irq_handler+0x1d2>
10001120:	e739      	b.n	10000f96 <alarm_pool_irq_handler+0x46>
10001122:	0023      	movs	r3, r4
10001124:	3308      	adds	r3, #8
10001126:	0022      	movs	r2, r4
10001128:	469a      	mov	sl, r3
1000112a:	6966      	ldr	r6, [r4, #20]
1000112c:	007b      	lsls	r3, r7, #1
1000112e:	19db      	adds	r3, r3, r7
10001130:	00db      	lsls	r3, r3, #3
10001132:	18f3      	adds	r3, r6, r3
10001134:	6899      	ldr	r1, [r3, #8]
10001136:	4650      	mov	r0, sl
10001138:	468c      	mov	ip, r1
1000113a:	2408      	movs	r4, #8
1000113c:	5f11      	ldrsh	r1, [r2, r4]
1000113e:	68dd      	ldr	r5, [r3, #12]
10001140:	2900      	cmp	r1, #0
10001142:	db10      	blt.n	10001166 <alarm_pool_irq_handler+0x216>
10001144:	9302      	str	r3, [sp, #8]
10001146:	e006      	b.n	10001156 <alarm_pool_irq_handler+0x206>
10001148:	42ab      	cmp	r3, r5
1000114a:	d044      	beq.n	100011d6 <alarm_pool_irq_handler+0x286>
1000114c:	2300      	movs	r3, #0
1000114e:	5ee1      	ldrsh	r1, [r4, r3]
10001150:	0020      	movs	r0, r4
10001152:	2900      	cmp	r1, #0
10001154:	db06      	blt.n	10001164 <alarm_pool_irq_handler+0x214>
10001156:	004c      	lsls	r4, r1, #1
10001158:	1864      	adds	r4, r4, r1
1000115a:	00e4      	lsls	r4, r4, #3
1000115c:	1934      	adds	r4, r6, r4
1000115e:	68e3      	ldr	r3, [r4, #12]
10001160:	42ab      	cmp	r3, r5
10001162:	ddf1      	ble.n	10001148 <alarm_pool_irq_handler+0x1f8>
10001164:	9b02      	ldr	r3, [sp, #8]
10001166:	8007      	strh	r7, [r0, #0]
10001168:	2000      	movs	r0, #0
1000116a:	5e1f      	ldrsh	r7, [r3, r0]
1000116c:	8019      	strh	r1, [r3, #0]
1000116e:	2f00      	cmp	r7, #0
10001170:	dadc      	bge.n	1000112c <alarm_pool_irq_handler+0x1dc>
10001172:	0014      	movs	r4, r2
10001174:	79a3      	ldrb	r3, [r4, #6]
10001176:	2b00      	cmp	r3, #0
10001178:	d100      	bne.n	1000117c <alarm_pool_irq_handler+0x22c>
1000117a:	e710      	b.n	10000f9e <alarm_pool_irq_handler+0x4e>
1000117c:	2300      	movs	r3, #0
1000117e:	71a3      	strb	r3, [r4, #6]
10001180:	0026      	movs	r6, r4
10001182:	2308      	movs	r3, #8
10001184:	5ee1      	ldrsh	r1, [r4, r3]
10001186:	3608      	adds	r6, #8
10001188:	1c4b      	adds	r3, r1, #1
1000118a:	d100      	bne.n	1000118e <alarm_pool_irq_handler+0x23e>
1000118c:	e72c      	b.n	10000fe8 <alarm_pool_irq_handler+0x98>
1000118e:	0008      	movs	r0, r1
10001190:	46a2      	mov	sl, r4
10001192:	6965      	ldr	r5, [r4, #20]
10001194:	e002      	b.n	1000119c <alarm_pool_irq_handler+0x24c>
10001196:	003e      	movs	r6, r7
10001198:	1c4b      	adds	r3, r1, #1
1000119a:	d01a      	beq.n	100011d2 <alarm_pool_irq_handler+0x282>
1000119c:	004b      	lsls	r3, r1, #1
1000119e:	185b      	adds	r3, r3, r1
100011a0:	00db      	lsls	r3, r3, #3
100011a2:	18ef      	adds	r7, r5, r3
100011a4:	000a      	movs	r2, r1
100011a6:	468c      	mov	ip, r1
100011a8:	5ee9      	ldrsh	r1, [r5, r3]
100011aa:	887b      	ldrh	r3, [r7, #2]
100011ac:	b21b      	sxth	r3, r3
100011ae:	2b00      	cmp	r3, #0
100011b0:	daf1      	bge.n	10001196 <alarm_pool_irq_handler+0x246>
100011b2:	2301      	movs	r3, #1
100011b4:	425b      	negs	r3, r3
100011b6:	17dc      	asrs	r4, r3, #31
100011b8:	60bb      	str	r3, [r7, #8]
100011ba:	60fc      	str	r4, [r7, #12]
100011bc:	4282      	cmp	r2, r0
100011be:	d005      	beq.n	100011cc <alarm_pool_irq_handler+0x27c>
100011c0:	4653      	mov	r3, sl
100011c2:	8031      	strh	r1, [r6, #0]
100011c4:	891b      	ldrh	r3, [r3, #8]
100011c6:	803b      	strh	r3, [r7, #0]
100011c8:	4653      	mov	r3, sl
100011ca:	811a      	strh	r2, [r3, #8]
100011cc:	4660      	mov	r0, ip
100011ce:	1c4b      	adds	r3, r1, #1
100011d0:	d1e4      	bne.n	1000119c <alarm_pool_irq_handler+0x24c>
100011d2:	4654      	mov	r4, sl
100011d4:	e6e5      	b.n	10000fa2 <alarm_pool_irq_handler+0x52>
100011d6:	68a3      	ldr	r3, [r4, #8]
100011d8:	4563      	cmp	r3, ip
100011da:	d9b7      	bls.n	1000114c <alarm_pool_irq_handler+0x1fc>
100011dc:	e7c2      	b.n	10001164 <alarm_pool_irq_handler+0x214>
100011de:	1c6b      	adds	r3, r5, #1
100011e0:	d000      	beq.n	100011e4 <alarm_pool_irq_handler+0x294>
100011e2:	e6ea      	b.n	10000fba <alarm_pool_irq_handler+0x6a>
100011e4:	e6f8      	b.n	10000fd8 <alarm_pool_irq_handler+0x88>
100011e6:	465b      	mov	r3, fp
100011e8:	4658      	mov	r0, fp
100011ea:	691b      	ldr	r3, [r3, #16]
100011ec:	4798      	blx	r3
100011ee:	2800      	cmp	r0, #0
100011f0:	d11b      	bne.n	1000122a <alarm_pool_irq_handler+0x2da>
100011f2:	4653      	mov	r3, sl
100011f4:	881b      	ldrh	r3, [r3, #0]
100011f6:	6922      	ldr	r2, [r4, #16]
100011f8:	8123      	strh	r3, [r4, #8]
100011fa:	f3ef 8310 	mrs	r3, PRIMASK
100011fe:	b672      	cpsid	i
10001200:	6811      	ldr	r1, [r2, #0]
10001202:	2900      	cmp	r1, #0
10001204:	d0fc      	beq.n	10001200 <alarm_pool_irq_handler+0x2b0>
10001206:	f3bf 8f5f 	dmb	sy
1000120a:	4651      	mov	r1, sl
1000120c:	8862      	ldrh	r2, [r4, #2]
1000120e:	800a      	strh	r2, [r1, #0]
10001210:	6922      	ldr	r2, [r4, #16]
10001212:	8065      	strh	r5, [r4, #2]
10001214:	f3bf 8f5f 	dmb	sy
10001218:	2100      	movs	r1, #0
1000121a:	6011      	str	r1, [r2, #0]
1000121c:	f383 8810 	msr	PRIMASK, r3
10001220:	e6b4      	b.n	10000f8c <alarm_pool_irq_handler+0x3c>
10001222:	4286      	cmp	r6, r0
10001224:	d800      	bhi.n	10001228 <alarm_pool_irq_handler+0x2d8>
10001226:	e6f8      	b.n	1000101a <alarm_pool_irq_handler+0xca>
10001228:	e6b0      	b.n	10000f8c <alarm_pool_irq_handler+0x3c>
1000122a:	465b      	mov	r3, fp
1000122c:	681a      	ldr	r2, [r3, #0]
1000122e:	685b      	ldr	r3, [r3, #4]
10001230:	9200      	str	r2, [sp, #0]
10001232:	9301      	str	r3, [sp, #4]
10001234:	e707      	b.n	10001046 <alarm_pool_irq_handler+0xf6>
10001236:	45b3      	cmp	fp, r6
10001238:	d800      	bhi.n	1000123c <alarm_pool_irq_handler+0x2ec>
1000123a:	e748      	b.n	100010ce <alarm_pool_irq_handler+0x17e>
1000123c:	e74c      	b.n	100010d8 <alarm_pool_irq_handler+0x188>
1000123e:	46c0      	nop			@ (mov r8, r8)
10001240:	2000215c 	.word	0x2000215c
10001244:	4005703c 	.word	0x4005703c
10001248:	10000f51 	.word	0x10000f51
1000124c:	40054000 	.word	0x40054000

10001250 <runtime_init_default_alarm_pool>:
10001250:	b570      	push	{r4, r5, r6, lr}
10001252:	4c2e      	ldr	r4, [pc, #184]	@ (1000130c <runtime_init_default_alarm_pool+0xbc>)
10001254:	6925      	ldr	r5, [r4, #16]
10001256:	2d00      	cmp	r5, #0
10001258:	d004      	beq.n	10001264 <runtime_init_default_alarm_pool+0x14>
1000125a:	210a      	movs	r1, #10
1000125c:	482c      	ldr	r0, [pc, #176]	@ (10001310 <runtime_init_default_alarm_pool+0xc0>)
1000125e:	f7ff fe09 	bl	10000e74 <lock_init>
10001262:	bd70      	pop	{r4, r5, r6, pc}
10001264:	4e2b      	ldr	r6, [pc, #172]	@ (10001314 <runtime_init_default_alarm_pool+0xc4>)
10001266:	2103      	movs	r1, #3
10001268:	0030      	movs	r0, r6
1000126a:	f000 f9e5 	bl	10001638 <timer_hardware_alarm_claim>
1000126e:	60e6      	str	r6, [r4, #12]
10001270:	f7ff fb0c 	bl	1000088c <next_striped_spin_lock_num>
10001274:	4b28      	ldr	r3, [pc, #160]	@ (10001318 <runtime_init_default_alarm_pool+0xc8>)
10001276:	2203      	movs	r2, #3
10001278:	469c      	mov	ip, r3
1000127a:	23d0      	movs	r3, #208	@ 0xd0
1000127c:	7022      	strb	r2, [r4, #0]
1000127e:	061b      	lsls	r3, r3, #24
10001280:	681b      	ldr	r3, [r3, #0]
10001282:	2101      	movs	r1, #1
10001284:	7063      	strb	r3, [r4, #1]
10001286:	4b25      	ldr	r3, [pc, #148]	@ (1000131c <runtime_init_default_alarm_pool+0xcc>)
10001288:	4460      	add	r0, ip
1000128a:	60a3      	str	r3, [r4, #8]
1000128c:	230f      	movs	r3, #15
1000128e:	0080      	lsls	r0, r0, #2
10001290:	6120      	str	r0, [r4, #16]
10001292:	2002      	movs	r0, #2
10001294:	8063      	strh	r3, [r4, #2]
10001296:	6963      	ldr	r3, [r4, #20]
10001298:	4249      	negs	r1, r1
1000129a:	80a1      	strh	r1, [r4, #4]
1000129c:	8019      	strh	r1, [r3, #0]
1000129e:	3102      	adds	r1, #2
100012a0:	8619      	strh	r1, [r3, #48]	@ 0x30
100012a2:	3147      	adds	r1, #71	@ 0x47
100012a4:	831d      	strh	r5, [r3, #24]
100012a6:	5258      	strh	r0, [r3, r1]
100012a8:	3118      	adds	r1, #24
100012aa:	525a      	strh	r2, [r3, r1]
100012ac:	3275      	adds	r2, #117	@ 0x75
100012ae:	395c      	subs	r1, #92	@ 0x5c
100012b0:	5299      	strh	r1, [r3, r2]
100012b2:	3218      	adds	r2, #24
100012b4:	3101      	adds	r1, #1
100012b6:	5299      	strh	r1, [r3, r2]
100012b8:	3218      	adds	r2, #24
100012ba:	3101      	adds	r1, #1
100012bc:	5299      	strh	r1, [r3, r2]
100012be:	3218      	adds	r2, #24
100012c0:	3101      	adds	r1, #1
100012c2:	5299      	strh	r1, [r3, r2]
100012c4:	3508      	adds	r5, #8
100012c6:	3218      	adds	r2, #24
100012c8:	529d      	strh	r5, [r3, r2]
100012ca:	3102      	adds	r1, #2
100012cc:	3218      	adds	r2, #24
100012ce:	5299      	strh	r1, [r3, r2]
100012d0:	3218      	adds	r2, #24
100012d2:	3101      	adds	r1, #1
100012d4:	5299      	strh	r1, [r3, r2]
100012d6:	3218      	adds	r2, #24
100012d8:	3101      	adds	r1, #1
100012da:	5299      	strh	r1, [r3, r2]
100012dc:	3218      	adds	r2, #24
100012de:	3101      	adds	r1, #1
100012e0:	5299      	strh	r1, [r3, r2]
100012e2:	3218      	adds	r2, #24
100012e4:	3101      	adds	r1, #1
100012e6:	5299      	strh	r1, [r3, r2]
100012e8:	3218      	adds	r2, #24
100012ea:	3101      	adds	r1, #1
100012ec:	5299      	strh	r1, [r3, r2]
100012ee:	4b0c      	ldr	r3, [pc, #48]	@ (10001320 <runtime_init_default_alarm_pool+0xd0>)
100012f0:	490c      	ldr	r1, [pc, #48]	@ (10001324 <runtime_init_default_alarm_pool+0xd4>)
100012f2:	60dc      	str	r4, [r3, #12]
100012f4:	3001      	adds	r0, #1
100012f6:	6235      	str	r5, [r6, #32]
100012f8:	f7ff fb3e 	bl	10000978 <irq_set_exclusive_handler>
100012fc:	2101      	movs	r1, #1
100012fe:	2003      	movs	r0, #3
10001300:	f7ff fb02 	bl	10000908 <irq_set_enabled>
10001304:	4b08      	ldr	r3, [pc, #32]	@ (10001328 <runtime_init_default_alarm_pool+0xd8>)
10001306:	601d      	str	r5, [r3, #0]
10001308:	e7a7      	b.n	1000125a <runtime_init_default_alarm_pool+0xa>
1000130a:	46c0      	nop			@ (mov r8, r8)
1000130c:	20000fe4 	.word	0x20000fe4
10001310:	20002178 	.word	0x20002178
10001314:	40054000 	.word	0x40054000
10001318:	34000040 	.word	0x34000040
1000131c:	0010ffff 	.word	0x0010ffff
10001320:	2000215c 	.word	0x2000215c
10001324:	10000f51 	.word	0x10000f51
10001328:	40056038 	.word	0x40056038

1000132c <alarm_pool_get_default>:
1000132c:	4800      	ldr	r0, [pc, #0]	@ (10001330 <alarm_pool_get_default+0x4>)
1000132e:	4770      	bx	lr
10001330:	20000fe4 	.word	0x20000fe4

10001334 <alarm_pool_add_alarm_at>:
10001334:	b5f8      	push	{r3, r4, r5, r6, r7, lr}
10001336:	001f      	movs	r7, r3
10001338:	ab08      	add	r3, sp, #32
1000133a:	781b      	ldrb	r3, [r3, #0]
1000133c:	0004      	movs	r4, r0
1000133e:	0016      	movs	r6, r2
10001340:	2b00      	cmp	r3, #0
10001342:	d108      	bne.n	10001356 <alarm_pool_add_alarm_at+0x22>
10001344:	f000 f98a 	bl	1000165c <time_us_64>
10001348:	0032      	movs	r2, r6
1000134a:	003b      	movs	r3, r7
1000134c:	1a12      	subs	r2, r2, r0
1000134e:	418b      	sbcs	r3, r1
10001350:	2b00      	cmp	r3, #0
10001352:	da00      	bge.n	10001356 <alarm_pool_add_alarm_at+0x22>
10001354:	e052      	b.n	100013fc <alarm_pool_add_alarm_at+0xc8>
10001356:	6922      	ldr	r2, [r4, #16]
10001358:	f3ef 8010 	mrs	r0, PRIMASK
1000135c:	b672      	cpsid	i
1000135e:	6813      	ldr	r3, [r2, #0]
10001360:	2b00      	cmp	r3, #0
10001362:	d0fc      	beq.n	1000135e <alarm_pool_add_alarm_at+0x2a>
10001364:	f3bf 8f5f 	dmb	sy
10001368:	2302      	movs	r3, #2
1000136a:	5ee1      	ldrsh	r1, [r4, r3]
1000136c:	6963      	ldr	r3, [r4, #20]
1000136e:	004a      	lsls	r2, r1, #1
10001370:	1852      	adds	r2, r2, r1
10001372:	00d2      	lsls	r2, r2, #3
10001374:	189b      	adds	r3, r3, r2
10001376:	6922      	ldr	r2, [r4, #16]
10001378:	2900      	cmp	r1, #0
1000137a:	db36      	blt.n	100013ea <alarm_pool_add_alarm_at+0xb6>
1000137c:	881d      	ldrh	r5, [r3, #0]
1000137e:	8065      	strh	r5, [r4, #2]
10001380:	f3bf 8f5f 	dmb	sy
10001384:	2500      	movs	r5, #0
10001386:	6015      	str	r5, [r2, #0]
10001388:	f380 8810 	msr	PRIMASK, r0
1000138c:	9a06      	ldr	r2, [sp, #24]
1000138e:	609e      	str	r6, [r3, #8]
10001390:	60df      	str	r7, [r3, #12]
10001392:	611a      	str	r2, [r3, #16]
10001394:	9a07      	ldr	r2, [sp, #28]
10001396:	615a      	str	r2, [r3, #20]
10001398:	885a      	ldrh	r2, [r3, #2]
1000139a:	3201      	adds	r2, #1
1000139c:	0452      	lsls	r2, r2, #17
1000139e:	0c52      	lsrs	r2, r2, #17
100013a0:	1c10      	adds	r0, r2, #0
100013a2:	2a00      	cmp	r2, #0
100013a4:	d01f      	beq.n	100013e6 <alarm_pool_add_alarm_at+0xb2>
100013a6:	b282      	uxth	r2, r0
100013a8:	8058      	strh	r0, [r3, #2]
100013aa:	0408      	lsls	r0, r1, #16
100013ac:	4310      	orrs	r0, r2
100013ae:	6926      	ldr	r6, [r4, #16]
100013b0:	f3ef 8710 	mrs	r7, PRIMASK
100013b4:	b672      	cpsid	i
100013b6:	6832      	ldr	r2, [r6, #0]
100013b8:	2a00      	cmp	r2, #0
100013ba:	d0fc      	beq.n	100013b6 <alarm_pool_add_alarm_at+0x82>
100013bc:	f3bf 8f5f 	dmb	sy
100013c0:	88a2      	ldrh	r2, [r4, #4]
100013c2:	801a      	strh	r2, [r3, #0]
100013c4:	80a1      	strh	r1, [r4, #4]
100013c6:	6923      	ldr	r3, [r4, #16]
100013c8:	f3bf 8f5f 	dmb	sy
100013cc:	2200      	movs	r2, #0
100013ce:	601a      	str	r2, [r3, #0]
100013d0:	f387 8810 	msr	PRIMASK, r7
100013d4:	490a      	ldr	r1, [pc, #40]	@ (10001400 <alarm_pool_add_alarm_at+0xcc>)
100013d6:	7823      	ldrb	r3, [r4, #0]
100013d8:	468c      	mov	ip, r1
100013da:	3201      	adds	r2, #1
100013dc:	409a      	lsls	r2, r3
100013de:	68e3      	ldr	r3, [r4, #12]
100013e0:	4463      	add	r3, ip
100013e2:	601a      	str	r2, [r3, #0]
100013e4:	bdf8      	pop	{r3, r4, r5, r6, r7, pc}
100013e6:	2001      	movs	r0, #1
100013e8:	e7dd      	b.n	100013a6 <alarm_pool_add_alarm_at+0x72>
100013ea:	f3bf 8f5f 	dmb	sy
100013ee:	2300      	movs	r3, #0
100013f0:	6013      	str	r3, [r2, #0]
100013f2:	f380 8810 	msr	PRIMASK, r0
100013f6:	2001      	movs	r0, #1
100013f8:	4240      	negs	r0, r0
100013fa:	e7f3      	b.n	100013e4 <alarm_pool_add_alarm_at+0xb0>
100013fc:	2000      	movs	r0, #0
100013fe:	e7f1      	b.n	100013e4 <alarm_pool_add_alarm_at+0xb0>
10001400:	0000203c 	.word	0x0000203c

10001404 <alarm_pool_add_alarm_at_force_in_context>:
10001404:	b570      	push	{r4, r5, r6, lr}
10001406:	0001      	movs	r1, r0
10001408:	6904      	ldr	r4, [r0, #16]
1000140a:	f3ef 8c10 	mrs	ip, PRIMASK
1000140e:	b672      	cpsid	i
10001410:	6820      	ldr	r0, [r4, #0]
10001412:	2800      	cmp	r0, #0
10001414:	d0fc      	beq.n	10001410 <alarm_pool_add_alarm_at_force_in_context+0xc>
10001416:	f3bf 8f5f 	dmb	sy
1000141a:	2002      	movs	r0, #2
1000141c:	5e0d      	ldrsh	r5, [r1, r0]
1000141e:	694c      	ldr	r4, [r1, #20]
10001420:	0068      	lsls	r0, r5, #1
10001422:	1940      	adds	r0, r0, r5
10001424:	00c0      	lsls	r0, r0, #3
10001426:	1824      	adds	r4, r4, r0
10001428:	6908      	ldr	r0, [r1, #16]
1000142a:	2d00      	cmp	r5, #0
1000142c:	db36      	blt.n	1000149c <alarm_pool_add_alarm_at_force_in_context+0x98>
1000142e:	8826      	ldrh	r6, [r4, #0]
10001430:	804e      	strh	r6, [r1, #2]
10001432:	f3bf 8f5f 	dmb	sy
10001436:	2600      	movs	r6, #0
10001438:	6006      	str	r6, [r0, #0]
1000143a:	f38c 8810 	msr	PRIMASK, ip
1000143e:	60e3      	str	r3, [r4, #12]
10001440:	8863      	ldrh	r3, [r4, #2]
10001442:	9804      	ldr	r0, [sp, #16]
10001444:	3301      	adds	r3, #1
10001446:	6120      	str	r0, [r4, #16]
10001448:	045b      	lsls	r3, r3, #17
1000144a:	9805      	ldr	r0, [sp, #20]
1000144c:	0c5b      	lsrs	r3, r3, #17
1000144e:	60a2      	str	r2, [r4, #8]
10001450:	6160      	str	r0, [r4, #20]
10001452:	1c1a      	adds	r2, r3, #0
10001454:	2b00      	cmp	r3, #0
10001456:	d01f      	beq.n	10001498 <alarm_pool_add_alarm_at_force_in_context+0x94>
10001458:	b293      	uxth	r3, r2
1000145a:	0428      	lsls	r0, r5, #16
1000145c:	8062      	strh	r2, [r4, #2]
1000145e:	4318      	orrs	r0, r3
10001460:	690a      	ldr	r2, [r1, #16]
10001462:	f3ef 8c10 	mrs	ip, PRIMASK
10001466:	b672      	cpsid	i
10001468:	6813      	ldr	r3, [r2, #0]
1000146a:	2b00      	cmp	r3, #0
1000146c:	d0fc      	beq.n	10001468 <alarm_pool_add_alarm_at_force_in_context+0x64>
1000146e:	f3bf 8f5f 	dmb	sy
10001472:	888b      	ldrh	r3, [r1, #4]
10001474:	8023      	strh	r3, [r4, #0]
10001476:	808d      	strh	r5, [r1, #4]
10001478:	690b      	ldr	r3, [r1, #16]
1000147a:	f3bf 8f5f 	dmb	sy
1000147e:	2200      	movs	r2, #0
10001480:	601a      	str	r2, [r3, #0]
10001482:	f38c 8810 	msr	PRIMASK, ip
10001486:	780b      	ldrb	r3, [r1, #0]
10001488:	3201      	adds	r2, #1
1000148a:	409a      	lsls	r2, r3
1000148c:	68cb      	ldr	r3, [r1, #12]
1000148e:	4908      	ldr	r1, [pc, #32]	@ (100014b0 <alarm_pool_add_alarm_at_force_in_context+0xac>)
10001490:	468c      	mov	ip, r1
10001492:	4463      	add	r3, ip
10001494:	601a      	str	r2, [r3, #0]
10001496:	bd70      	pop	{r4, r5, r6, pc}
10001498:	2201      	movs	r2, #1
1000149a:	e7dd      	b.n	10001458 <alarm_pool_add_alarm_at_force_in_context+0x54>
1000149c:	f3bf 8f5f 	dmb	sy
100014a0:	2300      	movs	r3, #0
100014a2:	6003      	str	r3, [r0, #0]
100014a4:	f38c 8810 	msr	PRIMASK, ip
100014a8:	2001      	movs	r0, #1
100014aa:	4240      	negs	r0, r0
100014ac:	e7f3      	b.n	10001496 <alarm_pool_add_alarm_at_force_in_context+0x92>
100014ae:	46c0      	nop			@ (mov r8, r8)
100014b0:	0000203c 	.word	0x0000203c

100014b4 <alarm_pool_cancel_alarm>:
100014b4:	b510      	push	{r4, lr}
100014b6:	8943      	ldrh	r3, [r0, #10]
100014b8:	140a      	asrs	r2, r1, #16
100014ba:	4293      	cmp	r3, r2
100014bc:	dd1a      	ble.n	100014f4 <alarm_pool_cancel_alarm+0x40>
100014be:	0053      	lsls	r3, r2, #1
100014c0:	189b      	adds	r3, r3, r2
100014c2:	6942      	ldr	r2, [r0, #20]
100014c4:	00db      	lsls	r3, r3, #3
100014c6:	18d3      	adds	r3, r2, r3
100014c8:	6904      	ldr	r4, [r0, #16]
100014ca:	f3ef 8c10 	mrs	ip, PRIMASK
100014ce:	b672      	cpsid	i
100014d0:	6822      	ldr	r2, [r4, #0]
100014d2:	2a00      	cmp	r2, #0
100014d4:	d0fc      	beq.n	100014d0 <alarm_pool_cancel_alarm+0x1c>
100014d6:	f3bf 8f5f 	dmb	sy
100014da:	885a      	ldrh	r2, [r3, #2]
100014dc:	0409      	lsls	r1, r1, #16
100014de:	b294      	uxth	r4, r2
100014e0:	0c09      	lsrs	r1, r1, #16
100014e2:	428a      	cmp	r2, r1
100014e4:	d008      	beq.n	100014f8 <alarm_pool_cancel_alarm+0x44>
100014e6:	6903      	ldr	r3, [r0, #16]
100014e8:	f3bf 8f5f 	dmb	sy
100014ec:	2200      	movs	r2, #0
100014ee:	601a      	str	r2, [r3, #0]
100014f0:	f38c 8810 	msr	PRIMASK, ip
100014f4:	2000      	movs	r0, #0
100014f6:	bd10      	pop	{r4, pc}
100014f8:	2280      	movs	r2, #128	@ 0x80
100014fa:	0212      	lsls	r2, r2, #8
100014fc:	4314      	orrs	r4, r2
100014fe:	805c      	strh	r4, [r3, #2]
10001500:	2301      	movs	r3, #1
10001502:	6902      	ldr	r2, [r0, #16]
10001504:	7183      	strb	r3, [r0, #6]
10001506:	f3bf 8f5f 	dmb	sy
1000150a:	2100      	movs	r1, #0
1000150c:	6011      	str	r1, [r2, #0]
1000150e:	f38c 8810 	msr	PRIMASK, ip
10001512:	4904      	ldr	r1, [pc, #16]	@ (10001524 <alarm_pool_cancel_alarm+0x70>)
10001514:	7802      	ldrb	r2, [r0, #0]
10001516:	468c      	mov	ip, r1
10001518:	4093      	lsls	r3, r2
1000151a:	68c2      	ldr	r2, [r0, #12]
1000151c:	2001      	movs	r0, #1
1000151e:	4462      	add	r2, ip
10001520:	6013      	str	r3, [r2, #0]
10001522:	e7e8      	b.n	100014f6 <alarm_pool_cancel_alarm+0x42>
10001524:	0000203c 	.word	0x0000203c

10001528 <alarm_pool_core_num>:
10001528:	7840      	ldrb	r0, [r0, #1]
1000152a:	4770      	bx	lr

1000152c <best_effort_wfe_or_timeout>:
1000152c:	b5f0      	push	{r4, r5, r6, r7, lr}
1000152e:	4657      	mov	r7, sl
10001530:	464e      	mov	r6, r9
10001532:	46de      	mov	lr, fp
10001534:	4645      	mov	r5, r8
10001536:	b5e0      	push	{r5, r6, r7, lr}
10001538:	0006      	movs	r6, r0
1000153a:	000f      	movs	r7, r1
1000153c:	b085      	sub	sp, #20
1000153e:	f3ef 8305 	mrs	r3, IPSR
10001542:	4699      	mov	r9, r3
10001544:	468b      	mov	fp, r1
10001546:	2b00      	cmp	r3, #0
10001548:	d012      	beq.n	10001570 <best_effort_wfe_or_timeout+0x44>
1000154a:	4938      	ldr	r1, [pc, #224]	@ (1000162c <best_effort_wfe_or_timeout+0x100>)
1000154c:	2000      	movs	r0, #0
1000154e:	6a4b      	ldr	r3, [r1, #36]	@ 0x24
10001550:	42bb      	cmp	r3, r7
10001552:	d306      	bcc.n	10001562 <best_effort_wfe_or_timeout+0x36>
10001554:	6a8a      	ldr	r2, [r1, #40]	@ 0x28
10001556:	1bdb      	subs	r3, r3, r7
10001558:	1e59      	subs	r1, r3, #1
1000155a:	418b      	sbcs	r3, r1
1000155c:	42b2      	cmp	r2, r6
1000155e:	4140      	adcs	r0, r0
10001560:	4318      	orrs	r0, r3
10001562:	b005      	add	sp, #20
10001564:	bcf0      	pop	{r4, r5, r6, r7}
10001566:	46bb      	mov	fp, r7
10001568:	46b2      	mov	sl, r6
1000156a:	46a9      	mov	r9, r5
1000156c:	46a0      	mov	r8, r4
1000156e:	bdf0      	pop	{r4, r5, r6, r7, pc}
10001570:	4b2f      	ldr	r3, [pc, #188]	@ (10001630 <best_effort_wfe_or_timeout+0x104>)
10001572:	469a      	mov	sl, r3
10001574:	68db      	ldr	r3, [r3, #12]
10001576:	4698      	mov	r8, r3
10001578:	4653      	mov	r3, sl
1000157a:	781b      	ldrb	r3, [r3, #0]
1000157c:	4640      	mov	r0, r8
1000157e:	9303      	str	r3, [sp, #12]
10001580:	f000 f864 	bl	1000164c <timer_time_us_64>
10001584:	4642      	mov	r2, r8
10001586:	9b03      	ldr	r3, [sp, #12]
10001588:	0004      	movs	r4, r0
1000158a:	3304      	adds	r3, #4
1000158c:	009b      	lsls	r3, r3, #2
1000158e:	589b      	ldr	r3, [r3, r2]
10001590:	000d      	movs	r5, r1
10001592:	1a1b      	subs	r3, r3, r0
10001594:	0039      	movs	r1, r7
10001596:	0030      	movs	r0, r6
10001598:	1b00      	subs	r0, r0, r4
1000159a:	41a9      	sbcs	r1, r5
1000159c:	4589      	cmp	r9, r1
1000159e:	dc10      	bgt.n	100015c2 <best_effort_wfe_or_timeout+0x96>
100015a0:	d00d      	beq.n	100015be <best_effort_wfe_or_timeout+0x92>
100015a2:	bf20      	wfe
100015a4:	4a21      	ldr	r2, [pc, #132]	@ (1000162c <best_effort_wfe_or_timeout+0x100>)
100015a6:	2000      	movs	r0, #0
100015a8:	6a53      	ldr	r3, [r2, #36]	@ 0x24
100015aa:	455b      	cmp	r3, fp
100015ac:	d3d9      	bcc.n	10001562 <best_effort_wfe_or_timeout+0x36>
100015ae:	6a92      	ldr	r2, [r2, #40]	@ 0x28
100015b0:	1bdb      	subs	r3, r3, r7
100015b2:	1e59      	subs	r1, r3, #1
100015b4:	418b      	sbcs	r3, r1
100015b6:	42b2      	cmp	r2, r6
100015b8:	4140      	adcs	r0, r0
100015ba:	4318      	orrs	r0, r3
100015bc:	e7d1      	b.n	10001562 <best_effort_wfe_or_timeout+0x36>
100015be:	4283      	cmp	r3, r0
100015c0:	d9ef      	bls.n	100015a2 <best_effort_wfe_or_timeout+0x76>
100015c2:	f000 f84b 	bl	1000165c <time_us_64>
100015c6:	0032      	movs	r2, r6
100015c8:	003b      	movs	r3, r7
100015ca:	1a12      	subs	r2, r2, r0
100015cc:	418b      	sbcs	r3, r1
100015ce:	2b00      	cmp	r3, #0
100015d0:	db1a      	blt.n	10001608 <best_effort_wfe_or_timeout+0xdc>
100015d2:	2300      	movs	r3, #0
100015d4:	9301      	str	r3, [sp, #4]
100015d6:	4b17      	ldr	r3, [pc, #92]	@ (10001634 <best_effort_wfe_or_timeout+0x108>)
100015d8:	0032      	movs	r2, r6
100015da:	9300      	str	r3, [sp, #0]
100015dc:	4650      	mov	r0, sl
100015de:	003b      	movs	r3, r7
100015e0:	f7ff ff10 	bl	10001404 <alarm_pool_add_alarm_at_force_in_context>
100015e4:	1e01      	subs	r1, r0, #0
100015e6:	dd0f      	ble.n	10001608 <best_effort_wfe_or_timeout+0xdc>
100015e8:	4b10      	ldr	r3, [pc, #64]	@ (1000162c <best_effort_wfe_or_timeout+0x100>)
100015ea:	6a5a      	ldr	r2, [r3, #36]	@ 0x24
100015ec:	455a      	cmp	r2, fp
100015ee:	d31b      	bcc.n	10001628 <best_effort_wfe_or_timeout+0xfc>
100015f0:	6a9b      	ldr	r3, [r3, #40]	@ 0x28
100015f2:	42b3      	cmp	r3, r6
100015f4:	d316      	bcc.n	10001624 <best_effort_wfe_or_timeout+0xf8>
100015f6:	4650      	mov	r0, sl
100015f8:	f7ff ff5c 	bl	100014b4 <alarm_pool_cancel_alarm>
100015fc:	4a0b      	ldr	r2, [pc, #44]	@ (1000162c <best_effort_wfe_or_timeout+0x100>)
100015fe:	2000      	movs	r0, #0
10001600:	6a53      	ldr	r3, [r2, #36]	@ 0x24
10001602:	455b      	cmp	r3, fp
10001604:	d3ad      	bcc.n	10001562 <best_effort_wfe_or_timeout+0x36>
10001606:	e7d2      	b.n	100015ae <best_effort_wfe_or_timeout+0x82>
10001608:	4a08      	ldr	r2, [pc, #32]	@ (1000162c <best_effort_wfe_or_timeout+0x100>)
1000160a:	2000      	movs	r0, #0
1000160c:	6a53      	ldr	r3, [r2, #36]	@ 0x24
1000160e:	455b      	cmp	r3, fp
10001610:	d3a7      	bcc.n	10001562 <best_effort_wfe_or_timeout+0x36>
10001612:	2000      	movs	r0, #0
10001614:	6a92      	ldr	r2, [r2, #40]	@ 0x28
10001616:	1bdb      	subs	r3, r3, r7
10001618:	42b2      	cmp	r2, r6
1000161a:	4140      	adcs	r0, r0
1000161c:	1e5a      	subs	r2, r3, #1
1000161e:	4193      	sbcs	r3, r2
10001620:	4318      	orrs	r0, r3
10001622:	e79e      	b.n	10001562 <best_effort_wfe_or_timeout+0x36>
10001624:	455a      	cmp	r2, fp
10001626:	d1e6      	bne.n	100015f6 <best_effort_wfe_or_timeout+0xca>
10001628:	bf20      	wfe
1000162a:	e7e4      	b.n	100015f6 <best_effort_wfe_or_timeout+0xca>
1000162c:	40054000 	.word	0x40054000
10001630:	20000fe4 	.word	0x20000fe4
10001634:	10000f21 	.word	0x10000f21

10001638 <timer_hardware_alarm_claim>:
10001638:	b510      	push	{r4, lr}
1000163a:	4a02      	ldr	r2, [pc, #8]	@ (10001644 <timer_hardware_alarm_claim+0xc>)
1000163c:	4802      	ldr	r0, [pc, #8]	@ (10001648 <timer_hardware_alarm_claim+0x10>)
1000163e:	f7ff f8bf 	bl	100007c0 <hw_claim_or_assert>
10001642:	bd10      	pop	{r4, pc}
10001644:	10004e34 	.word	0x10004e34
10001648:	20001cd0 	.word	0x20001cd0

1000164c <timer_time_us_64>:
1000164c:	0003      	movs	r3, r0
1000164e:	6a41      	ldr	r1, [r0, #36]	@ 0x24
10001650:	000a      	movs	r2, r1
10001652:	6a98      	ldr	r0, [r3, #40]	@ 0x28
10001654:	6a59      	ldr	r1, [r3, #36]	@ 0x24
10001656:	428a      	cmp	r2, r1
10001658:	d1fa      	bne.n	10001650 <timer_time_us_64+0x4>
1000165a:	4770      	bx	lr

1000165c <time_us_64>:
1000165c:	4b03      	ldr	r3, [pc, #12]	@ (1000166c <time_us_64+0x10>)
1000165e:	6a59      	ldr	r1, [r3, #36]	@ 0x24
10001660:	000a      	movs	r2, r1
10001662:	6a98      	ldr	r0, [r3, #40]	@ 0x28
10001664:	6a59      	ldr	r1, [r3, #36]	@ 0x24
10001666:	4291      	cmp	r1, r2
10001668:	d1fa      	bne.n	10001660 <time_us_64+0x4>
1000166a:	4770      	bx	lr
1000166c:	40054000 	.word	0x40054000

10001670 <busy_wait_us>:
10001670:	b570      	push	{r4, r5, r6, lr}
10001672:	0004      	movs	r4, r0
10001674:	000d      	movs	r5, r1
10001676:	4a17      	ldr	r2, [pc, #92]	@ (100016d4 <busy_wait_us+0x64>)
10001678:	6a53      	ldr	r3, [r2, #36]	@ 0x24
1000167a:	0019      	movs	r1, r3
1000167c:	6a96      	ldr	r6, [r2, #40]	@ 0x28
1000167e:	6a53      	ldr	r3, [r2, #36]	@ 0x24
10001680:	428b      	cmp	r3, r1
10001682:	d1fa      	bne.n	1000167a <busy_wait_us+0xa>
10001684:	0030      	movs	r0, r6
10001686:	0019      	movs	r1, r3
10001688:	1824      	adds	r4, r4, r0
1000168a:	414d      	adcs	r5, r1
1000168c:	42ab      	cmp	r3, r5
1000168e:	d816      	bhi.n	100016be <busy_wait_us+0x4e>
10001690:	d013      	beq.n	100016ba <busy_wait_us+0x4a>
10001692:	4b10      	ldr	r3, [pc, #64]	@ (100016d4 <busy_wait_us+0x64>)
10001694:	002a      	movs	r2, r5
10001696:	6a5b      	ldr	r3, [r3, #36]	@ 0x24
10001698:	429d      	cmp	r5, r3
1000169a:	d903      	bls.n	100016a4 <busy_wait_us+0x34>
1000169c:	490d      	ldr	r1, [pc, #52]	@ (100016d4 <busy_wait_us+0x64>)
1000169e:	6a4b      	ldr	r3, [r1, #36]	@ 0x24
100016a0:	4293      	cmp	r3, r2
100016a2:	d3fc      	bcc.n	1000169e <busy_wait_us+0x2e>
100016a4:	4293      	cmp	r3, r2
100016a6:	d107      	bne.n	100016b8 <busy_wait_us+0x48>
100016a8:	4a0a      	ldr	r2, [pc, #40]	@ (100016d4 <busy_wait_us+0x64>)
100016aa:	e002      	b.n	100016b2 <busy_wait_us+0x42>
100016ac:	6a51      	ldr	r1, [r2, #36]	@ 0x24
100016ae:	4299      	cmp	r1, r3
100016b0:	d102      	bne.n	100016b8 <busy_wait_us+0x48>
100016b2:	6a91      	ldr	r1, [r2, #40]	@ 0x28
100016b4:	42a1      	cmp	r1, r4
100016b6:	d3f9      	bcc.n	100016ac <busy_wait_us+0x3c>
100016b8:	bd70      	pop	{r4, r5, r6, pc}
100016ba:	42a6      	cmp	r6, r4
100016bc:	d9e9      	bls.n	10001692 <busy_wait_us+0x22>
100016be:	4b05      	ldr	r3, [pc, #20]	@ (100016d4 <busy_wait_us+0x64>)
100016c0:	6a5b      	ldr	r3, [r3, #36]	@ 0x24
100016c2:	001c      	movs	r4, r3
100016c4:	1c5a      	adds	r2, r3, #1
100016c6:	d0ef      	beq.n	100016a8 <busy_wait_us+0x38>
100016c8:	2201      	movs	r2, #1
100016ca:	2401      	movs	r4, #1
100016cc:	4264      	negs	r4, r4
100016ce:	17e5      	asrs	r5, r4, #31
100016d0:	4252      	negs	r2, r2
100016d2:	e7e3      	b.n	1000169c <busy_wait_us+0x2c>
100016d4:	40054000 	.word	0x40054000

100016d8 <uart_init>:
100016d8:	b5f8      	push	{r3, r4, r5, r6, r7, lr}
100016da:	0004      	movs	r4, r0
100016dc:	2006      	movs	r0, #6
100016de:	000d      	movs	r5, r1
100016e0:	f000 f978 	bl	100019d4 <clock_get_hz>
100016e4:	2800      	cmp	r0, #0
100016e6:	d044      	beq.n	10001772 <uart_init+0x9a>
100016e8:	4b37      	ldr	r3, [pc, #220]	@ (100017c8 <uart_init+0xf0>)
100016ea:	4938      	ldr	r1, [pc, #224]	@ (100017cc <uart_init+0xf4>)
100016ec:	18e3      	adds	r3, r4, r3
100016ee:	1e5a      	subs	r2, r3, #1
100016f0:	4193      	sbcs	r3, r2
100016f2:	2280      	movs	r2, #128	@ 0x80
100016f4:	0412      	lsls	r2, r2, #16
100016f6:	4694      	mov	ip, r2
100016f8:	425b      	negs	r3, r3
100016fa:	0d9b      	lsrs	r3, r3, #22
100016fc:	4a34      	ldr	r2, [pc, #208]	@ (100017d0 <uart_init+0xf8>)
100016fe:	059b      	lsls	r3, r3, #22
10001700:	4463      	add	r3, ip
10001702:	6013      	str	r3, [r2, #0]
10001704:	4a33      	ldr	r2, [pc, #204]	@ (100017d4 <uart_init+0xfc>)
10001706:	6013      	str	r3, [r2, #0]
10001708:	0018      	movs	r0, r3
1000170a:	680a      	ldr	r2, [r1, #0]
1000170c:	4390      	bics	r0, r2
1000170e:	d1fb      	bne.n	10001708 <uart_init+0x30>
10001710:	4b2d      	ldr	r3, [pc, #180]	@ (100017c8 <uart_init+0xf0>)
10001712:	4a31      	ldr	r2, [pc, #196]	@ (100017d8 <uart_init+0x100>)
10001714:	18e3      	adds	r3, r4, r3
10001716:	4259      	negs	r1, r3
10001718:	414b      	adcs	r3, r1
1000171a:	2180      	movs	r1, #128	@ 0x80
1000171c:	005b      	lsls	r3, r3, #1
1000171e:	0049      	lsls	r1, r1, #1
10001720:	2006      	movs	r0, #6
10001722:	5299      	strh	r1, [r3, r2]
10001724:	f000 f956 	bl	100019d4 <clock_get_hz>
10001728:	0029      	movs	r1, r5
1000172a:	00c0      	lsls	r0, r0, #3
1000172c:	f000 fb38 	bl	10001da0 <__wrap___aeabi_uidiv>
10001730:	3001      	adds	r0, #1
10001732:	09c3      	lsrs	r3, r0, #7
10001734:	d11e      	bne.n	10001774 <uart_init+0x9c>
10001736:	2740      	movs	r7, #64	@ 0x40
10001738:	2201      	movs	r2, #1
1000173a:	6262      	str	r2, [r4, #36]	@ 0x24
1000173c:	62a3      	str	r3, [r4, #40]	@ 0x28
1000173e:	6b26      	ldr	r6, [r4, #48]	@ 0x30
10001740:	07f3      	lsls	r3, r6, #31
10001742:	d422      	bmi.n	1000178a <uart_init+0xb2>
10001744:	6ae3      	ldr	r3, [r4, #44]	@ 0x2c
10001746:	4b25      	ldr	r3, [pc, #148]	@ (100017dc <uart_init+0x104>)
10001748:	2006      	movs	r0, #6
1000174a:	18e5      	adds	r5, r4, r3
1000174c:	2300      	movs	r3, #0
1000174e:	602b      	str	r3, [r5, #0]
10001750:	6326      	str	r6, [r4, #48]	@ 0x30
10001752:	f000 f93f 	bl	100019d4 <clock_get_hz>
10001756:	0039      	movs	r1, r7
10001758:	0080      	lsls	r0, r0, #2
1000175a:	f000 fb21 	bl	10001da0 <__wrap___aeabi_uidiv>
1000175e:	2370      	movs	r3, #112	@ 0x70
10001760:	6ae2      	ldr	r2, [r4, #44]	@ 0x2c
10001762:	405a      	eors	r2, r3
10001764:	330e      	adds	r3, #14
10001766:	4013      	ands	r3, r2
10001768:	602b      	str	r3, [r5, #0]
1000176a:	4b1d      	ldr	r3, [pc, #116]	@ (100017e0 <uart_init+0x108>)
1000176c:	6323      	str	r3, [r4, #48]	@ 0x30
1000176e:	2303      	movs	r3, #3
10001770:	64a3      	str	r3, [r4, #72]	@ 0x48
10001772:	bdf8      	pop	{r3, r4, r5, r6, r7, pc}
10001774:	4a1b      	ldr	r2, [pc, #108]	@ (100017e4 <uart_init+0x10c>)
10001776:	4293      	cmp	r3, r2
10001778:	d91e      	bls.n	100017b8 <uart_init+0xe0>
1000177a:	2300      	movs	r3, #0
1000177c:	4a1a      	ldr	r2, [pc, #104]	@ (100017e8 <uart_init+0x110>)
1000177e:	4f1b      	ldr	r7, [pc, #108]	@ (100017ec <uart_init+0x114>)
10001780:	6262      	str	r2, [r4, #36]	@ 0x24
10001782:	62a3      	str	r3, [r4, #40]	@ 0x28
10001784:	6b26      	ldr	r6, [r4, #48]	@ 0x30
10001786:	07f3      	lsls	r3, r6, #31
10001788:	d5dc      	bpl.n	10001744 <uart_init+0x6c>
1000178a:	4b19      	ldr	r3, [pc, #100]	@ (100017f0 <uart_init+0x118>)
1000178c:	4a14      	ldr	r2, [pc, #80]	@ (100017e0 <uart_init+0x108>)
1000178e:	18e3      	adds	r3, r4, r3
10001790:	601a      	str	r2, [r3, #0]
10001792:	6a65      	ldr	r5, [r4, #36]	@ 0x24
10001794:	6aa3      	ldr	r3, [r4, #40]	@ 0x28
10001796:	2006      	movs	r0, #6
10001798:	01ad      	lsls	r5, r5, #6
1000179a:	18ed      	adds	r5, r5, r3
1000179c:	f000 f91a 	bl	100019d4 <clock_get_hz>
100017a0:	4914      	ldr	r1, [pc, #80]	@ (100017f4 <uart_init+0x11c>)
100017a2:	f000 fafd 	bl	10001da0 <__wrap___aeabi_uidiv>
100017a6:	02ad      	lsls	r5, r5, #10
100017a8:	0001      	movs	r1, r0
100017aa:	0028      	movs	r0, r5
100017ac:	f000 faf8 	bl	10001da0 <__wrap___aeabi_uidiv>
100017b0:	2100      	movs	r1, #0
100017b2:	f7ff ff5d 	bl	10001670 <busy_wait_us>
100017b6:	e7c5      	b.n	10001744 <uart_init+0x6c>
100017b8:	0640      	lsls	r0, r0, #25
100017ba:	0e80      	lsrs	r0, r0, #26
100017bc:	019f      	lsls	r7, r3, #6
100017be:	001a      	movs	r2, r3
100017c0:	183f      	adds	r7, r7, r0
100017c2:	0003      	movs	r3, r0
100017c4:	e7b9      	b.n	1000173a <uart_init+0x62>
100017c6:	46c0      	nop			@ (mov r8, r8)
100017c8:	bffc8000 	.word	0xbffc8000
100017cc:	4000c008 	.word	0x4000c008
100017d0:	4000e000 	.word	0x4000e000
100017d4:	4000f000 	.word	0x4000f000
100017d8:	20002184 	.word	0x20002184
100017dc:	0000102c 	.word	0x0000102c
100017e0:	00000301 	.word	0x00000301
100017e4:	0000fffe 	.word	0x0000fffe
100017e8:	0000ffff 	.word	0x0000ffff
100017ec:	003fffc0 	.word	0x003fffc0
100017f0:	00003030 	.word	0x00003030
100017f4:	00000e4e 	.word	0x00000e4e

100017f8 <clock_configure_int_divider>:
100017f8:	b5f8      	push	{r3, r4, r5, r6, r7, lr}
100017fa:	46de      	mov	lr, fp
100017fc:	464e      	mov	r6, r9
100017fe:	4657      	mov	r7, sl
10001800:	4645      	mov	r5, r8
10001802:	b5e0      	push	{r5, r6, r7, lr}
10001804:	468b      	mov	fp, r1
10001806:	0005      	movs	r5, r0
10001808:	990a      	ldr	r1, [sp, #40]	@ 0x28
1000180a:	0018      	movs	r0, r3
1000180c:	0016      	movs	r6, r2
1000180e:	f000 fac7 	bl	10001da0 <__wrap___aeabi_uidiv>
10001812:	9b0a      	ldr	r3, [sp, #40]	@ 0x28
10001814:	006c      	lsls	r4, r5, #1
10001816:	021f      	lsls	r7, r3, #8
10001818:	4b32      	ldr	r3, [pc, #200]	@ (100018e4 <clock_configure_int_divider+0xec>)
1000181a:	1964      	adds	r4, r4, r5
1000181c:	469c      	mov	ip, r3
1000181e:	00a4      	lsls	r4, r4, #2
10001820:	4464      	add	r4, ip
10001822:	6863      	ldr	r3, [r4, #4]
10001824:	4681      	mov	r9, r0
10001826:	429f      	cmp	r7, r3
10001828:	d900      	bls.n	1000182c <clock_configure_int_divider+0x34>
1000182a:	6067      	str	r7, [r4, #4]
1000182c:	1f2b      	subs	r3, r5, #4
1000182e:	b2db      	uxtb	r3, r3
10001830:	4698      	mov	r8, r3
10001832:	2b01      	cmp	r3, #1
10001834:	d930      	bls.n	10001898 <clock_configure_int_divider+0xa0>
10001836:	23c0      	movs	r3, #192	@ 0xc0
10001838:	2280      	movs	r2, #128	@ 0x80
1000183a:	019b      	lsls	r3, r3, #6
1000183c:	18e3      	adds	r3, r4, r3
1000183e:	0112      	lsls	r2, r2, #4
10001840:	601a      	str	r2, [r3, #0]
10001842:	4b29      	ldr	r3, [pc, #164]	@ (100018e8 <clock_configure_int_divider+0xf0>)
10001844:	00ad      	lsls	r5, r5, #2
10001846:	5959      	ldr	r1, [r3, r5]
10001848:	469a      	mov	sl, r3
1000184a:	2900      	cmp	r1, #0
1000184c:	d11b      	bne.n	10001886 <clock_configure_int_divider+0x8e>
1000184e:	0173      	lsls	r3, r6, #5
10001850:	26e0      	movs	r6, #224	@ 0xe0
10001852:	6822      	ldr	r2, [r4, #0]
10001854:	4053      	eors	r3, r2
10001856:	401e      	ands	r6, r3
10001858:	2380      	movs	r3, #128	@ 0x80
1000185a:	4642      	mov	r2, r8
1000185c:	015b      	lsls	r3, r3, #5
1000185e:	18e3      	adds	r3, r4, r3
10001860:	601e      	str	r6, [r3, #0]
10001862:	2a01      	cmp	r2, #1
10001864:	d930      	bls.n	100018c8 <clock_configure_int_divider+0xd0>
10001866:	2380      	movs	r3, #128	@ 0x80
10001868:	2280      	movs	r2, #128	@ 0x80
1000186a:	019b      	lsls	r3, r3, #6
1000186c:	18e3      	adds	r3, r4, r3
1000186e:	0112      	lsls	r2, r2, #4
10001870:	601a      	str	r2, [r3, #0]
10001872:	4653      	mov	r3, sl
10001874:	464a      	mov	r2, r9
10001876:	6067      	str	r7, [r4, #4]
10001878:	515a      	str	r2, [r3, r5]
1000187a:	bcf0      	pop	{r4, r5, r6, r7}
1000187c:	46bb      	mov	fp, r7
1000187e:	46b2      	mov	sl, r6
10001880:	46a9      	mov	r9, r5
10001882:	46a0      	mov	r8, r4
10001884:	bdf8      	pop	{r3, r4, r5, r6, r7, pc}
10001886:	6958      	ldr	r0, [r3, #20]
10001888:	f000 fa8a 	bl	10001da0 <__wrap___aeabi_uidiv>
1000188c:	3001      	adds	r0, #1
1000188e:	0043      	lsls	r3, r0, #1
10001890:	181b      	adds	r3, r3, r0
10001892:	3b03      	subs	r3, #3
10001894:	d2fd      	bcs.n	10001892 <clock_configure_int_divider+0x9a>
10001896:	e7da      	b.n	1000184e <clock_configure_int_divider+0x56>
10001898:	465b      	mov	r3, fp
1000189a:	2b01      	cmp	r3, #1
1000189c:	d1cb      	bne.n	10001836 <clock_configure_int_divider+0x3e>
1000189e:	23c0      	movs	r3, #192	@ 0xc0
100018a0:	2203      	movs	r2, #3
100018a2:	019b      	lsls	r3, r3, #6
100018a4:	18e3      	adds	r3, r4, r3
100018a6:	601a      	str	r2, [r3, #0]
100018a8:	3a02      	subs	r2, #2
100018aa:	68a3      	ldr	r3, [r4, #8]
100018ac:	421a      	tst	r2, r3
100018ae:	d0fc      	beq.n	100018aa <clock_configure_int_divider+0xb2>
100018b0:	0173      	lsls	r3, r6, #5
100018b2:	26e0      	movs	r6, #224	@ 0xe0
100018b4:	6822      	ldr	r2, [r4, #0]
100018b6:	00ad      	lsls	r5, r5, #2
100018b8:	4053      	eors	r3, r2
100018ba:	401e      	ands	r6, r3
100018bc:	2380      	movs	r3, #128	@ 0x80
100018be:	4a0a      	ldr	r2, [pc, #40]	@ (100018e8 <clock_configure_int_divider+0xf0>)
100018c0:	015b      	lsls	r3, r3, #5
100018c2:	4692      	mov	sl, r2
100018c4:	18e3      	adds	r3, r4, r3
100018c6:	601e      	str	r6, [r3, #0]
100018c8:	465a      	mov	r2, fp
100018ca:	6821      	ldr	r1, [r4, #0]
100018cc:	4051      	eors	r1, r2
100018ce:	2203      	movs	r2, #3
100018d0:	400a      	ands	r2, r1
100018d2:	601a      	str	r2, [r3, #0]
100018d4:	2201      	movs	r2, #1
100018d6:	465b      	mov	r3, fp
100018d8:	409a      	lsls	r2, r3
100018da:	68a3      	ldr	r3, [r4, #8]
100018dc:	421a      	tst	r2, r3
100018de:	d0fc      	beq.n	100018da <clock_configure_int_divider+0xe2>
100018e0:	e7c1      	b.n	10001866 <clock_configure_int_divider+0x6e>
100018e2:	46c0      	nop			@ (mov r8, r8)
100018e4:	40008000 	.word	0x40008000
100018e8:	20001cd4 	.word	0x20001cd4

100018ec <clock_configure_undivided>:
100018ec:	b5f0      	push	{r4, r5, r6, r7, lr}
100018ee:	4646      	mov	r6, r8
100018f0:	464f      	mov	r7, r9
100018f2:	46d6      	mov	lr, sl
100018f4:	b5c0      	push	{r6, r7, lr}
100018f6:	001f      	movs	r7, r3
100018f8:	4b34      	ldr	r3, [pc, #208]	@ (100019cc <clock_configure_undivided+0xe0>)
100018fa:	0044      	lsls	r4, r0, #1
100018fc:	469c      	mov	ip, r3
100018fe:	1824      	adds	r4, r4, r0
10001900:	00a4      	lsls	r4, r4, #2
10001902:	4464      	add	r4, ip
10001904:	6863      	ldr	r3, [r4, #4]
10001906:	4688      	mov	r8, r1
10001908:	0016      	movs	r6, r2
1000190a:	2bff      	cmp	r3, #255	@ 0xff
1000190c:	d802      	bhi.n	10001914 <clock_configure_undivided+0x28>
1000190e:	2380      	movs	r3, #128	@ 0x80
10001910:	005b      	lsls	r3, r3, #1
10001912:	6063      	str	r3, [r4, #4]
10001914:	1f03      	subs	r3, r0, #4
10001916:	b2db      	uxtb	r3, r3
10001918:	469a      	mov	sl, r3
1000191a:	2b01      	cmp	r3, #1
1000191c:	d930      	bls.n	10001980 <clock_configure_undivided+0x94>
1000191e:	23c0      	movs	r3, #192	@ 0xc0
10001920:	2280      	movs	r2, #128	@ 0x80
10001922:	019b      	lsls	r3, r3, #6
10001924:	18e3      	adds	r3, r4, r3
10001926:	0112      	lsls	r2, r2, #4
10001928:	601a      	str	r2, [r3, #0]
1000192a:	4b29      	ldr	r3, [pc, #164]	@ (100019d0 <clock_configure_undivided+0xe4>)
1000192c:	0085      	lsls	r5, r0, #2
1000192e:	5959      	ldr	r1, [r3, r5]
10001930:	4699      	mov	r9, r3
10001932:	2900      	cmp	r1, #0
10001934:	d11b      	bne.n	1000196e <clock_configure_undivided+0x82>
10001936:	0173      	lsls	r3, r6, #5
10001938:	26e0      	movs	r6, #224	@ 0xe0
1000193a:	6822      	ldr	r2, [r4, #0]
1000193c:	4053      	eors	r3, r2
1000193e:	401e      	ands	r6, r3
10001940:	2380      	movs	r3, #128	@ 0x80
10001942:	4652      	mov	r2, sl
10001944:	015b      	lsls	r3, r3, #5
10001946:	18e3      	adds	r3, r4, r3
10001948:	601e      	str	r6, [r3, #0]
1000194a:	2a01      	cmp	r2, #1
1000194c:	d930      	bls.n	100019b0 <clock_configure_undivided+0xc4>
1000194e:	2380      	movs	r3, #128	@ 0x80
10001950:	2280      	movs	r2, #128	@ 0x80
10001952:	019b      	lsls	r3, r3, #6
10001954:	18e3      	adds	r3, r4, r3
10001956:	0112      	lsls	r2, r2, #4
10001958:	601a      	str	r2, [r3, #0]
1000195a:	2380      	movs	r3, #128	@ 0x80
1000195c:	005b      	lsls	r3, r3, #1
1000195e:	6063      	str	r3, [r4, #4]
10001960:	464b      	mov	r3, r9
10001962:	515f      	str	r7, [r3, r5]
10001964:	bce0      	pop	{r5, r6, r7}
10001966:	46ba      	mov	sl, r7
10001968:	46b1      	mov	r9, r6
1000196a:	46a8      	mov	r8, r5
1000196c:	bdf0      	pop	{r4, r5, r6, r7, pc}
1000196e:	6958      	ldr	r0, [r3, #20]
10001970:	f000 fa16 	bl	10001da0 <__wrap___aeabi_uidiv>
10001974:	3001      	adds	r0, #1
10001976:	0043      	lsls	r3, r0, #1
10001978:	181b      	adds	r3, r3, r0
1000197a:	3b03      	subs	r3, #3
1000197c:	d2fd      	bcs.n	1000197a <clock_configure_undivided+0x8e>
1000197e:	e7da      	b.n	10001936 <clock_configure_undivided+0x4a>
10001980:	4643      	mov	r3, r8
10001982:	2b01      	cmp	r3, #1
10001984:	d1cb      	bne.n	1000191e <clock_configure_undivided+0x32>
10001986:	23c0      	movs	r3, #192	@ 0xc0
10001988:	2203      	movs	r2, #3
1000198a:	019b      	lsls	r3, r3, #6
1000198c:	18e3      	adds	r3, r4, r3
1000198e:	601a      	str	r2, [r3, #0]
10001990:	3a02      	subs	r2, #2
10001992:	68a3      	ldr	r3, [r4, #8]
10001994:	421a      	tst	r2, r3
10001996:	d0fc      	beq.n	10001992 <clock_configure_undivided+0xa6>
10001998:	0173      	lsls	r3, r6, #5
1000199a:	26e0      	movs	r6, #224	@ 0xe0
1000199c:	6822      	ldr	r2, [r4, #0]
1000199e:	0085      	lsls	r5, r0, #2
100019a0:	4053      	eors	r3, r2
100019a2:	401e      	ands	r6, r3
100019a4:	2380      	movs	r3, #128	@ 0x80
100019a6:	4a0a      	ldr	r2, [pc, #40]	@ (100019d0 <clock_configure_undivided+0xe4>)
100019a8:	015b      	lsls	r3, r3, #5
100019aa:	4691      	mov	r9, r2
100019ac:	18e3      	adds	r3, r4, r3
100019ae:	601e      	str	r6, [r3, #0]
100019b0:	4642      	mov	r2, r8
100019b2:	6821      	ldr	r1, [r4, #0]
100019b4:	4051      	eors	r1, r2
100019b6:	2203      	movs	r2, #3
100019b8:	400a      	ands	r2, r1
100019ba:	601a      	str	r2, [r3, #0]
100019bc:	2301      	movs	r3, #1
100019be:	4642      	mov	r2, r8
100019c0:	4093      	lsls	r3, r2
100019c2:	68a2      	ldr	r2, [r4, #8]
100019c4:	4213      	tst	r3, r2
100019c6:	d0fc      	beq.n	100019c2 <clock_configure_undivided+0xd6>
100019c8:	e7c1      	b.n	1000194e <clock_configure_undivided+0x62>
100019ca:	46c0      	nop			@ (mov r8, r8)
100019cc:	40008000 	.word	0x40008000
100019d0:	20001cd4 	.word	0x20001cd4

100019d4 <clock_get_hz>:
100019d4:	4b01      	ldr	r3, [pc, #4]	@ (100019dc <clock_get_hz+0x8>)
100019d6:	0080      	lsls	r0, r0, #2
100019d8:	58c0      	ldr	r0, [r0, r3]
100019da:	4770      	bx	lr
100019dc:	20001cd4 	.word	0x20001cd4

100019e0 <pll_init>:
100019e0:	b5f8      	push	{r3, r4, r5, r6, r7, lr}
100019e2:	0004      	movs	r4, r0
100019e4:	4821      	ldr	r0, [pc, #132]	@ (10001a6c <pll_init+0x8c>)
100019e6:	001e      	movs	r6, r3
100019e8:	0017      	movs	r7, r2
100019ea:	000d      	movs	r5, r1
100019ec:	f000 f9d8 	bl	10001da0 <__wrap___aeabi_uidiv>
100019f0:	0001      	movs	r1, r0
100019f2:	0038      	movs	r0, r7
100019f4:	f000 f9d4 	bl	10001da0 <__wrap___aeabi_uidiv>
100019f8:	9b06      	ldr	r3, [sp, #24]
100019fa:	0436      	lsls	r6, r6, #16
100019fc:	031b      	lsls	r3, r3, #12
100019fe:	431e      	orrs	r6, r3
10001a00:	6823      	ldr	r3, [r4, #0]
10001a02:	2b00      	cmp	r3, #0
10001a04:	db20      	blt.n	10001a48 <pll_init+0x68>
10001a06:	4b1a      	ldr	r3, [pc, #104]	@ (10001a70 <pll_init+0x90>)
10001a08:	491a      	ldr	r1, [pc, #104]	@ (10001a74 <pll_init+0x94>)
10001a0a:	18e3      	adds	r3, r4, r3
10001a0c:	1e5a      	subs	r2, r3, #1
10001a0e:	4193      	sbcs	r3, r2
10001a10:	2280      	movs	r2, #128	@ 0x80
10001a12:	0192      	lsls	r2, r2, #6
10001a14:	4694      	mov	ip, r2
10001a16:	425b      	negs	r3, r3
10001a18:	0b1b      	lsrs	r3, r3, #12
10001a1a:	4a17      	ldr	r2, [pc, #92]	@ (10001a78 <pll_init+0x98>)
10001a1c:	031b      	lsls	r3, r3, #12
10001a1e:	4463      	add	r3, ip
10001a20:	6013      	str	r3, [r2, #0]
10001a22:	4a16      	ldr	r2, [pc, #88]	@ (10001a7c <pll_init+0x9c>)
10001a24:	6013      	str	r3, [r2, #0]
10001a26:	001f      	movs	r7, r3
10001a28:	680a      	ldr	r2, [r1, #0]
10001a2a:	4397      	bics	r7, r2
10001a2c:	d1fb      	bne.n	10001a26 <pll_init+0x46>
10001a2e:	4b14      	ldr	r3, [pc, #80]	@ (10001a80 <pll_init+0xa0>)
10001a30:	6025      	str	r5, [r4, #0]
10001a32:	18e2      	adds	r2, r4, r3
10001a34:	2321      	movs	r3, #33	@ 0x21
10001a36:	60a0      	str	r0, [r4, #8]
10001a38:	6013      	str	r3, [r2, #0]
10001a3a:	6823      	ldr	r3, [r4, #0]
10001a3c:	2b00      	cmp	r3, #0
10001a3e:	dafc      	bge.n	10001a3a <pll_init+0x5a>
10001a40:	2308      	movs	r3, #8
10001a42:	60e6      	str	r6, [r4, #12]
10001a44:	6013      	str	r3, [r2, #0]
10001a46:	bdf8      	pop	{r3, r4, r5, r6, r7, pc}
10001a48:	233f      	movs	r3, #63	@ 0x3f
10001a4a:	6822      	ldr	r2, [r4, #0]
10001a4c:	4013      	ands	r3, r2
10001a4e:	42ab      	cmp	r3, r5
10001a50:	d1d9      	bne.n	10001a06 <pll_init+0x26>
10001a52:	68a3      	ldr	r3, [r4, #8]
10001a54:	051b      	lsls	r3, r3, #20
10001a56:	0d1b      	lsrs	r3, r3, #20
10001a58:	4283      	cmp	r3, r0
10001a5a:	d1d4      	bne.n	10001a06 <pll_init+0x26>
10001a5c:	22ee      	movs	r2, #238	@ 0xee
10001a5e:	68e3      	ldr	r3, [r4, #12]
10001a60:	02d2      	lsls	r2, r2, #11
10001a62:	4013      	ands	r3, r2
10001a64:	42b3      	cmp	r3, r6
10001a66:	d1ce      	bne.n	10001a06 <pll_init+0x26>
10001a68:	e7ed      	b.n	10001a46 <pll_init+0x66>
10001a6a:	46c0      	nop			@ (mov r8, r8)
10001a6c:	00b71b00 	.word	0x00b71b00
10001a70:	bffd4000 	.word	0xbffd4000
10001a74:	4000c008 	.word	0x4000c008
10001a78:	4000e000 	.word	0x4000e000
10001a7c:	4000f000 	.word	0x4000f000
10001a80:	00003004 	.word	0x00003004

10001a84 <watchdog_reboot>:
10001a84:	b510      	push	{r4, lr}
10001a86:	2480      	movs	r4, #128	@ 0x80
10001a88:	4b1c      	ldr	r3, [pc, #112]	@ (10001afc <watchdog_reboot+0x78>)
10001a8a:	05e4      	lsls	r4, r4, #23
10001a8c:	601c      	str	r4, [r3, #0]
10001a8e:	2800      	cmp	r0, #0
10001a90:	d01a      	beq.n	10001ac8 <watchdog_reboot+0x44>
10001a92:	2301      	movs	r3, #1
10001a94:	4c1a      	ldr	r4, [pc, #104]	@ (10001b00 <watchdog_reboot+0x7c>)
10001a96:	4318      	orrs	r0, r3
10001a98:	4b1a      	ldr	r3, [pc, #104]	@ (10001b04 <watchdog_reboot+0x80>)
10001a9a:	61dc      	str	r4, [r3, #28]
10001a9c:	4c1a      	ldr	r4, [pc, #104]	@ (10001b08 <watchdog_reboot+0x84>)
10001a9e:	4044      	eors	r4, r0
10001aa0:	621c      	str	r4, [r3, #32]
10001aa2:	6259      	str	r1, [r3, #36]	@ 0x24
10001aa4:	6298      	str	r0, [r3, #40]	@ 0x28
10001aa6:	2180      	movs	r1, #128	@ 0x80
10001aa8:	4b14      	ldr	r3, [pc, #80]	@ (10001afc <watchdog_reboot+0x78>)
10001aaa:	05c9      	lsls	r1, r1, #23
10001aac:	6019      	str	r1, [r3, #0]
10001aae:	4817      	ldr	r0, [pc, #92]	@ (10001b0c <watchdog_reboot+0x88>)
10001ab0:	4917      	ldr	r1, [pc, #92]	@ (10001b10 <watchdog_reboot+0x8c>)
10001ab2:	6008      	str	r0, [r1, #0]
10001ab4:	21e0      	movs	r1, #224	@ 0xe0
10001ab6:	04c9      	lsls	r1, r1, #19
10001ab8:	6019      	str	r1, [r3, #0]
10001aba:	2a00      	cmp	r2, #0
10001abc:	d107      	bne.n	10001ace <watchdog_reboot+0x4a>
10001abe:	2280      	movs	r2, #128	@ 0x80
10001ac0:	4b14      	ldr	r3, [pc, #80]	@ (10001b14 <watchdog_reboot+0x90>)
10001ac2:	0612      	lsls	r2, r2, #24
10001ac4:	601a      	str	r2, [r3, #0]
10001ac6:	bd10      	pop	{r4, pc}
10001ac8:	4b0e      	ldr	r3, [pc, #56]	@ (10001b04 <watchdog_reboot+0x80>)
10001aca:	61d8      	str	r0, [r3, #28]
10001acc:	e7eb      	b.n	10001aa6 <watchdog_reboot+0x22>
10001ace:	0153      	lsls	r3, r2, #5
10001ad0:	1a9b      	subs	r3, r3, r2
10001ad2:	009b      	lsls	r3, r3, #2
10001ad4:	189a      	adds	r2, r3, r2
10001ad6:	2380      	movs	r3, #128	@ 0x80
10001ad8:	0112      	lsls	r2, r2, #4
10001ada:	045b      	lsls	r3, r3, #17
10001adc:	429a      	cmp	r2, r3
10001ade:	d209      	bcs.n	10001af4 <watchdog_reboot+0x70>
10001ae0:	0013      	movs	r3, r2
10001ae2:	490d      	ldr	r1, [pc, #52]	@ (10001b18 <watchdog_reboot+0x94>)
10001ae4:	600b      	str	r3, [r1, #0]
10001ae6:	4b07      	ldr	r3, [pc, #28]	@ (10001b04 <watchdog_reboot+0x80>)
10001ae8:	605a      	str	r2, [r3, #4]
10001aea:	2280      	movs	r2, #128	@ 0x80
10001aec:	4b09      	ldr	r3, [pc, #36]	@ (10001b14 <watchdog_reboot+0x90>)
10001aee:	05d2      	lsls	r2, r2, #23
10001af0:	601a      	str	r2, [r3, #0]
10001af2:	e7e8      	b.n	10001ac6 <watchdog_reboot+0x42>
10001af4:	4b09      	ldr	r3, [pc, #36]	@ (10001b1c <watchdog_reboot+0x98>)
10001af6:	001a      	movs	r2, r3
10001af8:	e7f3      	b.n	10001ae2 <watchdog_reboot+0x5e>
10001afa:	46c0      	nop			@ (mov r8, r8)
10001afc:	4005b000 	.word	0x4005b000
10001b00:	b007c0d3 	.word	0xb007c0d3
10001b04:	40058000 	.word	0x40058000
10001b08:	4ff83f2d 	.word	0x4ff83f2d
10001b0c:	0001fffc 	.word	0x0001fffc
10001b10:	40012008 	.word	0x40012008
10001b14:	4005a000 	.word	0x4005a000
10001b18:	20002134 	.word	0x20002134
10001b1c:	00ffffff 	.word	0x00ffffff

10001b20 <tick_start>:
10001b20:	2380      	movs	r3, #128	@ 0x80
10001b22:	4a02      	ldr	r2, [pc, #8]	@ (10001b2c <tick_start+0xc>)
10001b24:	009b      	lsls	r3, r3, #2
10001b26:	430b      	orrs	r3, r1
10001b28:	62d3      	str	r3, [r2, #44]	@ 0x2c
10001b2a:	4770      	bx	lr
10001b2c:	40058000 	.word	0x40058000

10001b30 <rom_func_lookup>:
10001b30:	2300      	movs	r3, #0
10001b32:	b510      	push	{r4, lr}
10001b34:	0001      	movs	r1, r0
10001b36:	8a98      	ldrh	r0, [r3, #20]
10001b38:	8b1b      	ldrh	r3, [r3, #24]
10001b3a:	4798      	blx	r3
10001b3c:	bd10      	pop	{r4, pc}
10001b3e:	46c0      	nop			@ (mov r8, r8)

10001b40 <rom_data_lookup>:
10001b40:	2316      	movs	r3, #22
10001b42:	b510      	push	{r4, lr}
10001b44:	0001      	movs	r1, r0
10001b46:	8818      	ldrh	r0, [r3, #0]
10001b48:	3302      	adds	r3, #2
10001b4a:	881b      	ldrh	r3, [r3, #0]
10001b4c:	4798      	blx	r3
10001b4e:	bd10      	pop	{r4, pc}

10001b50 <rom_funcs_lookup>:
10001b50:	b5f8      	push	{r3, r4, r5, r6, r7, lr}
10001b52:	4647      	mov	r7, r8
10001b54:	46ce      	mov	lr, r9
10001b56:	b580      	push	{r7, lr}
10001b58:	1e0f      	subs	r7, r1, #0
10001b5a:	d018      	beq.n	10001b8e <rom_funcs_lookup+0x3e>
10001b5c:	2314      	movs	r3, #20
10001b5e:	4699      	mov	r9, r3
10001b60:	3304      	adds	r3, #4
10001b62:	0004      	movs	r4, r0
10001b64:	2500      	movs	r5, #0
10001b66:	2601      	movs	r6, #1
10001b68:	4698      	mov	r8, r3
10001b6a:	464b      	mov	r3, r9
10001b6c:	8818      	ldrh	r0, [r3, #0]
10001b6e:	4643      	mov	r3, r8
10001b70:	6821      	ldr	r1, [r4, #0]
10001b72:	881b      	ldrh	r3, [r3, #0]
10001b74:	4798      	blx	r3
10001b76:	c401      	stmia	r4!, {r0}
10001b78:	1e43      	subs	r3, r0, #1
10001b7a:	4198      	sbcs	r0, r3
10001b7c:	3501      	adds	r5, #1
10001b7e:	4006      	ands	r6, r0
10001b80:	42af      	cmp	r7, r5
10001b82:	d1f2      	bne.n	10001b6a <rom_funcs_lookup+0x1a>
10001b84:	0030      	movs	r0, r6
10001b86:	bcc0      	pop	{r6, r7}
10001b88:	46b9      	mov	r9, r7
10001b8a:	46b0      	mov	r8, r6
10001b8c:	bdf8      	pop	{r3, r4, r5, r6, r7, pc}
10001b8e:	2601      	movs	r6, #1
10001b90:	e7f8      	b.n	10001b84 <rom_funcs_lookup+0x34>
10001b92:	46c0      	nop			@ (mov r8, r8)

10001b94 <rom_reset_usb_boot_extra>:
10001b94:	2300      	movs	r3, #0
10001b96:	b570      	push	{r4, r5, r6, lr}
10001b98:	0004      	movs	r4, r0
10001b9a:	000d      	movs	r5, r1
10001b9c:	8a98      	ldrh	r0, [r3, #20]
10001b9e:	4905      	ldr	r1, [pc, #20]	@ (10001bb4 <rom_reset_usb_boot_extra+0x20>)
10001ba0:	8b1b      	ldrh	r3, [r3, #24]
10001ba2:	4798      	blx	r3
10001ba4:	0003      	movs	r3, r0
10001ba6:	2000      	movs	r0, #0
10001ba8:	2c00      	cmp	r4, #0
10001baa:	db01      	blt.n	10001bb0 <rom_reset_usb_boot_extra+0x1c>
10001bac:	3001      	adds	r0, #1
10001bae:	40a0      	lsls	r0, r4
10001bb0:	0029      	movs	r1, r5
10001bb2:	4798      	blx	r3
10001bb4:	00004255 	.word	0x00004255

10001bb8 <xosc_init>:
10001bb8:	23aa      	movs	r3, #170	@ 0xaa
10001bba:	4a06      	ldr	r2, [pc, #24]	@ (10001bd4 <xosc_init+0x1c>)
10001bbc:	011b      	lsls	r3, r3, #4
10001bbe:	6013      	str	r3, [r2, #0]
10001bc0:	238d      	movs	r3, #141	@ 0x8d
10001bc2:	005b      	lsls	r3, r3, #1
10001bc4:	60d3      	str	r3, [r2, #12]
10001bc6:	4904      	ldr	r1, [pc, #16]	@ (10001bd8 <xosc_init+0x20>)
10001bc8:	4b04      	ldr	r3, [pc, #16]	@ (10001bdc <xosc_init+0x24>)
10001bca:	6019      	str	r1, [r3, #0]
10001bcc:	6853      	ldr	r3, [r2, #4]
10001bce:	2b00      	cmp	r3, #0
10001bd0:	dafc      	bge.n	10001bcc <xosc_init+0x14>
10001bd2:	4770      	bx	lr
10001bd4:	40024000 	.word	0x40024000
10001bd8:	00fab000 	.word	0x00fab000
10001bdc:	40026000 	.word	0x40026000

10001be0 <first_per_core_initializer>:
10001be0:	4770      	bx	lr
10001be2:	46c0      	nop			@ (mov r8, r8)

10001be4 <hard_assertion_failure>:
10001be4:	b510      	push	{r4, lr}
10001be6:	4801      	ldr	r0, [pc, #4]	@ (10001bec <hard_assertion_failure+0x8>)
10001be8:	f7fe fdd2 	bl	10000790 <panic>
10001bec:	10004e58 	.word	0x10004e58

10001bf0 <runtime_run_initializers>:
10001bf0:	b570      	push	{r4, r5, r6, lr}
10001bf2:	4d07      	ldr	r5, [pc, #28]	@ (10001c10 <runtime_run_initializers+0x20>)
10001bf4:	4e07      	ldr	r6, [pc, #28]	@ (10001c14 <runtime_run_initializers+0x24>)
10001bf6:	42b5      	cmp	r5, r6
10001bf8:	d209      	bcs.n	10001c0e <runtime_run_initializers+0x1e>
10001bfa:	2400      	movs	r4, #0
10001bfc:	3e01      	subs	r6, #1
10001bfe:	1b76      	subs	r6, r6, r5
10001c00:	08b6      	lsrs	r6, r6, #2
10001c02:	cd08      	ldmia	r5!, {r3}
10001c04:	4798      	blx	r3
10001c06:	0023      	movs	r3, r4
10001c08:	3401      	adds	r4, #1
10001c0a:	42b3      	cmp	r3, r6
10001c0c:	d1f9      	bne.n	10001c02 <runtime_run_initializers+0x12>
10001c0e:	bd70      	pop	{r4, r5, r6, pc}
10001c10:	10004d90 	.word	0x10004d90
10001c14:	10004dcc 	.word	0x10004dcc

10001c18 <runtime_init_early_resets>:
10001c18:	4b05      	ldr	r3, [pc, #20]	@ (10001c30 <runtime_init_early_resets+0x18>)
10001c1a:	4a06      	ldr	r2, [pc, #24]	@ (10001c34 <runtime_init_early_resets+0x1c>)
10001c1c:	4906      	ldr	r1, [pc, #24]	@ (10001c38 <runtime_init_early_resets+0x20>)
10001c1e:	601a      	str	r2, [r3, #0]
10001c20:	4a06      	ldr	r2, [pc, #24]	@ (10001c3c <runtime_init_early_resets+0x24>)
10001c22:	4b07      	ldr	r3, [pc, #28]	@ (10001c40 <runtime_init_early_resets+0x28>)
10001c24:	601a      	str	r2, [r3, #0]
10001c26:	0010      	movs	r0, r2
10001c28:	680b      	ldr	r3, [r1, #0]
10001c2a:	4398      	bics	r0, r3
10001c2c:	d1fb      	bne.n	10001c26 <runtime_init_early_resets+0xe>
10001c2e:	4770      	bx	lr
10001c30:	4000e000 	.word	0x4000e000
10001c34:	fefbcdbf 	.word	0xfefbcdbf
10001c38:	4000c008 	.word	0x4000c008
10001c3c:	003c7ffe 	.word	0x003c7ffe
10001c40:	4000f000 	.word	0x4000f000

10001c44 <runtime_init_usb_power_down>:
10001c44:	4b04      	ldr	r3, [pc, #16]	@ (10001c58 <runtime_init_usb_power_down+0x14>)
10001c46:	6cdb      	ldr	r3, [r3, #76]	@ 0x4c
10001c48:	2b00      	cmp	r3, #0
10001c4a:	d103      	bne.n	10001c54 <runtime_init_usb_power_down+0x10>
10001c4c:	2280      	movs	r2, #128	@ 0x80
10001c4e:	4b03      	ldr	r3, [pc, #12]	@ (10001c5c <runtime_init_usb_power_down+0x18>)
10001c50:	02d2      	lsls	r2, r2, #11
10001c52:	601a      	str	r2, [r3, #0]
10001c54:	4770      	bx	lr
10001c56:	46c0      	nop			@ (mov r8, r8)
10001c58:	50110000 	.word	0x50110000
10001c5c:	5011204c 	.word	0x5011204c

10001c60 <runtime_init_post_clock_resets>:
10001c60:	4a04      	ldr	r2, [pc, #16]	@ (10001c74 <runtime_init_post_clock_resets+0x14>)
10001c62:	4b05      	ldr	r3, [pc, #20]	@ (10001c78 <runtime_init_post_clock_resets+0x18>)
10001c64:	601a      	str	r2, [r3, #0]
10001c66:	4a05      	ldr	r2, [pc, #20]	@ (10001c7c <runtime_init_post_clock_resets+0x1c>)
10001c68:	6813      	ldr	r3, [r2, #0]
10001c6a:	01db      	lsls	r3, r3, #7
10001c6c:	3380      	adds	r3, #128	@ 0x80
10001c6e:	d1fb      	bne.n	10001c68 <runtime_init_post_clock_resets+0x8>
10001c70:	4770      	bx	lr
10001c72:	46c0      	nop			@ (mov r8, r8)
10001c74:	01ffffff 	.word	0x01ffffff
10001c78:	4000f000 	.word	0x4000f000
10001c7c:	4000c008 	.word	0x4000c008

10001c80 <runtime_init_rp2040_gpio_ie_disable>:
10001c80:	2240      	movs	r2, #64	@ 0x40
10001c82:	4b03      	ldr	r3, [pc, #12]	@ (10001c90 <runtime_init_rp2040_gpio_ie_disable+0x10>)
10001c84:	679a      	str	r2, [r3, #120]	@ 0x78
10001c86:	675a      	str	r2, [r3, #116]	@ 0x74
10001c88:	671a      	str	r2, [r3, #112]	@ 0x70
10001c8a:	66da      	str	r2, [r3, #108]	@ 0x6c
10001c8c:	4770      	bx	lr
10001c8e:	46c0      	nop			@ (mov r8, r8)
10001c90:	4001f000 	.word	0x4001f000

10001c94 <runtime_init_spin_locks_reset>:
10001c94:	b510      	push	{r4, lr}
10001c96:	f7fe fe17 	bl	100008c8 <spin_locks_reset>
10001c9a:	bd10      	pop	{r4, pc}

10001c9c <runtime_init_install_ram_vector_table>:
10001c9c:	b570      	push	{r4, r5, r6, lr}
10001c9e:	4d04      	ldr	r5, [pc, #16]	@ (10001cb0 <runtime_init_install_ram_vector_table+0x14>)
10001ca0:	4c04      	ldr	r4, [pc, #16]	@ (10001cb4 <runtime_init_install_ram_vector_table+0x18>)
10001ca2:	68a9      	ldr	r1, [r5, #8]
10001ca4:	22c0      	movs	r2, #192	@ 0xc0
10001ca6:	0020      	movs	r0, r4
10001ca8:	f000 f978 	bl	10001f9c <__wrap___aeabi_memcpy>
10001cac:	60ac      	str	r4, [r5, #8]
10001cae:	bd70      	pop	{r4, r5, r6, pc}
10001cb0:	e000ed00 	.word	0xe000ed00
10001cb4:	20000000 	.word	0x20000000

10001cb8 <runtime_init_clocks>:
10001cb8:	2300      	movs	r3, #0
10001cba:	b510      	push	{r4, lr}
10001cbc:	4c29      	ldr	r4, [pc, #164]	@ (10001d64 <runtime_init_clocks+0xac>)
10001cbe:	b082      	sub	sp, #8
10001cc0:	67a3      	str	r3, [r4, #120]	@ 0x78
10001cc2:	f7ff ff79 	bl	10001bb8 <xosc_init>
10001cc6:	2201      	movs	r2, #1
10001cc8:	4b27      	ldr	r3, [pc, #156]	@ (10001d68 <runtime_init_clocks+0xb0>)
10001cca:	601a      	str	r2, [r3, #0]
10001ccc:	6c63      	ldr	r3, [r4, #68]	@ 0x44
10001cce:	2b01      	cmp	r3, #1
10001cd0:	d1fc      	bne.n	10001ccc <runtime_init_clocks+0x14>
10001cd2:	2203      	movs	r2, #3
10001cd4:	4b25      	ldr	r3, [pc, #148]	@ (10001d6c <runtime_init_clocks+0xb4>)
10001cd6:	601a      	str	r2, [r3, #0]
10001cd8:	4a22      	ldr	r2, [pc, #136]	@ (10001d64 <runtime_init_clocks+0xac>)
10001cda:	6b93      	ldr	r3, [r2, #56]	@ 0x38
10001cdc:	2b01      	cmp	r3, #1
10001cde:	d1fc      	bne.n	10001cda <runtime_init_clocks+0x22>
10001ce0:	3301      	adds	r3, #1
10001ce2:	9300      	str	r3, [sp, #0]
10001ce4:	2101      	movs	r1, #1
10001ce6:	4a22      	ldr	r2, [pc, #136]	@ (10001d70 <runtime_init_clocks+0xb8>)
10001ce8:	4822      	ldr	r0, [pc, #136]	@ (10001d74 <runtime_init_clocks+0xbc>)
10001cea:	3304      	adds	r3, #4
10001cec:	f7ff fe78 	bl	100019e0 <pll_init>
10001cf0:	2305      	movs	r3, #5
10001cf2:	2101      	movs	r1, #1
10001cf4:	9300      	str	r3, [sp, #0]
10001cf6:	4a20      	ldr	r2, [pc, #128]	@ (10001d78 <runtime_init_clocks+0xc0>)
10001cf8:	4820      	ldr	r0, [pc, #128]	@ (10001d7c <runtime_init_clocks+0xc4>)
10001cfa:	f7ff fe71 	bl	100019e0 <pll_init>
10001cfe:	2200      	movs	r2, #0
10001d00:	2102      	movs	r1, #2
10001d02:	2004      	movs	r0, #4
10001d04:	4b1e      	ldr	r3, [pc, #120]	@ (10001d80 <runtime_init_clocks+0xc8>)
10001d06:	f7ff fdf1 	bl	100018ec <clock_configure_undivided>
10001d0a:	2200      	movs	r2, #0
10001d0c:	2101      	movs	r1, #1
10001d0e:	2005      	movs	r0, #5
10001d10:	4b1c      	ldr	r3, [pc, #112]	@ (10001d84 <runtime_init_clocks+0xcc>)
10001d12:	f7ff fdeb 	bl	100018ec <clock_configure_undivided>
10001d16:	2200      	movs	r2, #0
10001d18:	2100      	movs	r1, #0
10001d1a:	2007      	movs	r0, #7
10001d1c:	4b1a      	ldr	r3, [pc, #104]	@ (10001d88 <runtime_init_clocks+0xd0>)
10001d1e:	f7ff fde5 	bl	100018ec <clock_configure_undivided>
10001d22:	2200      	movs	r2, #0
10001d24:	2100      	movs	r1, #0
10001d26:	2008      	movs	r0, #8
10001d28:	4b17      	ldr	r3, [pc, #92]	@ (10001d88 <runtime_init_clocks+0xd0>)
10001d2a:	f7ff fddf 	bl	100018ec <clock_configure_undivided>
10001d2e:	2380      	movs	r3, #128	@ 0x80
10001d30:	00db      	lsls	r3, r3, #3
10001d32:	9300      	str	r3, [sp, #0]
10001d34:	2200      	movs	r2, #0
10001d36:	2100      	movs	r1, #0
10001d38:	2009      	movs	r0, #9
10001d3a:	4b13      	ldr	r3, [pc, #76]	@ (10001d88 <runtime_init_clocks+0xd0>)
10001d3c:	f7ff fd5c 	bl	100017f8 <clock_configure_int_divider>
10001d40:	2200      	movs	r2, #0
10001d42:	4b10      	ldr	r3, [pc, #64]	@ (10001d84 <runtime_init_clocks+0xcc>)
10001d44:	2100      	movs	r1, #0
10001d46:	2006      	movs	r0, #6
10001d48:	f7ff fdd0 	bl	100018ec <clock_configure_undivided>
10001d4c:	2004      	movs	r0, #4
10001d4e:	f7ff fe41 	bl	100019d4 <clock_get_hz>
10001d52:	490e      	ldr	r1, [pc, #56]	@ (10001d8c <runtime_init_clocks+0xd4>)
10001d54:	f000 f824 	bl	10001da0 <__wrap___aeabi_uidiv>
10001d58:	0001      	movs	r1, r0
10001d5a:	2000      	movs	r0, #0
10001d5c:	f7ff fee0 	bl	10001b20 <tick_start>
10001d60:	b002      	add	sp, #8
10001d62:	bd10      	pop	{r4, pc}
10001d64:	40008000 	.word	0x40008000
10001d68:	4000b03c 	.word	0x4000b03c
10001d6c:	4000b030 	.word	0x4000b030
10001d70:	59682f00 	.word	0x59682f00
10001d74:	40028000 	.word	0x40028000
10001d78:	47868c00 	.word	0x47868c00
10001d7c:	4002c000 	.word	0x4002c000
10001d80:	00b71b00 	.word	0x00b71b00
10001d84:	07735940 	.word	0x07735940
10001d88:	02dc6c00 	.word	0x02dc6c00
10001d8c:	000f4240 	.word	0x000f4240

10001d90 <__aeabi_bits_init>:
10001d90:	4801      	ldr	r0, [pc, #4]	@ (10001d98 <__aeabi_bits_init+0x8>)
10001d92:	2104      	movs	r1, #4
10001d94:	4b01      	ldr	r3, [pc, #4]	@ (10001d9c <__aeabi_bits_init+0xc>)
10001d96:	4718      	bx	r3
10001d98:	20001000 	.word	0x20001000
10001d9c:	10001b51 	.word	0x10001b51

10001da0 <__wrap___aeabi_uidiv>:
10001da0:	4a11      	ldr	r2, [pc, #68]	@ (10001de8 <divmod_u32u32_savestate+0x18>)
10001da2:	6f93      	ldr	r3, [r2, #120]	@ 0x78
10001da4:	089b      	lsrs	r3, r3, #2
10001da6:	d213      	bcs.n	10001dd0 <divmod_u32u32_savestate>

10001da8 <divmod_u32u32_unsafe>:
10001da8:	6610      	str	r0, [r2, #96]	@ 0x60
10001daa:	6651      	str	r1, [r2, #100]	@ 0x64
10001dac:	2900      	cmp	r1, #0
10001dae:	d005      	beq.n	10001dbc <divmod_u32u32_unsafe+0x14>
10001db0:	e7ff      	b.n	10001db2 <divmod_u32u32_unsafe+0xa>
10001db2:	e7ff      	b.n	10001db4 <divmod_u32u32_unsafe+0xc>
10001db4:	e7ff      	b.n	10001db6 <divmod_u32u32_unsafe+0xe>
10001db6:	6f51      	ldr	r1, [r2, #116]	@ 0x74
10001db8:	6f10      	ldr	r0, [r2, #112]	@ 0x70
10001dba:	4770      	bx	lr
10001dbc:	b504      	push	{r2, lr}
10001dbe:	2800      	cmp	r0, #0
10001dc0:	d001      	beq.n	10001dc6 <divmod_u32u32_unsafe+0x1e>
10001dc2:	2000      	movs	r0, #0
10001dc4:	43c0      	mvns	r0, r0
10001dc6:	f002 ffa3 	bl	10004d10 <____aeabi_idiv0_veneer>
10001dca:	2100      	movs	r1, #0
10001dcc:	bd04      	pop	{r2, pc}
10001dce:	46c0      	nop			@ (mov r8, r8)

10001dd0 <divmod_u32u32_savestate>:
10001dd0:	b5f0      	push	{r4, r5, r6, r7, lr}
10001dd2:	6e14      	ldr	r4, [r2, #96]	@ 0x60
10001dd4:	6e55      	ldr	r5, [r2, #100]	@ 0x64
10001dd6:	6f57      	ldr	r7, [r2, #116]	@ 0x74
10001dd8:	6f16      	ldr	r6, [r2, #112]	@ 0x70
10001dda:	f7ff ffe5 	bl	10001da8 <divmod_u32u32_unsafe>
10001dde:	6614      	str	r4, [r2, #96]	@ 0x60
10001de0:	6655      	str	r5, [r2, #100]	@ 0x64
10001de2:	6757      	str	r7, [r2, #116]	@ 0x74
10001de4:	6716      	str	r6, [r2, #112]	@ 0x70
10001de6:	bdf0      	pop	{r4, r5, r6, r7, pc}
10001de8:	d0000000 	.word	0xd0000000

10001dec <__aeabi_double_init>:
10001dec:	2313      	movs	r3, #19
10001dee:	b570      	push	{r4, r5, r6, lr}
10001df0:	781d      	ldrb	r5, [r3, #0]
10001df2:	2d01      	cmp	r5, #1
10001df4:	d019      	beq.n	10001e2a <__aeabi_double_init+0x3e>
10001df6:	dd14      	ble.n	10001e22 <__aeabi_double_init+0x36>
10001df8:	481f      	ldr	r0, [pc, #124]	@ (10001e78 <__aeabi_double_init+0x8c>)
10001dfa:	f7ff fea1 	bl	10001b40 <rom_data_lookup>
10001dfe:	0006      	movs	r6, r0
10001e00:	481e      	ldr	r0, [pc, #120]	@ (10001e7c <__aeabi_double_init+0x90>)
10001e02:	f7ff fe9d 	bl	10001b40 <rom_data_lookup>
10001e06:	4c1e      	ldr	r4, [pc, #120]	@ (10001e80 <__aeabi_double_init+0x94>)
10001e08:	2280      	movs	r2, #128	@ 0x80
10001e0a:	0031      	movs	r1, r6
10001e0c:	0020      	movs	r0, r4
10001e0e:	f000 f8c5 	bl	10001f9c <__wrap___aeabi_memcpy>
10001e12:	2d02      	cmp	r5, #2
10001e14:	d02d      	beq.n	10001e72 <__aeabi_double_init+0x86>
10001e16:	481b      	ldr	r0, [pc, #108]	@ (10001e84 <__aeabi_double_init+0x98>)
10001e18:	f7ff fe8a 	bl	10001b30 <rom_func_lookup>
10001e1c:	4b1a      	ldr	r3, [pc, #104]	@ (10001e88 <__aeabi_double_init+0x9c>)
10001e1e:	6018      	str	r0, [r3, #0]
10001e20:	bd70      	pop	{r4, r5, r6, pc}
10001e22:	4b1a      	ldr	r3, [pc, #104]	@ (10001e8c <__aeabi_double_init+0xa0>)
10001e24:	4c16      	ldr	r4, [pc, #88]	@ (10001e80 <__aeabi_double_init+0x94>)
10001e26:	64a3      	str	r3, [r4, #72]	@ 0x48
10001e28:	e7f5      	b.n	10001e16 <__aeabi_double_init+0x2a>
10001e2a:	4b18      	ldr	r3, [pc, #96]	@ (10001e8c <__aeabi_double_init+0xa0>)
10001e2c:	4c14      	ldr	r4, [pc, #80]	@ (10001e80 <__aeabi_double_init+0x94>)
10001e2e:	6023      	str	r3, [r4, #0]
10001e30:	6063      	str	r3, [r4, #4]
10001e32:	60a3      	str	r3, [r4, #8]
10001e34:	60e3      	str	r3, [r4, #12]
10001e36:	6123      	str	r3, [r4, #16]
10001e38:	6163      	str	r3, [r4, #20]
10001e3a:	61a3      	str	r3, [r4, #24]
10001e3c:	61e3      	str	r3, [r4, #28]
10001e3e:	6223      	str	r3, [r4, #32]
10001e40:	6263      	str	r3, [r4, #36]	@ 0x24
10001e42:	62a3      	str	r3, [r4, #40]	@ 0x28
10001e44:	62e3      	str	r3, [r4, #44]	@ 0x2c
10001e46:	6323      	str	r3, [r4, #48]	@ 0x30
10001e48:	6363      	str	r3, [r4, #52]	@ 0x34
10001e4a:	63a3      	str	r3, [r4, #56]	@ 0x38
10001e4c:	63e3      	str	r3, [r4, #60]	@ 0x3c
10001e4e:	6423      	str	r3, [r4, #64]	@ 0x40
10001e50:	6463      	str	r3, [r4, #68]	@ 0x44
10001e52:	64a3      	str	r3, [r4, #72]	@ 0x48
10001e54:	64e3      	str	r3, [r4, #76]	@ 0x4c
10001e56:	6523      	str	r3, [r4, #80]	@ 0x50
10001e58:	6563      	str	r3, [r4, #84]	@ 0x54
10001e5a:	65a3      	str	r3, [r4, #88]	@ 0x58
10001e5c:	65e3      	str	r3, [r4, #92]	@ 0x5c
10001e5e:	6623      	str	r3, [r4, #96]	@ 0x60
10001e60:	6663      	str	r3, [r4, #100]	@ 0x64
10001e62:	66a3      	str	r3, [r4, #104]	@ 0x68
10001e64:	66e3      	str	r3, [r4, #108]	@ 0x6c
10001e66:	6723      	str	r3, [r4, #112]	@ 0x70
10001e68:	6763      	str	r3, [r4, #116]	@ 0x74
10001e6a:	67a3      	str	r3, [r4, #120]	@ 0x78
10001e6c:	67e3      	str	r3, [r4, #124]	@ 0x7c
10001e6e:	64a3      	str	r3, [r4, #72]	@ 0x48
10001e70:	e7d1      	b.n	10001e16 <__aeabi_double_init+0x2a>
10001e72:	4b06      	ldr	r3, [pc, #24]	@ (10001e8c <__aeabi_double_init+0xa0>)
10001e74:	64a3      	str	r3, [r4, #72]	@ 0x48
10001e76:	e7ce      	b.n	10001e16 <__aeabi_double_init+0x2a>
10001e78:	00004453 	.word	0x00004453
10001e7c:	00004653 	.word	0x00004653
10001e80:	200013e8 	.word	0x200013e8
10001e84:	0000334c 	.word	0x0000334c
10001e88:	20002174 	.word	0x20002174
10001e8c:	10001e91 	.word	0x10001e91

10001e90 <double_table_shim_on_use_helper>:
10001e90:	b507      	push	{r0, r1, r2, lr}
10001e92:	4660      	mov	r0, ip
10001e94:	8801      	ldrh	r1, [r0, #0]
10001e96:	0a0a      	lsrs	r2, r1, #8
10001e98:	3002      	adds	r0, #2
10001e9a:	2adf      	cmp	r2, #223	@ 0xdf
10001e9c:	d1fa      	bne.n	10001e94 <double_table_shim_on_use_helper+0x4>
10001e9e:	b2c9      	uxtb	r1, r1
10001ea0:	0882      	lsrs	r2, r0, #2
10001ea2:	d304      	bcc.n	10001eae <double_table_shim_on_use_helper+0x1e>
10001ea4:	8802      	ldrh	r2, [r0, #0]
10001ea6:	8840      	ldrh	r0, [r0, #2]
10001ea8:	0400      	lsls	r0, r0, #16
10001eaa:	4310      	orrs	r0, r2
10001eac:	e000      	b.n	10001eb0 <double_table_shim_on_use_helper+0x20>
10001eae:	6800      	ldr	r0, [r0, #0]
10001eb0:	4a01      	ldr	r2, [pc, #4]	@ (10001eb8 <double_table_shim_on_use_helper+0x28>)
10001eb2:	5050      	str	r0, [r2, r1]
10001eb4:	9003      	str	r0, [sp, #12]
10001eb6:	bd07      	pop	{r0, r1, r2, pc}
10001eb8:	200013e8 	.word	0x200013e8

10001ebc <__wrap___aeabi_lmul>:
10001ebc:	4351      	muls	r1, r2
10001ebe:	4343      	muls	r3, r0
10001ec0:	18c9      	adds	r1, r1, r3
10001ec2:	468c      	mov	ip, r1
10001ec4:	0c11      	lsrs	r1, r2, #16
10001ec6:	b283      	uxth	r3, r0
10001ec8:	434b      	muls	r3, r1
10001eca:	b410      	push	{r4}
10001ecc:	0c04      	lsrs	r4, r0, #16
10001ece:	4361      	muls	r1, r4
10001ed0:	b292      	uxth	r2, r2
10001ed2:	b280      	uxth	r0, r0
10001ed4:	4350      	muls	r0, r2
10001ed6:	4362      	muls	r2, r4
10001ed8:	041c      	lsls	r4, r3, #16
10001eda:	0c1b      	lsrs	r3, r3, #16
10001edc:	1900      	adds	r0, r0, r4
10001ede:	bc10      	pop	{r4}
10001ee0:	4159      	adcs	r1, r3
10001ee2:	0413      	lsls	r3, r2, #16
10001ee4:	0c12      	lsrs	r2, r2, #16
10001ee6:	18c0      	adds	r0, r0, r3
10001ee8:	4151      	adcs	r1, r2
10001eea:	4461      	add	r1, ip
10001eec:	4770      	bx	lr
	...

10001ef0 <__aeabi_float_init>:
10001ef0:	2313      	movs	r3, #19
10001ef2:	b510      	push	{r4, lr}
10001ef4:	4812      	ldr	r0, [pc, #72]	@ (10001f40 <__aeabi_float_init+0x50>)
10001ef6:	781c      	ldrb	r4, [r3, #0]
10001ef8:	f7ff fe22 	bl	10001b40 <rom_data_lookup>
10001efc:	0001      	movs	r1, r0
10001efe:	2c01      	cmp	r4, #1
10001f00:	d00a      	beq.n	10001f18 <__aeabi_float_init+0x28>
10001f02:	dd03      	ble.n	10001f0c <__aeabi_float_init+0x1c>
10001f04:	2280      	movs	r2, #128	@ 0x80
10001f06:	480f      	ldr	r0, [pc, #60]	@ (10001f44 <__aeabi_float_init+0x54>)
10001f08:	f000 f848 	bl	10001f9c <__wrap___aeabi_memcpy>
10001f0c:	480e      	ldr	r0, [pc, #56]	@ (10001f48 <__aeabi_float_init+0x58>)
10001f0e:	f7ff fe0f 	bl	10001b30 <rom_func_lookup>
10001f12:	4b0e      	ldr	r3, [pc, #56]	@ (10001f4c <__aeabi_float_init+0x5c>)
10001f14:	6018      	str	r0, [r3, #0]
10001f16:	bd10      	pop	{r4, pc}
10001f18:	4c0a      	ldr	r4, [pc, #40]	@ (10001f44 <__aeabi_float_init+0x54>)
10001f1a:	2254      	movs	r2, #84	@ 0x54
10001f1c:	0020      	movs	r0, r4
10001f1e:	f000 f83d 	bl	10001f9c <__wrap___aeabi_memcpy>
10001f22:	4b0b      	ldr	r3, [pc, #44]	@ (10001f50 <__aeabi_float_init+0x60>)
10001f24:	6563      	str	r3, [r4, #84]	@ 0x54
10001f26:	65a3      	str	r3, [r4, #88]	@ 0x58
10001f28:	65e3      	str	r3, [r4, #92]	@ 0x5c
10001f2a:	6623      	str	r3, [r4, #96]	@ 0x60
10001f2c:	6663      	str	r3, [r4, #100]	@ 0x64
10001f2e:	66a3      	str	r3, [r4, #104]	@ 0x68
10001f30:	66e3      	str	r3, [r4, #108]	@ 0x6c
10001f32:	6723      	str	r3, [r4, #112]	@ 0x70
10001f34:	6763      	str	r3, [r4, #116]	@ 0x74
10001f36:	67a3      	str	r3, [r4, #120]	@ 0x78
10001f38:	67e3      	str	r3, [r4, #124]	@ 0x7c
10001f3a:	6223      	str	r3, [r4, #32]
10001f3c:	61e3      	str	r3, [r4, #28]
10001f3e:	e7e5      	b.n	10001f0c <__aeabi_float_init+0x1c>
10001f40:	00004653 	.word	0x00004653
10001f44:	200014e8 	.word	0x200014e8
10001f48:	0000334c 	.word	0x0000334c
10001f4c:	20002174 	.word	0x20002174
10001f50:	10001f55 	.word	0x10001f55

10001f54 <float_table_shim_on_use_helper>:
10001f54:	b507      	push	{r0, r1, r2, lr}
10001f56:	4660      	mov	r0, ip
10001f58:	8801      	ldrh	r1, [r0, #0]
10001f5a:	0a0a      	lsrs	r2, r1, #8
10001f5c:	3002      	adds	r0, #2
10001f5e:	2adf      	cmp	r2, #223	@ 0xdf
10001f60:	d1fa      	bne.n	10001f58 <float_table_shim_on_use_helper+0x4>
10001f62:	b2c9      	uxtb	r1, r1
10001f64:	0882      	lsrs	r2, r0, #2
10001f66:	d304      	bcc.n	10001f72 <float_table_shim_on_use_helper+0x1e>
10001f68:	8802      	ldrh	r2, [r0, #0]
10001f6a:	8840      	ldrh	r0, [r0, #2]
10001f6c:	0400      	lsls	r0, r0, #16
10001f6e:	4310      	orrs	r0, r2
10001f70:	e000      	b.n	10001f74 <float_table_shim_on_use_helper+0x20>
10001f72:	6800      	ldr	r0, [r0, #0]
10001f74:	4a01      	ldr	r2, [pc, #4]	@ (10001f7c <float_table_shim_on_use_helper+0x28>)
10001f76:	5050      	str	r0, [r2, r1]
10001f78:	9003      	str	r0, [sp, #12]
10001f7a:	bd07      	pop	{r0, r1, r2, pc}
10001f7c:	200014e8 	.word	0x200014e8

10001f80 <__aeabi_mem_init>:
10001f80:	4801      	ldr	r0, [pc, #4]	@ (10001f88 <__aeabi_mem_init+0x8>)
10001f82:	2104      	movs	r1, #4
10001f84:	4b01      	ldr	r3, [pc, #4]	@ (10001f8c <__aeabi_mem_init+0xc>)
10001f86:	4718      	bx	r3
10001f88:	20001010 	.word	0x20001010
10001f8c:	10001b51 	.word	0x10001b51

10001f90 <__wrap_memset>:
10001f90:	4b01      	ldr	r3, [pc, #4]	@ (10001f98 <__wrap_memset+0x8>)
10001f92:	681b      	ldr	r3, [r3, #0]
10001f94:	4718      	bx	r3
10001f96:	0000      	.short	0x0000
10001f98:	20001010 	.word	0x20001010

10001f9c <__wrap___aeabi_memcpy>:
10001f9c:	4b01      	ldr	r3, [pc, #4]	@ (10001fa4 <__wrap___aeabi_memcpy+0x8>)
10001f9e:	685b      	ldr	r3, [r3, #4]
10001fa0:	4718      	bx	r3
10001fa2:	0000      	.short	0x0000
10001fa4:	20001010 	.word	0x20001010

10001fa8 <_out_char>:
10001fa8:	b510      	push	{r4, lr}
10001faa:	2800      	cmp	r0, #0
10001fac:	d100      	bne.n	10001fb0 <_out_char+0x8>
10001fae:	bd10      	pop	{r4, pc}
10001fb0:	f000 f934 	bl	1000221c <__wrap_putchar>
10001fb4:	e7fb      	b.n	10001fae <_out_char+0x6>
10001fb6:	46c0      	nop			@ (mov r8, r8)

10001fb8 <weak_raw_vprintf>:
10001fb8:	b510      	push	{r4, lr}
10001fba:	4a09      	ldr	r2, [pc, #36]	@ (10001fe0 <weak_raw_vprintf+0x28>)
10001fbc:	0003      	movs	r3, r0
10001fbe:	6814      	ldr	r4, [r2, #0]
10001fc0:	b084      	sub	sp, #16
10001fc2:	2c00      	cmp	r4, #0
10001fc4:	d008      	beq.n	10001fd8 <weak_raw_vprintf+0x20>
10001fc6:	2201      	movs	r2, #1
10001fc8:	9100      	str	r1, [sp, #0]
10001fca:	4806      	ldr	r0, [pc, #24]	@ (10001fe4 <weak_raw_vprintf+0x2c>)
10001fcc:	4252      	negs	r2, r2
10001fce:	a903      	add	r1, sp, #12
10001fd0:	47a0      	blx	r4
10001fd2:	2001      	movs	r0, #1
10001fd4:	b004      	add	sp, #16
10001fd6:	bd10      	pop	{r4, pc}
10001fd8:	f000 f96a 	bl	100022b0 <__wrap_puts>
10001fdc:	2000      	movs	r0, #0
10001fde:	e7f9      	b.n	10001fd4 <weak_raw_vprintf+0x1c>
10001fe0:	20002130 	.word	0x20002130
10001fe4:	10001fa9 	.word	0x10001fa9

10001fe8 <_exit>:
10001fe8:	be00      	bkpt	0x0000
10001fea:	e7fd      	b.n	10001fe8 <_exit>

10001fec <exit>:
10001fec:	b510      	push	{r4, lr}
10001fee:	f7ff fffb 	bl	10001fe8 <_exit>
10001ff2:	46c0      	nop			@ (mov r8, r8)

10001ff4 <runtime_init>:
10001ff4:	b570      	push	{r4, r5, r6, lr}
10001ff6:	f7ff fdfb 	bl	10001bf0 <runtime_run_initializers>
10001ffa:	4d07      	ldr	r5, [pc, #28]	@ (10002018 <runtime_init+0x24>)
10001ffc:	4e07      	ldr	r6, [pc, #28]	@ (1000201c <runtime_init+0x28>)
10001ffe:	42b5      	cmp	r5, r6
10002000:	d209      	bcs.n	10002016 <runtime_init+0x22>
10002002:	2400      	movs	r4, #0
10002004:	3e01      	subs	r6, #1
10002006:	1b76      	subs	r6, r6, r5
10002008:	08b6      	lsrs	r6, r6, #2
1000200a:	cd08      	ldmia	r5!, {r3}
1000200c:	4798      	blx	r3
1000200e:	0023      	movs	r3, r4
10002010:	3401      	adds	r4, #1
10002012:	42b3      	cmp	r3, r6
10002014:	d1f9      	bne.n	1000200a <runtime_init+0x16>
10002016:	bd70      	pop	{r4, r5, r6, pc}
10002018:	10004dcc 	.word	0x10004dcc
1000201c:	10004ddc 	.word	0x10004ddc

10002020 <stdio_out_chars_no_crlf>:
10002020:	0003      	movs	r3, r0
10002022:	b510      	push	{r4, lr}
10002024:	0008      	movs	r0, r1
10002026:	0011      	movs	r1, r2
10002028:	681b      	ldr	r3, [r3, #0]
1000202a:	4798      	blx	r3
1000202c:	bd10      	pop	{r4, pc}
1000202e:	46c0      	nop			@ (mov r8, r8)

10002030 <stdio_out_chars_crlf>:
10002030:	b5f0      	push	{r4, r5, r6, r7, lr}
10002032:	46c6      	mov	lr, r8
10002034:	b500      	push	{lr}
10002036:	7d43      	ldrb	r3, [r0, #21]
10002038:	0007      	movs	r7, r0
1000203a:	000c      	movs	r4, r1
1000203c:	0016      	movs	r6, r2
1000203e:	2b00      	cmp	r3, #0
10002040:	d046      	beq.n	100020d0 <stdio_out_chars_crlf+0xa0>
10002042:	2a00      	cmp	r2, #0
10002044:	dd17      	ble.n	10002076 <stdio_out_chars_crlf+0x46>
10002046:	780b      	ldrb	r3, [r1, #0]
10002048:	2b0a      	cmp	r3, #10
1000204a:	d024      	beq.n	10002096 <stdio_out_chars_crlf+0x66>
1000204c:	2300      	movs	r3, #0
1000204e:	4698      	mov	r8, r3
10002050:	2e01      	cmp	r6, #1
10002052:	d013      	beq.n	1000207c <stdio_out_chars_crlf+0x4c>
10002054:	2501      	movs	r5, #1
10002056:	0029      	movs	r1, r5
10002058:	5c63      	ldrb	r3, [r4, r1]
1000205a:	3501      	adds	r5, #1
1000205c:	2b0a      	cmp	r3, #10
1000205e:	d026      	beq.n	100020ae <stdio_out_chars_crlf+0x7e>
10002060:	42b5      	cmp	r5, r6
10002062:	d1f8      	bne.n	10002056 <stdio_out_chars_crlf+0x26>
10002064:	4546      	cmp	r6, r8
10002066:	dc09      	bgt.n	1000207c <stdio_out_chars_crlf+0x4c>
10002068:	19a4      	adds	r4, r4, r6
1000206a:	3c01      	subs	r4, #1
1000206c:	7823      	ldrb	r3, [r4, #0]
1000206e:	3b0d      	subs	r3, #13
10002070:	425a      	negs	r2, r3
10002072:	4153      	adcs	r3, r2
10002074:	753b      	strb	r3, [r7, #20]
10002076:	bc80      	pop	{r7}
10002078:	46b8      	mov	r8, r7
1000207a:	bdf0      	pop	{r4, r5, r6, r7, pc}
1000207c:	4643      	mov	r3, r8
1000207e:	18e0      	adds	r0, r4, r3
10002080:	19a4      	adds	r4, r4, r6
10002082:	1af1      	subs	r1, r6, r3
10002084:	3c01      	subs	r4, #1
10002086:	683b      	ldr	r3, [r7, #0]
10002088:	4798      	blx	r3
1000208a:	7823      	ldrb	r3, [r4, #0]
1000208c:	3b0d      	subs	r3, #13
1000208e:	425a      	negs	r2, r3
10002090:	4153      	adcs	r3, r2
10002092:	753b      	strb	r3, [r7, #20]
10002094:	e7ef      	b.n	10002076 <stdio_out_chars_crlf+0x46>
10002096:	7d03      	ldrb	r3, [r0, #20]
10002098:	2b00      	cmp	r3, #0
1000209a:	d1d7      	bne.n	1000204c <stdio_out_chars_crlf+0x1c>
1000209c:	2102      	movs	r1, #2
1000209e:	480f      	ldr	r0, [pc, #60]	@ (100020dc <stdio_out_chars_crlf+0xac>)
100020a0:	683b      	ldr	r3, [r7, #0]
100020a2:	4798      	blx	r3
100020a4:	2e01      	cmp	r6, #1
100020a6:	d0df      	beq.n	10002068 <stdio_out_chars_crlf+0x38>
100020a8:	2301      	movs	r3, #1
100020aa:	4698      	mov	r8, r3
100020ac:	e7d2      	b.n	10002054 <stdio_out_chars_crlf+0x24>
100020ae:	1e63      	subs	r3, r4, #1
100020b0:	5c5b      	ldrb	r3, [r3, r1]
100020b2:	2b0d      	cmp	r3, #13
100020b4:	d0d4      	beq.n	10002060 <stdio_out_chars_crlf+0x30>
100020b6:	4588      	cmp	r8, r1
100020b8:	da04      	bge.n	100020c4 <stdio_out_chars_crlf+0x94>
100020ba:	4643      	mov	r3, r8
100020bc:	1ac9      	subs	r1, r1, r3
100020be:	18e0      	adds	r0, r4, r3
100020c0:	683b      	ldr	r3, [r7, #0]
100020c2:	4798      	blx	r3
100020c4:	2102      	movs	r1, #2
100020c6:	4805      	ldr	r0, [pc, #20]	@ (100020dc <stdio_out_chars_crlf+0xac>)
100020c8:	683b      	ldr	r3, [r7, #0]
100020ca:	46a8      	mov	r8, r5
100020cc:	4798      	blx	r3
100020ce:	e7c7      	b.n	10002060 <stdio_out_chars_crlf+0x30>
100020d0:	6803      	ldr	r3, [r0, #0]
100020d2:	0011      	movs	r1, r2
100020d4:	0020      	movs	r0, r4
100020d6:	4798      	blx	r3
100020d8:	e7cd      	b.n	10002076 <stdio_out_chars_crlf+0x46>
100020da:	46c0      	nop			@ (mov r8, r8)
100020dc:	10004fd8 	.word	0x10004fd8

100020e0 <stdio_put_string>:
100020e0:	b5f0      	push	{r4, r5, r6, r7, lr}
100020e2:	4645      	mov	r5, r8
100020e4:	46de      	mov	lr, fp
100020e6:	464e      	mov	r6, r9
100020e8:	4657      	mov	r7, sl
100020ea:	b5e0      	push	{r5, r6, r7, lr}
100020ec:	b083      	sub	sp, #12
100020ee:	4691      	mov	r9, r2
100020f0:	001c      	movs	r4, r3
100020f2:	4680      	mov	r8, r0
100020f4:	000d      	movs	r5, r1
100020f6:	f7ff fab1 	bl	1000165c <time_us_64>
100020fa:	2300      	movs	r3, #0
100020fc:	4a30      	ldr	r2, [pc, #192]	@ (100021c0 <stdio_put_string+0xe0>)
100020fe:	1812      	adds	r2, r2, r0
10002100:	414b      	adcs	r3, r1
10002102:	2b00      	cmp	r3, #0
10002104:	da02      	bge.n	1000210c <stdio_put_string+0x2c>
10002106:	2201      	movs	r2, #1
10002108:	4b2e      	ldr	r3, [pc, #184]	@ (100021c4 <stdio_put_string+0xe4>)
1000210a:	4252      	negs	r2, r2
1000210c:	492e      	ldr	r1, [pc, #184]	@ (100021c8 <stdio_put_string+0xe8>)
1000210e:	0008      	movs	r0, r1
10002110:	468a      	mov	sl, r1
10002112:	f002 fe15 	bl	10004d40 <__mutex_try_enter_block_until_veneer>
10002116:	0007      	movs	r7, r0
10002118:	1c6b      	adds	r3, r5, #1
1000211a:	d103      	bne.n	10002124 <stdio_put_string+0x44>
1000211c:	4640      	mov	r0, r8
1000211e:	f002 fdaf 	bl	10004c80 <strlen>
10002122:	0005      	movs	r5, r0
10002124:	2c00      	cmp	r4, #0
10002126:	d027      	beq.n	10002178 <stdio_put_string+0x98>
10002128:	4e28      	ldr	r6, [pc, #160]	@ (100021cc <stdio_put_string+0xec>)
1000212a:	4b29      	ldr	r3, [pc, #164]	@ (100021d0 <stdio_put_string+0xf0>)
1000212c:	681c      	ldr	r4, [r3, #0]
1000212e:	2c00      	cmp	r4, #0
10002130:	d018      	beq.n	10002164 <stdio_put_string+0x84>
10002132:	464b      	mov	r3, r9
10002134:	2b00      	cmp	r3, #0
10002136:	d121      	bne.n	1000217c <stdio_put_string+0x9c>
10002138:	4b26      	ldr	r3, [pc, #152]	@ (100021d4 <stdio_put_string+0xf4>)
1000213a:	4699      	mov	r9, r3
1000213c:	e002      	b.n	10002144 <stdio_put_string+0x64>
1000213e:	6924      	ldr	r4, [r4, #16]
10002140:	2c00      	cmp	r4, #0
10002142:	d00f      	beq.n	10002164 <stdio_put_string+0x84>
10002144:	6823      	ldr	r3, [r4, #0]
10002146:	2b00      	cmp	r3, #0
10002148:	d0f9      	beq.n	1000213e <stdio_put_string+0x5e>
1000214a:	464b      	mov	r3, r9
1000214c:	681b      	ldr	r3, [r3, #0]
1000214e:	2b00      	cmp	r3, #0
10002150:	d001      	beq.n	10002156 <stdio_put_string+0x76>
10002152:	429c      	cmp	r4, r3
10002154:	d1f3      	bne.n	1000213e <stdio_put_string+0x5e>
10002156:	0020      	movs	r0, r4
10002158:	002a      	movs	r2, r5
1000215a:	4641      	mov	r1, r8
1000215c:	47b0      	blx	r6
1000215e:	6924      	ldr	r4, [r4, #16]
10002160:	2c00      	cmp	r4, #0
10002162:	d1ef      	bne.n	10002144 <stdio_put_string+0x64>
10002164:	2f00      	cmp	r7, #0
10002166:	d126      	bne.n	100021b6 <stdio_put_string+0xd6>
10002168:	0028      	movs	r0, r5
1000216a:	b003      	add	sp, #12
1000216c:	bcf0      	pop	{r4, r5, r6, r7}
1000216e:	46bb      	mov	fp, r7
10002170:	46b2      	mov	sl, r6
10002172:	46a9      	mov	r9, r5
10002174:	46a0      	mov	r8, r4
10002176:	bdf0      	pop	{r4, r5, r6, r7, pc}
10002178:	4e17      	ldr	r6, [pc, #92]	@ (100021d8 <stdio_put_string+0xf8>)
1000217a:	e7d6      	b.n	1000212a <stdio_put_string+0x4a>
1000217c:	4b15      	ldr	r3, [pc, #84]	@ (100021d4 <stdio_put_string+0xf4>)
1000217e:	4699      	mov	r9, r3
10002180:	230a      	movs	r3, #10
10002182:	469b      	mov	fp, r3
10002184:	e002      	b.n	1000218c <stdio_put_string+0xac>
10002186:	6924      	ldr	r4, [r4, #16]
10002188:	2c00      	cmp	r4, #0
1000218a:	d0eb      	beq.n	10002164 <stdio_put_string+0x84>
1000218c:	6823      	ldr	r3, [r4, #0]
1000218e:	2b00      	cmp	r3, #0
10002190:	d0f9      	beq.n	10002186 <stdio_put_string+0xa6>
10002192:	464b      	mov	r3, r9
10002194:	681b      	ldr	r3, [r3, #0]
10002196:	2b00      	cmp	r3, #0
10002198:	d001      	beq.n	1000219e <stdio_put_string+0xbe>
1000219a:	42a3      	cmp	r3, r4
1000219c:	d1f3      	bne.n	10002186 <stdio_put_string+0xa6>
1000219e:	002a      	movs	r2, r5
100021a0:	4641      	mov	r1, r8
100021a2:	0020      	movs	r0, r4
100021a4:	47b0      	blx	r6
100021a6:	466b      	mov	r3, sp
100021a8:	465a      	mov	r2, fp
100021aa:	0020      	movs	r0, r4
100021ac:	71da      	strb	r2, [r3, #7]
100021ae:	1dd9      	adds	r1, r3, #7
100021b0:	2201      	movs	r2, #1
100021b2:	47b0      	blx	r6
100021b4:	e7e7      	b.n	10002186 <stdio_put_string+0xa6>
100021b6:	4650      	mov	r0, sl
100021b8:	f002 fd9a 	bl	10004cf0 <__mutex_exit_veneer>
100021bc:	e7d4      	b.n	10002168 <stdio_put_string+0x88>
100021be:	46c0      	nop			@ (mov r8, r8)
100021c0:	000f4240 	.word	0x000f4240
100021c4:	7fffffff 	.word	0x7fffffff
100021c8:	20001070 	.word	0x20001070
100021cc:	10002031 	.word	0x10002031
100021d0:	20001d24 	.word	0x20001d24
100021d4:	20001d2c 	.word	0x20001d2c
100021d8:	10002021 	.word	0x10002021

100021dc <stdio_set_driver_enabled>:
100021dc:	4a0a      	ldr	r2, [pc, #40]	@ (10002208 <stdio_set_driver_enabled+0x2c>)
100021de:	6813      	ldr	r3, [r2, #0]
100021e0:	2b00      	cmp	r3, #0
100021e2:	d105      	bne.n	100021f0 <stdio_set_driver_enabled+0x14>
100021e4:	e00c      	b.n	10002200 <stdio_set_driver_enabled+0x24>
100021e6:	001a      	movs	r2, r3
100021e8:	691b      	ldr	r3, [r3, #16]
100021ea:	3210      	adds	r2, #16
100021ec:	2b00      	cmp	r3, #0
100021ee:	d007      	beq.n	10002200 <stdio_set_driver_enabled+0x24>
100021f0:	4283      	cmp	r3, r0
100021f2:	d1f8      	bne.n	100021e6 <stdio_set_driver_enabled+0xa>
100021f4:	2900      	cmp	r1, #0
100021f6:	d102      	bne.n	100021fe <stdio_set_driver_enabled+0x22>
100021f8:	6918      	ldr	r0, [r3, #16]
100021fa:	6010      	str	r0, [r2, #0]
100021fc:	6119      	str	r1, [r3, #16]
100021fe:	4770      	bx	lr
10002200:	2900      	cmp	r1, #0
10002202:	d0fc      	beq.n	100021fe <stdio_set_driver_enabled+0x22>
10002204:	6010      	str	r0, [r2, #0]
10002206:	e7fa      	b.n	100021fe <stdio_set_driver_enabled+0x22>
10002208:	20001d24 	.word	0x20001d24

1000220c <stdio_init_all>:
1000220c:	b510      	push	{r4, lr}
1000220e:	f000 f93b 	bl	10002488 <stdio_uart_init>
10002212:	f000 fb77 	bl	10002904 <stdio_usb_init>
10002216:	2001      	movs	r0, #1
10002218:	bd10      	pop	{r4, pc}
1000221a:	46c0      	nop			@ (mov r8, r8)

1000221c <__wrap_putchar>:
1000221c:	b5f0      	push	{r4, r5, r6, r7, lr}
1000221e:	46ce      	mov	lr, r9
10002220:	4647      	mov	r7, r8
10002222:	b580      	push	{r7, lr}
10002224:	b083      	sub	sp, #12
10002226:	466b      	mov	r3, sp
10002228:	0006      	movs	r6, r0
1000222a:	1ddd      	adds	r5, r3, #7
1000222c:	7028      	strb	r0, [r5, #0]
1000222e:	f7ff fa15 	bl	1000165c <time_us_64>
10002232:	2300      	movs	r3, #0
10002234:	4a19      	ldr	r2, [pc, #100]	@ (1000229c <__wrap_putchar+0x80>)
10002236:	1812      	adds	r2, r2, r0
10002238:	414b      	adcs	r3, r1
1000223a:	2b00      	cmp	r3, #0
1000223c:	da02      	bge.n	10002244 <__wrap_putchar+0x28>
1000223e:	2201      	movs	r2, #1
10002240:	4b17      	ldr	r3, [pc, #92]	@ (100022a0 <__wrap_putchar+0x84>)
10002242:	4252      	negs	r2, r2
10002244:	4917      	ldr	r1, [pc, #92]	@ (100022a4 <__wrap_putchar+0x88>)
10002246:	0008      	movs	r0, r1
10002248:	4688      	mov	r8, r1
1000224a:	f002 fd79 	bl	10004d40 <__mutex_try_enter_block_until_veneer>
1000224e:	4b16      	ldr	r3, [pc, #88]	@ (100022a8 <__wrap_putchar+0x8c>)
10002250:	4681      	mov	r9, r0
10002252:	681c      	ldr	r4, [r3, #0]
10002254:	2c00      	cmp	r4, #0
10002256:	d014      	beq.n	10002282 <__wrap_putchar+0x66>
10002258:	4f14      	ldr	r7, [pc, #80]	@ (100022ac <__wrap_putchar+0x90>)
1000225a:	e002      	b.n	10002262 <__wrap_putchar+0x46>
1000225c:	6924      	ldr	r4, [r4, #16]
1000225e:	2c00      	cmp	r4, #0
10002260:	d00f      	beq.n	10002282 <__wrap_putchar+0x66>
10002262:	6823      	ldr	r3, [r4, #0]
10002264:	2b00      	cmp	r3, #0
10002266:	d0f9      	beq.n	1000225c <__wrap_putchar+0x40>
10002268:	683b      	ldr	r3, [r7, #0]
1000226a:	2b00      	cmp	r3, #0
1000226c:	d001      	beq.n	10002272 <__wrap_putchar+0x56>
1000226e:	429c      	cmp	r4, r3
10002270:	d1f4      	bne.n	1000225c <__wrap_putchar+0x40>
10002272:	0020      	movs	r0, r4
10002274:	2201      	movs	r2, #1
10002276:	0029      	movs	r1, r5
10002278:	f7ff feda 	bl	10002030 <stdio_out_chars_crlf>
1000227c:	6924      	ldr	r4, [r4, #16]
1000227e:	2c00      	cmp	r4, #0
10002280:	d1ef      	bne.n	10002262 <__wrap_putchar+0x46>
10002282:	464b      	mov	r3, r9
10002284:	2b00      	cmp	r3, #0
10002286:	d105      	bne.n	10002294 <__wrap_putchar+0x78>
10002288:	0030      	movs	r0, r6
1000228a:	b003      	add	sp, #12
1000228c:	bcc0      	pop	{r6, r7}
1000228e:	46b9      	mov	r9, r7
10002290:	46b0      	mov	r8, r6
10002292:	bdf0      	pop	{r4, r5, r6, r7, pc}
10002294:	4640      	mov	r0, r8
10002296:	f002 fd2b 	bl	10004cf0 <__mutex_exit_veneer>
1000229a:	e7f5      	b.n	10002288 <__wrap_putchar+0x6c>
1000229c:	000f4240 	.word	0x000f4240
100022a0:	7fffffff 	.word	0x7fffffff
100022a4:	20001070 	.word	0x20001070
100022a8:	20001d24 	.word	0x20001d24
100022ac:	20001d2c 	.word	0x20001d2c

100022b0 <__wrap_puts>:
100022b0:	b570      	push	{r4, r5, r6, lr}
100022b2:	0004      	movs	r4, r0
100022b4:	f002 fce4 	bl	10004c80 <strlen>
100022b8:	2301      	movs	r3, #1
100022ba:	0001      	movs	r1, r0
100022bc:	0005      	movs	r5, r0
100022be:	2201      	movs	r2, #1
100022c0:	0020      	movs	r0, r4
100022c2:	f7ff ff0d 	bl	100020e0 <stdio_put_string>
100022c6:	4b08      	ldr	r3, [pc, #32]	@ (100022e8 <__wrap_puts+0x38>)
100022c8:	681c      	ldr	r4, [r3, #0]
100022ca:	2c00      	cmp	r4, #0
100022cc:	d006      	beq.n	100022dc <__wrap_puts+0x2c>
100022ce:	6863      	ldr	r3, [r4, #4]
100022d0:	2b00      	cmp	r3, #0
100022d2:	d005      	beq.n	100022e0 <__wrap_puts+0x30>
100022d4:	4798      	blx	r3
100022d6:	6924      	ldr	r4, [r4, #16]
100022d8:	2c00      	cmp	r4, #0
100022da:	d1f8      	bne.n	100022ce <__wrap_puts+0x1e>
100022dc:	0028      	movs	r0, r5
100022de:	bd70      	pop	{r4, r5, r6, pc}
100022e0:	6924      	ldr	r4, [r4, #16]
100022e2:	2c00      	cmp	r4, #0
100022e4:	d1f3      	bne.n	100022ce <__wrap_puts+0x1e>
100022e6:	e7f9      	b.n	100022dc <__wrap_puts+0x2c>
100022e8:	20001d24 	.word	0x20001d24

100022ec <stdio_uart_out_chars>:
100022ec:	b5f0      	push	{r4, r5, r6, r7, lr}
100022ee:	2900      	cmp	r1, #0
100022f0:	dd15      	ble.n	1000231e <stdio_uart_out_chars+0x32>
100022f2:	4b0e      	ldr	r3, [pc, #56]	@ (1000232c <stdio_uart_out_chars+0x40>)
100022f4:	270d      	movs	r7, #13
100022f6:	681a      	ldr	r2, [r3, #0]
100022f8:	4b0d      	ldr	r3, [pc, #52]	@ (10002330 <stdio_uart_out_chars+0x44>)
100022fa:	4c0e      	ldr	r4, [pc, #56]	@ (10002334 <stdio_uart_out_chars+0x48>)
100022fc:	18d3      	adds	r3, r2, r3
100022fe:	425d      	negs	r5, r3
10002300:	416b      	adcs	r3, r5
10002302:	1845      	adds	r5, r0, r1
10002304:	2120      	movs	r1, #32
10002306:	005b      	lsls	r3, r3, #1
10002308:	5f1e      	ldrsh	r6, [r3, r4]
1000230a:	7804      	ldrb	r4, [r0, #0]
1000230c:	42a6      	cmp	r6, r4
1000230e:	d007      	beq.n	10002320 <stdio_uart_out_chars+0x34>
10002310:	6993      	ldr	r3, [r2, #24]
10002312:	4219      	tst	r1, r3
10002314:	d1fc      	bne.n	10002310 <stdio_uart_out_chars+0x24>
10002316:	3001      	adds	r0, #1
10002318:	6014      	str	r4, [r2, #0]
1000231a:	42a8      	cmp	r0, r5
1000231c:	d1f5      	bne.n	1000230a <stdio_uart_out_chars+0x1e>
1000231e:	bdf0      	pop	{r4, r5, r6, r7, pc}
10002320:	6993      	ldr	r3, [r2, #24]
10002322:	4219      	tst	r1, r3
10002324:	d1fc      	bne.n	10002320 <stdio_uart_out_chars+0x34>
10002326:	6017      	str	r7, [r2, #0]
10002328:	e7f2      	b.n	10002310 <stdio_uart_out_chars+0x24>
1000232a:	46c0      	nop			@ (mov r8, r8)
1000232c:	20002188 	.word	0x20002188
10002330:	bffc8000 	.word	0xbffc8000
10002334:	20002184 	.word	0x20002184

10002338 <stdio_uart_in_chars>:
10002338:	4b20      	ldr	r3, [pc, #128]	@ (100023bc <stdio_uart_in_chars+0x84>)
1000233a:	b570      	push	{r4, r5, r6, lr}
1000233c:	0004      	movs	r4, r0
1000233e:	1e0d      	subs	r5, r1, #0
10002340:	681e      	ldr	r6, [r3, #0]
10002342:	dd2a      	ble.n	1000239a <stdio_uart_in_chars+0x62>
10002344:	2000      	movs	r0, #0
10002346:	2110      	movs	r1, #16
10002348:	4b1d      	ldr	r3, [pc, #116]	@ (100023c0 <stdio_uart_in_chars+0x88>)
1000234a:	3c01      	subs	r4, #1
1000234c:	681a      	ldr	r2, [r3, #0]
1000234e:	6993      	ldr	r3, [r2, #24]
10002350:	4219      	tst	r1, r3
10002352:	d114      	bne.n	1000237e <stdio_uart_in_chars+0x46>
10002354:	3001      	adds	r0, #1
10002356:	6993      	ldr	r3, [r2, #24]
10002358:	4219      	tst	r1, r3
1000235a:	d1fc      	bne.n	10002356 <stdio_uart_in_chars+0x1e>
1000235c:	6813      	ldr	r3, [r2, #0]
1000235e:	5423      	strb	r3, [r4, r0]
10002360:	4285      	cmp	r5, r0
10002362:	d1f4      	bne.n	1000234e <stdio_uart_in_chars+0x16>
10002364:	2e00      	cmp	r6, #0
10002366:	d008      	beq.n	1000237a <stdio_uart_in_chars+0x42>
10002368:	2350      	movs	r3, #80	@ 0x50
1000236a:	6393      	str	r3, [r2, #56]	@ 0x38
1000236c:	6b51      	ldr	r1, [r2, #52]	@ 0x34
1000236e:	3b18      	subs	r3, #24
10002370:	400b      	ands	r3, r1
10002372:	4914      	ldr	r1, [pc, #80]	@ (100023c4 <stdio_uart_in_chars+0x8c>)
10002374:	468c      	mov	ip, r1
10002376:	4462      	add	r2, ip
10002378:	6013      	str	r3, [r2, #0]
1000237a:	0028      	movs	r0, r5
1000237c:	bd70      	pop	{r4, r5, r6, pc}
1000237e:	2e00      	cmp	r6, #0
10002380:	d008      	beq.n	10002394 <stdio_uart_in_chars+0x5c>
10002382:	2350      	movs	r3, #80	@ 0x50
10002384:	6393      	str	r3, [r2, #56]	@ 0x38
10002386:	6b51      	ldr	r1, [r2, #52]	@ 0x34
10002388:	3b18      	subs	r3, #24
1000238a:	400b      	ands	r3, r1
1000238c:	490d      	ldr	r1, [pc, #52]	@ (100023c4 <stdio_uart_in_chars+0x8c>)
1000238e:	468c      	mov	ip, r1
10002390:	4462      	add	r2, ip
10002392:	6013      	str	r3, [r2, #0]
10002394:	2800      	cmp	r0, #0
10002396:	d1f1      	bne.n	1000237c <stdio_uart_in_chars+0x44>
10002398:	e00c      	b.n	100023b4 <stdio_uart_in_chars+0x7c>
1000239a:	2e00      	cmp	r6, #0
1000239c:	d00a      	beq.n	100023b4 <stdio_uart_in_chars+0x7c>
1000239e:	2250      	movs	r2, #80	@ 0x50
100023a0:	4b07      	ldr	r3, [pc, #28]	@ (100023c0 <stdio_uart_in_chars+0x88>)
100023a2:	681b      	ldr	r3, [r3, #0]
100023a4:	639a      	str	r2, [r3, #56]	@ 0x38
100023a6:	6b59      	ldr	r1, [r3, #52]	@ 0x34
100023a8:	3a18      	subs	r2, #24
100023aa:	400a      	ands	r2, r1
100023ac:	4905      	ldr	r1, [pc, #20]	@ (100023c4 <stdio_uart_in_chars+0x8c>)
100023ae:	468c      	mov	ip, r1
100023b0:	4463      	add	r3, ip
100023b2:	601a      	str	r2, [r3, #0]
100023b4:	2003      	movs	r0, #3
100023b6:	4240      	negs	r0, r0
100023b8:	e7e0      	b.n	1000237c <stdio_uart_in_chars+0x44>
100023ba:	46c0      	nop			@ (mov r8, r8)
100023bc:	20001cbc 	.word	0x20001cbc
100023c0:	20002188 	.word	0x20002188
100023c4:	00001034 	.word	0x00001034

100023c8 <on_uart_rx>:
100023c8:	4b06      	ldr	r3, [pc, #24]	@ (100023e4 <on_uart_rx+0x1c>)
100023ca:	b510      	push	{r4, lr}
100023cc:	681b      	ldr	r3, [r3, #0]
100023ce:	2b00      	cmp	r3, #0
100023d0:	d006      	beq.n	100023e0 <on_uart_rx+0x18>
100023d2:	2100      	movs	r1, #0
100023d4:	4a04      	ldr	r2, [pc, #16]	@ (100023e8 <on_uart_rx+0x20>)
100023d6:	6812      	ldr	r2, [r2, #0]
100023d8:	6391      	str	r1, [r2, #56]	@ 0x38
100023da:	4a04      	ldr	r2, [pc, #16]	@ (100023ec <on_uart_rx+0x24>)
100023dc:	6810      	ldr	r0, [r2, #0]
100023de:	4798      	blx	r3
100023e0:	bd10      	pop	{r4, pc}
100023e2:	46c0      	nop			@ (mov r8, r8)
100023e4:	20001cbc 	.word	0x20001cbc
100023e8:	20002188 	.word	0x20002188
100023ec:	20001cc4 	.word	0x20001cc4

100023f0 <stdio_uart_out_flush>:
100023f0:	2208      	movs	r2, #8
100023f2:	4b03      	ldr	r3, [pc, #12]	@ (10002400 <stdio_uart_out_flush+0x10>)
100023f4:	6819      	ldr	r1, [r3, #0]
100023f6:	698b      	ldr	r3, [r1, #24]
100023f8:	421a      	tst	r2, r3
100023fa:	d1fc      	bne.n	100023f6 <stdio_uart_out_flush+0x6>
100023fc:	4770      	bx	lr
100023fe:	46c0      	nop			@ (mov r8, r8)
10002400:	20002188 	.word	0x20002188

10002404 <stdio_uart_set_chars_available_callback>:
10002404:	b5f8      	push	{r3, r4, r5, r6, r7, lr}
10002406:	4f1a      	ldr	r7, [pc, #104]	@ (10002470 <stdio_uart_set_chars_available_callback+0x6c>)
10002408:	4b1a      	ldr	r3, [pc, #104]	@ (10002474 <stdio_uart_set_chars_available_callback+0x70>)
1000240a:	683a      	ldr	r2, [r7, #0]
1000240c:	0005      	movs	r5, r0
1000240e:	18d3      	adds	r3, r2, r3
10002410:	4258      	negs	r0, r3
10002412:	4143      	adcs	r3, r0
10002414:	4e18      	ldr	r6, [pc, #96]	@ (10002478 <stdio_uart_set_chars_available_callback+0x74>)
10002416:	3314      	adds	r3, #20
10002418:	001c      	movs	r4, r3
1000241a:	6833      	ldr	r3, [r6, #0]
1000241c:	2d00      	cmp	r5, #0
1000241e:	d002      	beq.n	10002426 <stdio_uart_set_chars_available_callback+0x22>
10002420:	2b00      	cmp	r3, #0
10002422:	d00f      	beq.n	10002444 <stdio_uart_set_chars_available_callback+0x40>
10002424:	bdf8      	pop	{r3, r4, r5, r6, r7, pc}
10002426:	2b00      	cmp	r3, #0
10002428:	d0fc      	beq.n	10002424 <stdio_uart_set_chars_available_callback+0x20>
1000242a:	2100      	movs	r1, #0
1000242c:	0020      	movs	r0, r4
1000242e:	6395      	str	r5, [r2, #56]	@ 0x38
10002430:	f7fe fa6a 	bl	10000908 <irq_set_enabled>
10002434:	0020      	movs	r0, r4
10002436:	4911      	ldr	r1, [pc, #68]	@ (1000247c <stdio_uart_set_chars_available_callback+0x78>)
10002438:	f7fe fbc2 	bl	10000bc0 <irq_remove_handler>
1000243c:	4b10      	ldr	r3, [pc, #64]	@ (10002480 <stdio_uart_set_chars_available_callback+0x7c>)
1000243e:	6035      	str	r5, [r6, #0]
10002440:	601d      	str	r5, [r3, #0]
10002442:	e7ef      	b.n	10002424 <stdio_uart_set_chars_available_callback+0x20>
10002444:	4b0e      	ldr	r3, [pc, #56]	@ (10002480 <stdio_uart_set_chars_available_callback+0x7c>)
10002446:	0020      	movs	r0, r4
10002448:	6019      	str	r1, [r3, #0]
1000244a:	490c      	ldr	r1, [pc, #48]	@ (1000247c <stdio_uart_set_chars_available_callback+0x78>)
1000244c:	6035      	str	r5, [r6, #0]
1000244e:	f7fe fa93 	bl	10000978 <irq_set_exclusive_handler>
10002452:	2101      	movs	r1, #1
10002454:	0020      	movs	r0, r4
10002456:	f7fe fa57 	bl	10000908 <irq_set_enabled>
1000245a:	2250      	movs	r2, #80	@ 0x50
1000245c:	683b      	ldr	r3, [r7, #0]
1000245e:	639a      	str	r2, [r3, #56]	@ 0x38
10002460:	6b59      	ldr	r1, [r3, #52]	@ 0x34
10002462:	3a18      	subs	r2, #24
10002464:	400a      	ands	r2, r1
10002466:	4907      	ldr	r1, [pc, #28]	@ (10002484 <stdio_uart_set_chars_available_callback+0x80>)
10002468:	468c      	mov	ip, r1
1000246a:	4463      	add	r3, ip
1000246c:	601a      	str	r2, [r3, #0]
1000246e:	e7d9      	b.n	10002424 <stdio_uart_set_chars_available_callback+0x20>
10002470:	20002188 	.word	0x20002188
10002474:	bffc8000 	.word	0xbffc8000
10002478:	20001cbc 	.word	0x20001cbc
1000247c:	100023c9 	.word	0x100023c9
10002480:	20001cc4 	.word	0x20001cc4
10002484:	00001034 	.word	0x00001034

10002488 <stdio_uart_init>:
10002488:	4b0d      	ldr	r3, [pc, #52]	@ (100024c0 <stdio_uart_init+0x38>)
1000248a:	b510      	push	{r4, lr}
1000248c:	781b      	ldrb	r3, [r3, #0]
1000248e:	4b0d      	ldr	r3, [pc, #52]	@ (100024c4 <stdio_uart_init+0x3c>)
10002490:	4c0d      	ldr	r4, [pc, #52]	@ (100024c8 <stdio_uart_init+0x40>)
10002492:	781b      	ldrb	r3, [r3, #0]
10002494:	4b0d      	ldr	r3, [pc, #52]	@ (100024cc <stdio_uart_init+0x44>)
10002496:	2102      	movs	r1, #2
10002498:	781b      	ldrb	r3, [r3, #0]
1000249a:	4b0d      	ldr	r3, [pc, #52]	@ (100024d0 <stdio_uart_init+0x48>)
1000249c:	2000      	movs	r0, #0
1000249e:	6023      	str	r3, [r4, #0]
100024a0:	f7fe f956 	bl	10000750 <gpio_set_function>
100024a4:	2102      	movs	r1, #2
100024a6:	2001      	movs	r0, #1
100024a8:	f7fe f952 	bl	10000750 <gpio_set_function>
100024ac:	21e1      	movs	r1, #225	@ 0xe1
100024ae:	6820      	ldr	r0, [r4, #0]
100024b0:	0249      	lsls	r1, r1, #9
100024b2:	f7ff f911 	bl	100016d8 <uart_init>
100024b6:	2101      	movs	r1, #1
100024b8:	4806      	ldr	r0, [pc, #24]	@ (100024d4 <stdio_uart_init+0x4c>)
100024ba:	f7ff fe8f 	bl	100021dc <stdio_set_driver_enabled>
100024be:	bd10      	pop	{r4, pc}
100024c0:	10005280 	.word	0x10005280
100024c4:	1000527c 	.word	0x1000527c
100024c8:	20002188 	.word	0x20002188
100024cc:	10005278 	.word	0x10005278
100024d0:	40034000 	.word	0x40034000
100024d4:	20001020 	.word	0x20001020

100024d8 <resetd_init>:
100024d8:	4770      	bx	lr
100024da:	46c0      	nop			@ (mov r8, r8)

100024dc <resetd_reset>:
100024dc:	2200      	movs	r2, #0
100024de:	4b01      	ldr	r3, [pc, #4]	@ (100024e4 <resetd_reset+0x8>)
100024e0:	701a      	strb	r2, [r3, #0]
100024e2:	4770      	bx	lr
100024e4:	200021a2 	.word	0x200021a2

100024e8 <resetd_open>:
100024e8:	794b      	ldrb	r3, [r1, #5]
100024ea:	2000      	movs	r0, #0
100024ec:	2bff      	cmp	r3, #255	@ 0xff
100024ee:	d10b      	bne.n	10002508 <resetd_open+0x20>
100024f0:	798b      	ldrb	r3, [r1, #6]
100024f2:	2b00      	cmp	r3, #0
100024f4:	d108      	bne.n	10002508 <resetd_open+0x20>
100024f6:	79cb      	ldrb	r3, [r1, #7]
100024f8:	2b01      	cmp	r3, #1
100024fa:	d105      	bne.n	10002508 <resetd_open+0x20>
100024fc:	2a08      	cmp	r2, #8
100024fe:	d903      	bls.n	10002508 <resetd_open+0x20>
10002500:	4b02      	ldr	r3, [pc, #8]	@ (1000250c <resetd_open+0x24>)
10002502:	788a      	ldrb	r2, [r1, #2]
10002504:	3009      	adds	r0, #9
10002506:	701a      	strb	r2, [r3, #0]
10002508:	4770      	bx	lr
1000250a:	46c0      	nop			@ (mov r8, r8)
1000250c:	200021a2 	.word	0x200021a2

10002510 <resetd_xfer_cb>:
10002510:	2001      	movs	r0, #1
10002512:	4770      	bx	lr

10002514 <resetd_control_xfer_cb>:
10002514:	b510      	push	{r4, lr}
10002516:	2901      	cmp	r1, #1
10002518:	d113      	bne.n	10002542 <resetd_control_xfer_cb+0x2e>
1000251a:	4912      	ldr	r1, [pc, #72]	@ (10002564 <resetd_control_xfer_cb+0x50>)
1000251c:	7953      	ldrb	r3, [r2, #5]
1000251e:	7910      	ldrb	r0, [r2, #4]
10002520:	7809      	ldrb	r1, [r1, #0]
10002522:	021b      	lsls	r3, r3, #8
10002524:	4303      	orrs	r3, r0
10002526:	2000      	movs	r0, #0
10002528:	4299      	cmp	r1, r3
1000252a:	d000      	beq.n	1000252e <resetd_control_xfer_cb+0x1a>
1000252c:	bd10      	pop	{r4, pc}
1000252e:	7853      	ldrb	r3, [r2, #1]
10002530:	2b01      	cmp	r3, #1
10002532:	d008      	beq.n	10002546 <resetd_control_xfer_cb+0x32>
10002534:	2b02      	cmp	r3, #2
10002536:	d1f9      	bne.n	1000252c <resetd_control_xfer_cb+0x18>
10002538:	2264      	movs	r2, #100	@ 0x64
1000253a:	2100      	movs	r1, #0
1000253c:	2000      	movs	r0, #0
1000253e:	f7ff faa1 	bl	10001a84 <watchdog_reboot>
10002542:	2001      	movs	r0, #1
10002544:	e7f2      	b.n	1000252c <resetd_control_xfer_cb+0x18>
10002546:	78d3      	ldrb	r3, [r2, #3]
10002548:	7891      	ldrb	r1, [r2, #2]
1000254a:	021b      	lsls	r3, r3, #8
1000254c:	4319      	orrs	r1, r3
1000254e:	0a48      	lsrs	r0, r1, #9
10002550:	05db      	lsls	r3, r3, #23
10002552:	d401      	bmi.n	10002558 <resetd_control_xfer_cb+0x44>
10002554:	2001      	movs	r0, #1
10002556:	4240      	negs	r0, r0
10002558:	237f      	movs	r3, #127	@ 0x7f
1000255a:	058a      	lsls	r2, r1, #22
1000255c:	0fd2      	lsrs	r2, r2, #31
1000255e:	4019      	ands	r1, r3
10002560:	f7ff fb18 	bl	10001b94 <rom_reset_usb_boot_extra>
10002564:	200021a2 	.word	0x200021a2

10002568 <tud_descriptor_bos_cb>:
10002568:	4800      	ldr	r0, [pc, #0]	@ (1000256c <tud_descriptor_bos_cb+0x4>)
1000256a:	4770      	bx	lr
1000256c:	100050c0 	.word	0x100050c0

10002570 <tud_vendor_control_xfer_cb>:
10002570:	b570      	push	{r4, r5, r6, lr}
10002572:	0005      	movs	r5, r0
10002574:	0014      	movs	r4, r2
10002576:	2001      	movs	r0, #1
10002578:	2901      	cmp	r1, #1
1000257a:	d109      	bne.n	10002590 <tud_vendor_control_xfer_cb+0x20>
1000257c:	7853      	ldrb	r3, [r2, #1]
1000257e:	2000      	movs	r0, #0
10002580:	2b01      	cmp	r3, #1
10002582:	d105      	bne.n	10002590 <tud_vendor_control_xfer_cb+0x20>
10002584:	7963      	ldrb	r3, [r4, #5]
10002586:	7912      	ldrb	r2, [r2, #4]
10002588:	021b      	lsls	r3, r3, #8
1000258a:	4313      	orrs	r3, r2
1000258c:	2b07      	cmp	r3, #7
1000258e:	d000      	beq.n	10002592 <tud_vendor_control_xfer_cb+0x22>
10002590:	bd70      	pop	{r4, r5, r6, pc}
10002592:	0021      	movs	r1, r4
10002594:	0028      	movs	r0, r5
10002596:	4a02      	ldr	r2, [pc, #8]	@ (100025a0 <tud_vendor_control_xfer_cb+0x30>)
10002598:	339f      	adds	r3, #159	@ 0x9f
1000259a:	f001 fa55 	bl	10003a48 <tud_control_xfer>
1000259e:	e7f7      	b.n	10002590 <tud_vendor_control_xfer_cb+0x20>
100025a0:	10005018 	.word	0x10005018

100025a4 <usbd_app_driver_get_cb>:
100025a4:	2301      	movs	r3, #1
100025a6:	7003      	strb	r3, [r0, #0]
100025a8:	4800      	ldr	r0, [pc, #0]	@ (100025ac <usbd_app_driver_get_cb+0x8>)
100025aa:	4770      	bx	lr
100025ac:	10004ff8 	.word	0x10004ff8

100025b0 <tud_cdc_line_coding_cb>:
100025b0:	784b      	ldrb	r3, [r1, #1]
100025b2:	780a      	ldrb	r2, [r1, #0]
100025b4:	021b      	lsls	r3, r3, #8
100025b6:	4313      	orrs	r3, r2
100025b8:	788a      	ldrb	r2, [r1, #2]
100025ba:	b510      	push	{r4, lr}
100025bc:	0412      	lsls	r2, r2, #16
100025be:	431a      	orrs	r2, r3
100025c0:	78cb      	ldrb	r3, [r1, #3]
100025c2:	061b      	lsls	r3, r3, #24
100025c4:	4313      	orrs	r3, r2
100025c6:	2296      	movs	r2, #150	@ 0x96
100025c8:	00d2      	lsls	r2, r2, #3
100025ca:	4293      	cmp	r3, r2
100025cc:	d000      	beq.n	100025d0 <tud_cdc_line_coding_cb+0x20>
100025ce:	bd10      	pop	{r4, pc}
100025d0:	2200      	movs	r2, #0
100025d2:	2001      	movs	r0, #1
100025d4:	0011      	movs	r1, r2
100025d6:	4240      	negs	r0, r0
100025d8:	f7ff fadc 	bl	10001b94 <rom_reset_usb_boot_extra>

100025dc <stdio_usb_set_chars_available_callback>:
100025dc:	4b02      	ldr	r3, [pc, #8]	@ (100025e8 <stdio_usb_set_chars_available_callback+0xc>)
100025de:	6018      	str	r0, [r3, #0]
100025e0:	4b02      	ldr	r3, [pc, #8]	@ (100025ec <stdio_usb_set_chars_available_callback+0x10>)
100025e2:	6019      	str	r1, [r3, #0]
100025e4:	4770      	bx	lr
100025e6:	46c0      	nop			@ (mov r8, r8)
100025e8:	20001cc0 	.word	0x20001cc0
100025ec:	20001cc8 	.word	0x20001cc8

100025f0 <usb_irq>:
100025f0:	b510      	push	{r4, lr}
100025f2:	4b02      	ldr	r3, [pc, #8]	@ (100025fc <usb_irq+0xc>)
100025f4:	7818      	ldrb	r0, [r3, #0]
100025f6:	f7fe f9a5 	bl	10000944 <irq_set_pending>
100025fa:	bd10      	pop	{r4, pc}
100025fc:	200021a3 	.word	0x200021a3

10002600 <timer_task>:
10002600:	4b15      	ldr	r3, [pc, #84]	@ (10002658 <timer_task+0x58>)
10002602:	b570      	push	{r4, r5, r6, lr}
10002604:	681a      	ldr	r2, [r3, #0]
10002606:	2a00      	cmp	r2, #0
10002608:	d022      	beq.n	10002650 <timer_task+0x50>
1000260a:	f3ef 8110 	mrs	r1, PRIMASK
1000260e:	b672      	cpsid	i
10002610:	6810      	ldr	r0, [r2, #0]
10002612:	2800      	cmp	r0, #0
10002614:	d0fc      	beq.n	10002610 <timer_task+0x10>
10002616:	f3bf 8f5f 	dmb	sy
1000261a:	2000      	movs	r0, #0
1000261c:	4a0f      	ldr	r2, [pc, #60]	@ (1000265c <timer_task+0x5c>)
1000261e:	6059      	str	r1, [r3, #4]
10002620:	7010      	strb	r0, [r2, #0]
10002622:	681b      	ldr	r3, [r3, #0]
10002624:	f3bf 8f5f 	dmb	sy
10002628:	6018      	str	r0, [r3, #0]
1000262a:	f381 8810 	msr	PRIMASK, r1
1000262e:	2400      	movs	r4, #0
10002630:	2500      	movs	r5, #0
10002632:	4e0b      	ldr	r6, [pc, #44]	@ (10002660 <timer_task+0x60>)
10002634:	7830      	ldrb	r0, [r6, #0]
10002636:	f7fe f979 	bl	1000092c <irq_is_enabled>
1000263a:	2800      	cmp	r0, #0
1000263c:	d104      	bne.n	10002648 <timer_task+0x48>
1000263e:	2400      	movs	r4, #0
10002640:	2500      	movs	r5, #0
10002642:	0029      	movs	r1, r5
10002644:	0020      	movs	r0, r4
10002646:	bd70      	pop	{r4, r5, r6, pc}
10002648:	7830      	ldrb	r0, [r6, #0]
1000264a:	f7fe f97b 	bl	10000944 <irq_set_pending>
1000264e:	e7f8      	b.n	10002642 <timer_task+0x42>
10002650:	24fa      	movs	r4, #250	@ 0xfa
10002652:	2500      	movs	r5, #0
10002654:	00a4      	lsls	r4, r4, #2
10002656:	e7ec      	b.n	10002632 <timer_task+0x32>
10002658:	20002154 	.word	0x20002154
1000265c:	200021a4 	.word	0x200021a4
10002660:	200021a3 	.word	0x200021a3

10002664 <stdio_usb_in_chars>:
10002664:	b570      	push	{r4, r5, r6, lr}
10002666:	0004      	movs	r4, r0
10002668:	2000      	movs	r0, #0
1000266a:	000e      	movs	r6, r1
1000266c:	f001 fb0a 	bl	10003c84 <tud_cdc_n_connected>
10002670:	2800      	cmp	r0, #0
10002672:	d034      	beq.n	100026de <stdio_usb_in_chars+0x7a>
10002674:	2000      	movs	r0, #0
10002676:	f001 fb1b 	bl	10003cb0 <tud_cdc_n_available>
1000267a:	2800      	cmp	r0, #0
1000267c:	d02f      	beq.n	100026de <stdio_usb_in_chars+0x7a>
1000267e:	f7fe ffed 	bl	1000165c <time_us_64>
10002682:	2300      	movs	r3, #0
10002684:	4a17      	ldr	r2, [pc, #92]	@ (100026e4 <stdio_usb_in_chars+0x80>)
10002686:	1812      	adds	r2, r2, r0
10002688:	414b      	adcs	r3, r1
1000268a:	2b00      	cmp	r3, #0
1000268c:	db16      	blt.n	100026bc <stdio_usb_in_chars+0x58>
1000268e:	4d16      	ldr	r5, [pc, #88]	@ (100026e8 <stdio_usb_in_chars+0x84>)
10002690:	0028      	movs	r0, r5
10002692:	f002 fb55 	bl	10004d40 <__mutex_try_enter_block_until_veneer>
10002696:	2800      	cmp	r0, #0
10002698:	d021      	beq.n	100026de <stdio_usb_in_chars+0x7a>
1000269a:	2000      	movs	r0, #0
1000269c:	f001 faf2 	bl	10003c84 <tud_cdc_n_connected>
100026a0:	2800      	cmp	r0, #0
100026a2:	d10f      	bne.n	100026c4 <stdio_usb_in_chars+0x60>
100026a4:	2001      	movs	r0, #1
100026a6:	2100      	movs	r1, #0
100026a8:	4240      	negs	r0, r0
100026aa:	f000 fd01 	bl	100030b0 <tud_task_ext>
100026ae:	2403      	movs	r4, #3
100026b0:	4264      	negs	r4, r4
100026b2:	0028      	movs	r0, r5
100026b4:	f002 fb1c 	bl	10004cf0 <__mutex_exit_veneer>
100026b8:	0020      	movs	r0, r4
100026ba:	bd70      	pop	{r4, r5, r6, pc}
100026bc:	2201      	movs	r2, #1
100026be:	4b0b      	ldr	r3, [pc, #44]	@ (100026ec <stdio_usb_in_chars+0x88>)
100026c0:	4252      	negs	r2, r2
100026c2:	e7e4      	b.n	1000268e <stdio_usb_in_chars+0x2a>
100026c4:	2000      	movs	r0, #0
100026c6:	f001 faf3 	bl	10003cb0 <tud_cdc_n_available>
100026ca:	2800      	cmp	r0, #0
100026cc:	d0ea      	beq.n	100026a4 <stdio_usb_in_chars+0x40>
100026ce:	0021      	movs	r1, r4
100026d0:	0032      	movs	r2, r6
100026d2:	2000      	movs	r0, #0
100026d4:	f001 faf6 	bl	10003cc4 <tud_cdc_n_read>
100026d8:	1e04      	subs	r4, r0, #0
100026da:	d1ea      	bne.n	100026b2 <stdio_usb_in_chars+0x4e>
100026dc:	e7e7      	b.n	100026ae <stdio_usb_in_chars+0x4a>
100026de:	2403      	movs	r4, #3
100026e0:	4264      	negs	r4, r4
100026e2:	e7e9      	b.n	100026b8 <stdio_usb_in_chars+0x54>
100026e4:	000f4240 	.word	0x000f4240
100026e8:	2000217c 	.word	0x2000217c
100026ec:	7fffffff 	.word	0x7fffffff

100026f0 <stdio_usb_out_flush>:
100026f0:	b510      	push	{r4, lr}
100026f2:	f7fe ffb3 	bl	1000165c <time_us_64>
100026f6:	2300      	movs	r3, #0
100026f8:	4a0d      	ldr	r2, [pc, #52]	@ (10002730 <stdio_usb_out_flush+0x40>)
100026fa:	1812      	adds	r2, r2, r0
100026fc:	414b      	adcs	r3, r1
100026fe:	2b00      	cmp	r3, #0
10002700:	da02      	bge.n	10002708 <stdio_usb_out_flush+0x18>
10002702:	2201      	movs	r2, #1
10002704:	4b0b      	ldr	r3, [pc, #44]	@ (10002734 <stdio_usb_out_flush+0x44>)
10002706:	4252      	negs	r2, r2
10002708:	4c0b      	ldr	r4, [pc, #44]	@ (10002738 <stdio_usb_out_flush+0x48>)
1000270a:	0020      	movs	r0, r4
1000270c:	f002 fb18 	bl	10004d40 <__mutex_try_enter_block_until_veneer>
10002710:	2800      	cmp	r0, #0
10002712:	d00c      	beq.n	1000272e <stdio_usb_out_flush+0x3e>
10002714:	2001      	movs	r0, #1
10002716:	2100      	movs	r1, #0
10002718:	4240      	negs	r0, r0
1000271a:	f000 fcc9 	bl	100030b0 <tud_task_ext>
1000271e:	2000      	movs	r0, #0
10002720:	f001 fb14 	bl	10003d4c <tud_cdc_n_write_flush>
10002724:	2800      	cmp	r0, #0
10002726:	d1f5      	bne.n	10002714 <stdio_usb_out_flush+0x24>
10002728:	0020      	movs	r0, r4
1000272a:	f002 fae1 	bl	10004cf0 <__mutex_exit_veneer>
1000272e:	bd10      	pop	{r4, pc}
10002730:	000f4240 	.word	0x000f4240
10002734:	7fffffff 	.word	0x7fffffff
10002738:	2000217c 	.word	0x2000217c

1000273c <stdio_usb_out_chars>:
1000273c:	b5f8      	push	{r3, r4, r5, r6, r7, lr}
1000273e:	46de      	mov	lr, fp
10002740:	4657      	mov	r7, sl
10002742:	b580      	push	{r7, lr}
10002744:	0005      	movs	r5, r0
10002746:	000c      	movs	r4, r1
10002748:	f7fe ff88 	bl	1000165c <time_us_64>
1000274c:	2300      	movs	r3, #0
1000274e:	4a36      	ldr	r2, [pc, #216]	@ (10002828 <stdio_usb_out_chars+0xec>)
10002750:	1812      	adds	r2, r2, r0
10002752:	414b      	adcs	r3, r1
10002754:	2b00      	cmp	r3, #0
10002756:	da02      	bge.n	1000275e <stdio_usb_out_chars+0x22>
10002758:	2201      	movs	r2, #1
1000275a:	4b34      	ldr	r3, [pc, #208]	@ (1000282c <stdio_usb_out_chars+0xf0>)
1000275c:	4252      	negs	r2, r2
1000275e:	4934      	ldr	r1, [pc, #208]	@ (10002830 <stdio_usb_out_chars+0xf4>)
10002760:	0008      	movs	r0, r1
10002762:	468a      	mov	sl, r1
10002764:	f002 faec 	bl	10004d40 <__mutex_try_enter_block_until_veneer>
10002768:	2800      	cmp	r0, #0
1000276a:	d103      	bne.n	10002774 <stdio_usb_out_chars+0x38>
1000276c:	bcc0      	pop	{r6, r7}
1000276e:	46bb      	mov	fp, r7
10002770:	46b2      	mov	sl, r6
10002772:	bdf8      	pop	{r3, r4, r5, r6, r7, pc}
10002774:	2000      	movs	r0, #0
10002776:	f001 fa85 	bl	10003c84 <tud_cdc_n_connected>
1000277a:	2800      	cmp	r0, #0
1000277c:	d04a      	beq.n	10002814 <stdio_usb_out_chars+0xd8>
1000277e:	2600      	movs	r6, #0
10002780:	2c00      	cmp	r4, #0
10002782:	dd43      	ble.n	1000280c <stdio_usb_out_chars+0xd0>
10002784:	4b2b      	ldr	r3, [pc, #172]	@ (10002834 <stdio_usb_out_chars+0xf8>)
10002786:	469b      	mov	fp, r3
10002788:	e014      	b.n	100027b4 <stdio_usb_out_chars+0x78>
1000278a:	19a9      	adds	r1, r5, r6
1000278c:	2000      	movs	r0, #0
1000278e:	f001 fb17 	bl	10003dc0 <tud_cdc_n_write>
10002792:	0007      	movs	r7, r0
10002794:	2001      	movs	r0, #1
10002796:	2100      	movs	r1, #0
10002798:	4240      	negs	r0, r0
1000279a:	f000 fc89 	bl	100030b0 <tud_task_ext>
1000279e:	2000      	movs	r0, #0
100027a0:	f001 fad4 	bl	10003d4c <tud_cdc_n_write_flush>
100027a4:	f7fe ff5a 	bl	1000165c <time_us_64>
100027a8:	4b22      	ldr	r3, [pc, #136]	@ (10002834 <stdio_usb_out_chars+0xf8>)
100027aa:	19f6      	adds	r6, r6, r7
100027ac:	6018      	str	r0, [r3, #0]
100027ae:	6059      	str	r1, [r3, #4]
100027b0:	42b4      	cmp	r4, r6
100027b2:	dd2b      	ble.n	1000280c <stdio_usb_out_chars+0xd0>
100027b4:	2000      	movs	r0, #0
100027b6:	f001 fb23 	bl	10003e00 <tud_cdc_n_write_available>
100027ba:	1ba7      	subs	r7, r4, r6
100027bc:	0002      	movs	r2, r0
100027be:	42b8      	cmp	r0, r7
100027c0:	dd00      	ble.n	100027c4 <stdio_usb_out_chars+0x88>
100027c2:	003a      	movs	r2, r7
100027c4:	2a00      	cmp	r2, #0
100027c6:	d1e0      	bne.n	1000278a <stdio_usb_out_chars+0x4e>
100027c8:	2001      	movs	r0, #1
100027ca:	2100      	movs	r1, #0
100027cc:	4240      	negs	r0, r0
100027ce:	f000 fc6f 	bl	100030b0 <tud_task_ext>
100027d2:	2000      	movs	r0, #0
100027d4:	f001 faba 	bl	10003d4c <tud_cdc_n_write_flush>
100027d8:	2000      	movs	r0, #0
100027da:	f001 fa53 	bl	10003c84 <tud_cdc_n_connected>
100027de:	2800      	cmp	r0, #0
100027e0:	d014      	beq.n	1000280c <stdio_usb_out_chars+0xd0>
100027e2:	2000      	movs	r0, #0
100027e4:	f001 fb0c 	bl	10003e00 <tud_cdc_n_write_available>
100027e8:	2800      	cmp	r0, #0
100027ea:	d1e1      	bne.n	100027b0 <stdio_usb_out_chars+0x74>
100027ec:	f7fe ff36 	bl	1000165c <time_us_64>
100027f0:	465b      	mov	r3, fp
100027f2:	000f      	movs	r7, r1
100027f4:	681a      	ldr	r2, [r3, #0]
100027f6:	685b      	ldr	r3, [r3, #4]
100027f8:	2100      	movs	r1, #0
100027fa:	4684      	mov	ip, r0
100027fc:	480e      	ldr	r0, [pc, #56]	@ (10002838 <stdio_usb_out_chars+0xfc>)
100027fe:	1812      	adds	r2, r2, r0
10002800:	414b      	adcs	r3, r1
10002802:	429f      	cmp	r7, r3
10002804:	d802      	bhi.n	1000280c <stdio_usb_out_chars+0xd0>
10002806:	d1d3      	bne.n	100027b0 <stdio_usb_out_chars+0x74>
10002808:	4594      	cmp	ip, r2
1000280a:	d9d1      	bls.n	100027b0 <stdio_usb_out_chars+0x74>
1000280c:	4650      	mov	r0, sl
1000280e:	f002 fa6f 	bl	10004cf0 <__mutex_exit_veneer>
10002812:	e7ab      	b.n	1000276c <stdio_usb_out_chars+0x30>
10002814:	2000      	movs	r0, #0
10002816:	2100      	movs	r1, #0
10002818:	4b06      	ldr	r3, [pc, #24]	@ (10002834 <stdio_usb_out_chars+0xf8>)
1000281a:	6018      	str	r0, [r3, #0]
1000281c:	6059      	str	r1, [r3, #4]
1000281e:	4650      	mov	r0, sl
10002820:	f002 fa66 	bl	10004cf0 <__mutex_exit_veneer>
10002824:	e7a2      	b.n	1000276c <stdio_usb_out_chars+0x30>
10002826:	46c0      	nop			@ (mov r8, r8)
10002828:	000f4240 	.word	0x000f4240
1000282c:	7fffffff 	.word	0x7fffffff
10002830:	2000217c 	.word	0x2000217c
10002834:	200013e0 	.word	0x200013e0
10002838:	0007a120 	.word	0x0007a120

1000283c <low_priority_worker_irq>:
1000283c:	b530      	push	{r4, r5, lr}
1000283e:	4c2a      	ldr	r4, [pc, #168]	@ (100028e8 <low_priority_worker_irq+0xac>)
10002840:	b085      	sub	sp, #20
10002842:	2100      	movs	r1, #0
10002844:	0020      	movs	r0, r4
10002846:	f002 fa6b 	bl	10004d20 <__mutex_try_enter_veneer>
1000284a:	2800      	cmp	r0, #0
1000284c:	d11c      	bne.n	10002888 <low_priority_worker_irq+0x4c>
1000284e:	4b27      	ldr	r3, [pc, #156]	@ (100028ec <low_priority_worker_irq+0xb0>)
10002850:	681a      	ldr	r2, [r3, #0]
10002852:	2a00      	cmp	r2, #0
10002854:	d016      	beq.n	10002884 <low_priority_worker_irq+0x48>
10002856:	f3ef 8110 	mrs	r1, PRIMASK
1000285a:	b672      	cpsid	i
1000285c:	6810      	ldr	r0, [r2, #0]
1000285e:	2800      	cmp	r0, #0
10002860:	d0fc      	beq.n	1000285c <low_priority_worker_irq+0x20>
10002862:	f3bf 8f5f 	dmb	sy
10002866:	2401      	movs	r4, #1
10002868:	4821      	ldr	r0, [pc, #132]	@ (100028f0 <low_priority_worker_irq+0xb4>)
1000286a:	6059      	str	r1, [r3, #4]
1000286c:	7802      	ldrb	r2, [r0, #0]
1000286e:	681b      	ldr	r3, [r3, #0]
10002870:	b2d2      	uxtb	r2, r2
10002872:	7004      	strb	r4, [r0, #0]
10002874:	f3bf 8f5f 	dmb	sy
10002878:	2000      	movs	r0, #0
1000287a:	6018      	str	r0, [r3, #0]
1000287c:	f381 8810 	msr	PRIMASK, r1
10002880:	2a00      	cmp	r2, #0
10002882:	d017      	beq.n	100028b4 <low_priority_worker_irq+0x78>
10002884:	b005      	add	sp, #20
10002886:	bd30      	pop	{r4, r5, pc}
10002888:	2001      	movs	r0, #1
1000288a:	2100      	movs	r1, #0
1000288c:	4240      	negs	r0, r0
1000288e:	f000 fc0f 	bl	100030b0 <tud_task_ext>
10002892:	2000      	movs	r0, #0
10002894:	f001 fa0c 	bl	10003cb0 <tud_cdc_n_available>
10002898:	0005      	movs	r5, r0
1000289a:	0020      	movs	r0, r4
1000289c:	f002 fa28 	bl	10004cf0 <__mutex_exit_veneer>
100028a0:	2d00      	cmp	r5, #0
100028a2:	d0ef      	beq.n	10002884 <low_priority_worker_irq+0x48>
100028a4:	4b13      	ldr	r3, [pc, #76]	@ (100028f4 <low_priority_worker_irq+0xb8>)
100028a6:	681b      	ldr	r3, [r3, #0]
100028a8:	2b00      	cmp	r3, #0
100028aa:	d0eb      	beq.n	10002884 <low_priority_worker_irq+0x48>
100028ac:	4a12      	ldr	r2, [pc, #72]	@ (100028f8 <low_priority_worker_irq+0xbc>)
100028ae:	6810      	ldr	r0, [r2, #0]
100028b0:	4798      	blx	r3
100028b2:	e7e7      	b.n	10002884 <low_priority_worker_irq+0x48>
100028b4:	f7fe fd3a 	bl	1000132c <alarm_pool_get_default>
100028b8:	0004      	movs	r4, r0
100028ba:	f7fe fecf 	bl	1000165c <time_us_64>
100028be:	22fa      	movs	r2, #250	@ 0xfa
100028c0:	2300      	movs	r3, #0
100028c2:	0092      	lsls	r2, r2, #2
100028c4:	1812      	adds	r2, r2, r0
100028c6:	414b      	adcs	r3, r1
100028c8:	2b00      	cmp	r3, #0
100028ca:	da02      	bge.n	100028d2 <low_priority_worker_irq+0x96>
100028cc:	2201      	movs	r2, #1
100028ce:	4b0b      	ldr	r3, [pc, #44]	@ (100028fc <low_priority_worker_irq+0xc0>)
100028d0:	4252      	negs	r2, r2
100028d2:	2101      	movs	r1, #1
100028d4:	9102      	str	r1, [sp, #8]
100028d6:	2100      	movs	r1, #0
100028d8:	9101      	str	r1, [sp, #4]
100028da:	4909      	ldr	r1, [pc, #36]	@ (10002900 <low_priority_worker_irq+0xc4>)
100028dc:	0020      	movs	r0, r4
100028de:	9100      	str	r1, [sp, #0]
100028e0:	f7fe fd28 	bl	10001334 <alarm_pool_add_alarm_at>
100028e4:	e7ce      	b.n	10002884 <low_priority_worker_irq+0x48>
100028e6:	46c0      	nop			@ (mov r8, r8)
100028e8:	2000217c 	.word	0x2000217c
100028ec:	20002154 	.word	0x20002154
100028f0:	200021a4 	.word	0x200021a4
100028f4:	20001cc0 	.word	0x20001cc0
100028f8:	20001cc8 	.word	0x20001cc8
100028fc:	7fffffff 	.word	0x7fffffff
10002900:	10002601 	.word	0x10002601

10002904 <stdio_usb_init>:
10002904:	23d0      	movs	r3, #208	@ 0xd0
10002906:	b510      	push	{r4, lr}
10002908:	061b      	lsls	r3, r3, #24
1000290a:	b084      	sub	sp, #16
1000290c:	681c      	ldr	r4, [r3, #0]
1000290e:	f7fe fd0d 	bl	1000132c <alarm_pool_get_default>
10002912:	f7fe fe09 	bl	10001528 <alarm_pool_core_num>
10002916:	42a0      	cmp	r0, r4
10002918:	d002      	beq.n	10002920 <stdio_usb_init+0x1c>
1000291a:	2000      	movs	r0, #0
1000291c:	b004      	add	sp, #16
1000291e:	bd10      	pop	{r4, pc}
10002920:	4b29      	ldr	r3, [pc, #164]	@ (100029c8 <stdio_usb_init+0xc4>)
10002922:	2100      	movs	r1, #0
10002924:	2000      	movs	r0, #0
10002926:	781b      	ldrb	r3, [r3, #0]
10002928:	f001 fd5e 	bl	100043e8 <tusb_rhport_init>
1000292c:	4827      	ldr	r0, [pc, #156]	@ (100029cc <stdio_usb_init+0xc8>)
1000292e:	6803      	ldr	r3, [r0, #0]
10002930:	2b00      	cmp	r3, #0
10002932:	d045      	beq.n	100029c0 <stdio_usb_init+0xbc>
10002934:	2001      	movs	r0, #1
10002936:	f7fe fa87 	bl	10000e48 <user_irq_claim_unused>
1000293a:	23ff      	movs	r3, #255	@ 0xff
1000293c:	4c24      	ldr	r4, [pc, #144]	@ (100029d0 <stdio_usb_init+0xcc>)
1000293e:	4925      	ldr	r1, [pc, #148]	@ (100029d4 <stdio_usb_init+0xd0>)
10002940:	7020      	strb	r0, [r4, #0]
10002942:	4018      	ands	r0, r3
10002944:	f7fe f818 	bl	10000978 <irq_set_exclusive_handler>
10002948:	7820      	ldrb	r0, [r4, #0]
1000294a:	2101      	movs	r1, #1
1000294c:	f7fd ffdc 	bl	10000908 <irq_set_enabled>
10002950:	2005      	movs	r0, #5
10002952:	f7fd ffff 	bl	10000954 <irq_has_shared_handler>
10002956:	2800      	cmp	r0, #0
10002958:	d124      	bne.n	100029a4 <stdio_usb_init+0xa0>
1000295a:	2208      	movs	r2, #8
1000295c:	2100      	movs	r1, #0
1000295e:	481e      	ldr	r0, [pc, #120]	@ (100029d8 <stdio_usb_init+0xd4>)
10002960:	f7ff fb16 	bl	10001f90 <__wrap_memset>
10002964:	f7fe fce2 	bl	1000132c <alarm_pool_get_default>
10002968:	0004      	movs	r4, r0
1000296a:	f7fe fe77 	bl	1000165c <time_us_64>
1000296e:	22fa      	movs	r2, #250	@ 0xfa
10002970:	2300      	movs	r3, #0
10002972:	0092      	lsls	r2, r2, #2
10002974:	1812      	adds	r2, r2, r0
10002976:	414b      	adcs	r3, r1
10002978:	2b00      	cmp	r3, #0
1000297a:	da02      	bge.n	10002982 <stdio_usb_init+0x7e>
1000297c:	2201      	movs	r2, #1
1000297e:	4b17      	ldr	r3, [pc, #92]	@ (100029dc <stdio_usb_init+0xd8>)
10002980:	4252      	negs	r2, r2
10002982:	2101      	movs	r1, #1
10002984:	9102      	str	r1, [sp, #8]
10002986:	2100      	movs	r1, #0
10002988:	9101      	str	r1, [sp, #4]
1000298a:	4915      	ldr	r1, [pc, #84]	@ (100029e0 <stdio_usb_init+0xdc>)
1000298c:	0020      	movs	r0, r4
1000298e:	9100      	str	r1, [sp, #0]
10002990:	f7fe fcd0 	bl	10001334 <alarm_pool_add_alarm_at>
10002994:	2800      	cmp	r0, #0
10002996:	dbc0      	blt.n	1000291a <stdio_usb_init+0x16>
10002998:	4812      	ldr	r0, [pc, #72]	@ (100029e4 <stdio_usb_init+0xe0>)
1000299a:	2101      	movs	r1, #1
1000299c:	f7ff fc1e 	bl	100021dc <stdio_set_driver_enabled>
100029a0:	2001      	movs	r0, #1
100029a2:	e7bb      	b.n	1000291c <stdio_usb_init+0x18>
100029a4:	2001      	movs	r0, #1
100029a6:	f7fd ff7d 	bl	100008a4 <spin_lock_claim_unused>
100029aa:	4b0b      	ldr	r3, [pc, #44]	@ (100029d8 <stdio_usb_init+0xd4>)
100029ac:	0001      	movs	r1, r0
100029ae:	0018      	movs	r0, r3
100029b0:	f7fe faac 	bl	10000f0c <critical_section_init_with_lock_num>
100029b4:	2200      	movs	r2, #0
100029b6:	2005      	movs	r0, #5
100029b8:	490b      	ldr	r1, [pc, #44]	@ (100029e8 <stdio_usb_init+0xe4>)
100029ba:	f7fe f807 	bl	100009cc <irq_add_shared_handler>
100029be:	e7eb      	b.n	10002998 <stdio_usb_init+0x94>
100029c0:	f7fe fa88 	bl	10000ed4 <mutex_init>
100029c4:	e7b6      	b.n	10002934 <stdio_usb_init+0x30>
100029c6:	46c0      	nop			@ (mov r8, r8)
100029c8:	10005284 	.word	0x10005284
100029cc:	2000217c 	.word	0x2000217c
100029d0:	200021a3 	.word	0x200021a3
100029d4:	1000283d 	.word	0x1000283d
100029d8:	20002154 	.word	0x20002154
100029dc:	7fffffff 	.word	0x7fffffff
100029e0:	10002601 	.word	0x10002601
100029e4:	20001038 	.word	0x20001038
100029e8:	100025f1 	.word	0x100025f1

100029ec <tud_descriptor_device_cb>:
100029ec:	4800      	ldr	r0, [pc, #0]	@ (100029f0 <tud_descriptor_device_cb+0x4>)
100029ee:	4770      	bx	lr
100029f0:	1000515c 	.word	0x1000515c

100029f4 <tud_descriptor_configuration_cb>:
100029f4:	4800      	ldr	r0, [pc, #0]	@ (100029f8 <tud_descriptor_configuration_cb+0x4>)
100029f6:	4770      	bx	lr
100029f8:	10005108 	.word	0x10005108

100029fc <tud_descriptor_string_cb>:
100029fc:	b510      	push	{r4, lr}
100029fe:	0004      	movs	r4, r0
10002a00:	4817      	ldr	r0, [pc, #92]	@ (10002a60 <tud_descriptor_string_cb+0x64>)
10002a02:	7803      	ldrb	r3, [r0, #0]
10002a04:	2b00      	cmp	r3, #0
10002a06:	d020      	beq.n	10002a4a <tud_descriptor_string_cb+0x4e>
10002a08:	2c00      	cmp	r4, #0
10002a0a:	d106      	bne.n	10002a1a <tud_descriptor_string_cb+0x1e>
10002a0c:	4b15      	ldr	r3, [pc, #84]	@ (10002a64 <tud_descriptor_string_cb+0x68>)
10002a0e:	4816      	ldr	r0, [pc, #88]	@ (10002a68 <tud_descriptor_string_cb+0x6c>)
10002a10:	8043      	strh	r3, [r0, #2]
10002a12:	3b06      	subs	r3, #6
10002a14:	3bff      	subs	r3, #255	@ 0xff
10002a16:	8003      	strh	r3, [r0, #0]
10002a18:	bd10      	pop	{r4, pc}
10002a1a:	2c05      	cmp	r4, #5
10002a1c:	d81d      	bhi.n	10002a5a <tud_descriptor_string_cb+0x5e>
10002a1e:	4b13      	ldr	r3, [pc, #76]	@ (10002a6c <tud_descriptor_string_cb+0x70>)
10002a20:	00a4      	lsls	r4, r4, #2
10002a22:	58e0      	ldr	r0, [r4, r3]
10002a24:	4912      	ldr	r1, [pc, #72]	@ (10002a70 <tud_descriptor_string_cb+0x74>)
10002a26:	2301      	movs	r3, #1
10002a28:	3801      	subs	r0, #1
10002a2a:	e004      	b.n	10002a36 <tud_descriptor_string_cb+0x3a>
10002a2c:	3301      	adds	r3, #1
10002a2e:	800a      	strh	r2, [r1, #0]
10002a30:	3102      	adds	r1, #2
10002a32:	2b14      	cmp	r3, #20
10002a34:	d00d      	beq.n	10002a52 <tud_descriptor_string_cb+0x56>
10002a36:	5cc2      	ldrb	r2, [r0, r3]
10002a38:	2a00      	cmp	r2, #0
10002a3a:	d1f7      	bne.n	10002a2c <tud_descriptor_string_cb+0x30>
10002a3c:	22c0      	movs	r2, #192	@ 0xc0
10002a3e:	b2db      	uxtb	r3, r3
10002a40:	005b      	lsls	r3, r3, #1
10002a42:	0092      	lsls	r2, r2, #2
10002a44:	4808      	ldr	r0, [pc, #32]	@ (10002a68 <tud_descriptor_string_cb+0x6c>)
10002a46:	4313      	orrs	r3, r2
10002a48:	e7e5      	b.n	10002a16 <tud_descriptor_string_cb+0x1a>
10002a4a:	2111      	movs	r1, #17
10002a4c:	f000 f81a 	bl	10002a84 <pico_get_unique_board_id_string>
10002a50:	e7da      	b.n	10002a08 <tud_descriptor_string_cb+0xc>
10002a52:	23ca      	movs	r3, #202	@ 0xca
10002a54:	4804      	ldr	r0, [pc, #16]	@ (10002a68 <tud_descriptor_string_cb+0x6c>)
10002a56:	009b      	lsls	r3, r3, #2
10002a58:	e7dd      	b.n	10002a16 <tud_descriptor_string_cb+0x1a>
10002a5a:	2000      	movs	r0, #0
10002a5c:	e7dc      	b.n	10002a18 <tud_descriptor_string_cb+0x1c>
10002a5e:	46c0      	nop			@ (mov r8, r8)
10002a60:	2000218c 	.word	0x2000218c
10002a64:	00000409 	.word	0x00000409
10002a68:	20001cfc 	.word	0x20001cfc
10002a6c:	100050f0 	.word	0x100050f0
10002a70:	20001cfe 	.word	0x20001cfe

10002a74 <_retrieve_unique_id_on_boot>:
10002a74:	b510      	push	{r4, lr}
10002a76:	4802      	ldr	r0, [pc, #8]	@ (10002a80 <_retrieve_unique_id_on_boot+0xc>)
10002a78:	f000 f8d8 	bl	10002c2c <flash_get_unique_id>
10002a7c:	bd10      	pop	{r4, pc}
10002a7e:	46c0      	nop			@ (mov r8, r8)
10002a80:	2000216c 	.word	0x2000216c

10002a84 <pico_get_unique_board_id_string>:
10002a84:	b530      	push	{r4, r5, lr}
10002a86:	1e4b      	subs	r3, r1, #1
10002a88:	2901      	cmp	r1, #1
10002a8a:	d100      	bne.n	10002a8e <pico_get_unique_board_id_string+0xa>
10002a8c:	e0a7      	b.n	10002bde <pico_get_unique_board_id_string+0x15a>
10002a8e:	4a66      	ldr	r2, [pc, #408]	@ (10002c28 <pico_get_unique_board_id_string+0x1a4>)
10002a90:	7811      	ldrb	r1, [r2, #0]
10002a92:	090d      	lsrs	r5, r1, #4
10002a94:	002c      	movs	r4, r5
10002a96:	3430      	adds	r4, #48	@ 0x30
10002a98:	299f      	cmp	r1, #159	@ 0x9f
10002a9a:	d900      	bls.n	10002a9e <pico_get_unique_board_id_string+0x1a>
10002a9c:	e0a2      	b.n	10002be4 <pico_get_unique_board_id_string+0x160>
10002a9e:	7004      	strb	r4, [r0, #0]
10002aa0:	2b01      	cmp	r3, #1
10002aa2:	d100      	bne.n	10002aa6 <pico_get_unique_board_id_string+0x22>
10002aa4:	e0be      	b.n	10002c24 <pico_get_unique_board_id_string+0x1a0>
10002aa6:	210f      	movs	r1, #15
10002aa8:	7814      	ldrb	r4, [r2, #0]
10002aaa:	4021      	ands	r1, r4
10002aac:	000c      	movs	r4, r1
10002aae:	3430      	adds	r4, #48	@ 0x30
10002ab0:	2909      	cmp	r1, #9
10002ab2:	d900      	bls.n	10002ab6 <pico_get_unique_board_id_string+0x32>
10002ab4:	e098      	b.n	10002be8 <pico_get_unique_board_id_string+0x164>
10002ab6:	7044      	strb	r4, [r0, #1]
10002ab8:	2b02      	cmp	r3, #2
10002aba:	d100      	bne.n	10002abe <pico_get_unique_board_id_string+0x3a>
10002abc:	e0b2      	b.n	10002c24 <pico_get_unique_board_id_string+0x1a0>
10002abe:	7854      	ldrb	r4, [r2, #1]
10002ac0:	0925      	lsrs	r5, r4, #4
10002ac2:	0029      	movs	r1, r5
10002ac4:	3130      	adds	r1, #48	@ 0x30
10002ac6:	2c9f      	cmp	r4, #159	@ 0x9f
10002ac8:	d900      	bls.n	10002acc <pico_get_unique_board_id_string+0x48>
10002aca:	e090      	b.n	10002bee <pico_get_unique_board_id_string+0x16a>
10002acc:	7081      	strb	r1, [r0, #2]
10002ace:	2b03      	cmp	r3, #3
10002ad0:	d100      	bne.n	10002ad4 <pico_get_unique_board_id_string+0x50>
10002ad2:	e0a7      	b.n	10002c24 <pico_get_unique_board_id_string+0x1a0>
10002ad4:	210f      	movs	r1, #15
10002ad6:	4021      	ands	r1, r4
10002ad8:	000c      	movs	r4, r1
10002ada:	3430      	adds	r4, #48	@ 0x30
10002adc:	2909      	cmp	r1, #9
10002ade:	d900      	bls.n	10002ae2 <pico_get_unique_board_id_string+0x5e>
10002ae0:	e087      	b.n	10002bf2 <pico_get_unique_board_id_string+0x16e>
10002ae2:	70c4      	strb	r4, [r0, #3]
10002ae4:	2b04      	cmp	r3, #4
10002ae6:	d100      	bne.n	10002aea <pico_get_unique_board_id_string+0x66>
10002ae8:	e09c      	b.n	10002c24 <pico_get_unique_board_id_string+0x1a0>
10002aea:	7894      	ldrb	r4, [r2, #2]
10002aec:	0925      	lsrs	r5, r4, #4
10002aee:	0029      	movs	r1, r5
10002af0:	3130      	adds	r1, #48	@ 0x30
10002af2:	2c9f      	cmp	r4, #159	@ 0x9f
10002af4:	d900      	bls.n	10002af8 <pico_get_unique_board_id_string+0x74>
10002af6:	e07f      	b.n	10002bf8 <pico_get_unique_board_id_string+0x174>
10002af8:	7101      	strb	r1, [r0, #4]
10002afa:	2b05      	cmp	r3, #5
10002afc:	d100      	bne.n	10002b00 <pico_get_unique_board_id_string+0x7c>
10002afe:	e091      	b.n	10002c24 <pico_get_unique_board_id_string+0x1a0>
10002b00:	210f      	movs	r1, #15
10002b02:	4021      	ands	r1, r4
10002b04:	000c      	movs	r4, r1
10002b06:	3430      	adds	r4, #48	@ 0x30
10002b08:	2909      	cmp	r1, #9
10002b0a:	d900      	bls.n	10002b0e <pico_get_unique_board_id_string+0x8a>
10002b0c:	e076      	b.n	10002bfc <pico_get_unique_board_id_string+0x178>
10002b0e:	7144      	strb	r4, [r0, #5]
10002b10:	2b06      	cmp	r3, #6
10002b12:	d100      	bne.n	10002b16 <pico_get_unique_board_id_string+0x92>
10002b14:	e086      	b.n	10002c24 <pico_get_unique_board_id_string+0x1a0>
10002b16:	78d4      	ldrb	r4, [r2, #3]
10002b18:	0925      	lsrs	r5, r4, #4
10002b1a:	0029      	movs	r1, r5
10002b1c:	3130      	adds	r1, #48	@ 0x30
10002b1e:	2c9f      	cmp	r4, #159	@ 0x9f
10002b20:	d900      	bls.n	10002b24 <pico_get_unique_board_id_string+0xa0>
10002b22:	e06e      	b.n	10002c02 <pico_get_unique_board_id_string+0x17e>
10002b24:	7181      	strb	r1, [r0, #6]
10002b26:	2b07      	cmp	r3, #7
10002b28:	d100      	bne.n	10002b2c <pico_get_unique_board_id_string+0xa8>
10002b2a:	e07b      	b.n	10002c24 <pico_get_unique_board_id_string+0x1a0>
10002b2c:	210f      	movs	r1, #15
10002b2e:	4021      	ands	r1, r4
10002b30:	000c      	movs	r4, r1
10002b32:	3430      	adds	r4, #48	@ 0x30
10002b34:	2909      	cmp	r1, #9
10002b36:	d866      	bhi.n	10002c06 <pico_get_unique_board_id_string+0x182>
10002b38:	71c4      	strb	r4, [r0, #7]
10002b3a:	2b08      	cmp	r3, #8
10002b3c:	d100      	bne.n	10002b40 <pico_get_unique_board_id_string+0xbc>
10002b3e:	e071      	b.n	10002c24 <pico_get_unique_board_id_string+0x1a0>
10002b40:	7914      	ldrb	r4, [r2, #4]
10002b42:	0925      	lsrs	r5, r4, #4
10002b44:	0029      	movs	r1, r5
10002b46:	3130      	adds	r1, #48	@ 0x30
10002b48:	2c9f      	cmp	r4, #159	@ 0x9f
10002b4a:	d85f      	bhi.n	10002c0c <pico_get_unique_board_id_string+0x188>
10002b4c:	7201      	strb	r1, [r0, #8]
10002b4e:	2b09      	cmp	r3, #9
10002b50:	d068      	beq.n	10002c24 <pico_get_unique_board_id_string+0x1a0>
10002b52:	210f      	movs	r1, #15
10002b54:	4021      	ands	r1, r4
10002b56:	000c      	movs	r4, r1
10002b58:	3430      	adds	r4, #48	@ 0x30
10002b5a:	2909      	cmp	r1, #9
10002b5c:	d858      	bhi.n	10002c10 <pico_get_unique_board_id_string+0x18c>
10002b5e:	7244      	strb	r4, [r0, #9]
10002b60:	2b0a      	cmp	r3, #10
10002b62:	d05f      	beq.n	10002c24 <pico_get_unique_board_id_string+0x1a0>
10002b64:	7954      	ldrb	r4, [r2, #5]
10002b66:	0925      	lsrs	r5, r4, #4
10002b68:	0029      	movs	r1, r5
10002b6a:	3130      	adds	r1, #48	@ 0x30
10002b6c:	2c9f      	cmp	r4, #159	@ 0x9f
10002b6e:	d852      	bhi.n	10002c16 <pico_get_unique_board_id_string+0x192>
10002b70:	7281      	strb	r1, [r0, #10]
10002b72:	2b0b      	cmp	r3, #11
10002b74:	d056      	beq.n	10002c24 <pico_get_unique_board_id_string+0x1a0>
10002b76:	210f      	movs	r1, #15
10002b78:	4021      	ands	r1, r4
10002b7a:	000c      	movs	r4, r1
10002b7c:	3430      	adds	r4, #48	@ 0x30
10002b7e:	2909      	cmp	r1, #9
10002b80:	d84b      	bhi.n	10002c1a <pico_get_unique_board_id_string+0x196>
10002b82:	72c4      	strb	r4, [r0, #11]
10002b84:	2b0c      	cmp	r3, #12
10002b86:	d04d      	beq.n	10002c24 <pico_get_unique_board_id_string+0x1a0>
10002b88:	7994      	ldrb	r4, [r2, #6]
10002b8a:	0925      	lsrs	r5, r4, #4
10002b8c:	0029      	movs	r1, r5
10002b8e:	3130      	adds	r1, #48	@ 0x30
10002b90:	2c9f      	cmp	r4, #159	@ 0x9f
10002b92:	d900      	bls.n	10002b96 <pico_get_unique_board_id_string+0x112>
10002b94:	3107      	adds	r1, #7
10002b96:	7301      	strb	r1, [r0, #12]
10002b98:	2b0d      	cmp	r3, #13
10002b9a:	d043      	beq.n	10002c24 <pico_get_unique_board_id_string+0x1a0>
10002b9c:	210f      	movs	r1, #15
10002b9e:	4021      	ands	r1, r4
10002ba0:	000c      	movs	r4, r1
10002ba2:	3430      	adds	r4, #48	@ 0x30
10002ba4:	2909      	cmp	r1, #9
10002ba6:	d901      	bls.n	10002bac <pico_get_unique_board_id_string+0x128>
10002ba8:	3137      	adds	r1, #55	@ 0x37
10002baa:	000c      	movs	r4, r1
10002bac:	7344      	strb	r4, [r0, #13]
10002bae:	2b0e      	cmp	r3, #14
10002bb0:	d038      	beq.n	10002c24 <pico_get_unique_board_id_string+0x1a0>
10002bb2:	79d1      	ldrb	r1, [r2, #7]
10002bb4:	090c      	lsrs	r4, r1, #4
10002bb6:	0022      	movs	r2, r4
10002bb8:	3230      	adds	r2, #48	@ 0x30
10002bba:	299f      	cmp	r1, #159	@ 0x9f
10002bbc:	d900      	bls.n	10002bc0 <pico_get_unique_board_id_string+0x13c>
10002bbe:	3207      	adds	r2, #7
10002bc0:	7382      	strb	r2, [r0, #14]
10002bc2:	2b0f      	cmp	r3, #15
10002bc4:	d02e      	beq.n	10002c24 <pico_get_unique_board_id_string+0x1a0>
10002bc6:	220f      	movs	r2, #15
10002bc8:	400a      	ands	r2, r1
10002bca:	0011      	movs	r1, r2
10002bcc:	3137      	adds	r1, #55	@ 0x37
10002bce:	2a09      	cmp	r2, #9
10002bd0:	d801      	bhi.n	10002bd6 <pico_get_unique_board_id_string+0x152>
10002bd2:	3230      	adds	r2, #48	@ 0x30
10002bd4:	0011      	movs	r1, r2
10002bd6:	73c1      	strb	r1, [r0, #15]
10002bd8:	2b10      	cmp	r3, #16
10002bda:	d023      	beq.n	10002c24 <pico_get_unique_board_id_string+0x1a0>
10002bdc:	3010      	adds	r0, #16
10002bde:	2300      	movs	r3, #0
10002be0:	7003      	strb	r3, [r0, #0]
10002be2:	bd30      	pop	{r4, r5, pc}
10002be4:	3407      	adds	r4, #7
10002be6:	e75a      	b.n	10002a9e <pico_get_unique_board_id_string+0x1a>
10002be8:	3137      	adds	r1, #55	@ 0x37
10002bea:	000c      	movs	r4, r1
10002bec:	e763      	b.n	10002ab6 <pico_get_unique_board_id_string+0x32>
10002bee:	3107      	adds	r1, #7
10002bf0:	e76c      	b.n	10002acc <pico_get_unique_board_id_string+0x48>
10002bf2:	3137      	adds	r1, #55	@ 0x37
10002bf4:	000c      	movs	r4, r1
10002bf6:	e774      	b.n	10002ae2 <pico_get_unique_board_id_string+0x5e>
10002bf8:	3107      	adds	r1, #7
10002bfa:	e77d      	b.n	10002af8 <pico_get_unique_board_id_string+0x74>
10002bfc:	3137      	adds	r1, #55	@ 0x37
10002bfe:	000c      	movs	r4, r1
10002c00:	e785      	b.n	10002b0e <pico_get_unique_board_id_string+0x8a>
10002c02:	3107      	adds	r1, #7
10002c04:	e78e      	b.n	10002b24 <pico_get_unique_board_id_string+0xa0>
10002c06:	3137      	adds	r1, #55	@ 0x37
10002c08:	000c      	movs	r4, r1
10002c0a:	e795      	b.n	10002b38 <pico_get_unique_board_id_string+0xb4>
10002c0c:	3107      	adds	r1, #7
10002c0e:	e79d      	b.n	10002b4c <pico_get_unique_board_id_string+0xc8>
10002c10:	3137      	adds	r1, #55	@ 0x37
10002c12:	000c      	movs	r4, r1
10002c14:	e7a3      	b.n	10002b5e <pico_get_unique_board_id_string+0xda>
10002c16:	3107      	adds	r1, #7
10002c18:	e7aa      	b.n	10002b70 <pico_get_unique_board_id_string+0xec>
10002c1a:	3137      	adds	r1, #55	@ 0x37
10002c1c:	000c      	movs	r4, r1
10002c1e:	72c4      	strb	r4, [r0, #11]
10002c20:	2b0c      	cmp	r3, #12
10002c22:	d1b1      	bne.n	10002b88 <pico_get_unique_board_id_string+0x104>
10002c24:	18c0      	adds	r0, r0, r3
10002c26:	e7da      	b.n	10002bde <pico_get_unique_board_id_string+0x15a>
10002c28:	2000216c 	.word	0x2000216c

10002c2c <flash_get_unique_id>:
10002c2c:	b510      	push	{r4, lr}
10002c2e:	b088      	sub	sp, #32
10002c30:	0004      	movs	r4, r0
10002c32:	220d      	movs	r2, #13
10002c34:	2100      	movs	r1, #0
10002c36:	4668      	mov	r0, sp
10002c38:	f7ff f9aa 	bl	10001f90 <__wrap_memset>
10002c3c:	220d      	movs	r2, #13
10002c3e:	2100      	movs	r1, #0
10002c40:	a804      	add	r0, sp, #16
10002c42:	f7ff f9a5 	bl	10001f90 <__wrap_memset>
10002c46:	234b      	movs	r3, #75	@ 0x4b
10002c48:	466a      	mov	r2, sp
10002c4a:	4668      	mov	r0, sp
10002c4c:	7013      	strb	r3, [r2, #0]
10002c4e:	a904      	add	r1, sp, #16
10002c50:	220d      	movs	r2, #13
10002c52:	f002 f845 	bl	10004ce0 <__flash_do_cmd_veneer>
10002c56:	2115      	movs	r1, #21
10002c58:	2208      	movs	r2, #8
10002c5a:	0020      	movs	r0, r4
10002c5c:	4469      	add	r1, sp
10002c5e:	f7ff f99d 	bl	10001f9c <__wrap___aeabi_memcpy>
10002c62:	b008      	add	sp, #32
10002c64:	bd10      	pop	{r4, pc}
10002c66:	46c0      	nop			@ (mov r8, r8)

10002c68 <dcd_init>:
10002c68:	b5f8      	push	{r3, r4, r5, r6, r7, lr}
10002c6a:	f000 f947 	bl	10002efc <rp2040_usb_init>
10002c6e:	230c      	movs	r3, #12
10002c70:	4d19      	ldr	r5, [pc, #100]	@ (10002cd8 <dcd_init+0x70>)
10002c72:	22ff      	movs	r2, #255	@ 0xff
10002c74:	67ab      	str	r3, [r5, #120]	@ 0x78
10002c76:	2005      	movs	r0, #5
10002c78:	4918      	ldr	r1, [pc, #96]	@ (10002cdc <dcd_init+0x74>)
10002c7a:	f7fd fea7 	bl	100009cc <irq_add_shared_handler>
10002c7e:	4c18      	ldr	r4, [pc, #96]	@ (10002ce0 <dcd_init+0x78>)
10002c80:	2240      	movs	r2, #64	@ 0x40
10002c82:	2100      	movs	r1, #0
10002c84:	0020      	movs	r0, r4
10002c86:	f7ff f983 	bl	10001f90 <__wrap_memset>
10002c8a:	2740      	movs	r7, #64	@ 0x40
10002c8c:	2300      	movs	r3, #0
10002c8e:	2601      	movs	r6, #1
10002c90:	2121      	movs	r1, #33	@ 0x21
10002c92:	4a14      	ldr	r2, [pc, #80]	@ (10002ce4 <dcd_init+0x7c>)
10002c94:	7066      	strb	r6, [r4, #1]
10002c96:	8327      	strh	r7, [r4, #24]
10002c98:	60a2      	str	r2, [r4, #8]
10002c9a:	6013      	str	r3, [r2, #0]
10002c9c:	5463      	strb	r3, [r4, r1]
10002c9e:	315f      	adds	r1, #95	@ 0x5f
10002ca0:	8461      	strh	r1, [r4, #34]	@ 0x22
10002ca2:	3945      	subs	r1, #69	@ 0x45
10002ca4:	5463      	strb	r3, [r4, r1]
10002ca6:	4a10      	ldr	r2, [pc, #64]	@ (10002ce8 <dcd_init+0x80>)
10002ca8:	4910      	ldr	r1, [pc, #64]	@ (10002cec <dcd_init+0x84>)
10002caa:	6063      	str	r3, [r4, #4]
10002cac:	60e2      	str	r2, [r4, #12]
10002cae:	8727      	strh	r7, [r4, #56]	@ 0x38
10002cb0:	62a1      	str	r1, [r4, #40]	@ 0x28
10002cb2:	600b      	str	r3, [r1, #0]
10002cb4:	6263      	str	r3, [r4, #36]	@ 0x24
10002cb6:	62e2      	str	r2, [r4, #44]	@ 0x2c
10002cb8:	f002 f822 	bl	10004d00 <__reset_non_control_endpoints_veneer>
10002cbc:	2380      	movs	r3, #128	@ 0x80
10002cbe:	059b      	lsls	r3, r3, #22
10002cc0:	642e      	str	r6, [r5, #64]	@ 0x40
10002cc2:	64eb      	str	r3, [r5, #76]	@ 0x4c
10002cc4:	2390      	movs	r3, #144	@ 0x90
10002cc6:	4a0a      	ldr	r2, [pc, #40]	@ (10002cf0 <dcd_init+0x88>)
10002cc8:	2001      	movs	r0, #1
10002cca:	50ea      	str	r2, [r5, r3]
10002ccc:	2280      	movs	r2, #128	@ 0x80
10002cce:	4b09      	ldr	r3, [pc, #36]	@ (10002cf4 <dcd_init+0x8c>)
10002cd0:	0252      	lsls	r2, r2, #9
10002cd2:	64da      	str	r2, [r3, #76]	@ 0x4c
10002cd4:	bdf8      	pop	{r3, r4, r5, r6, r7, pc}
10002cd6:	46c0      	nop			@ (mov r8, r8)
10002cd8:	50110000 	.word	0x50110000
10002cdc:	200004f9 	.word	0x200004f9
10002ce0:	20001d30 	.word	0x20001d30
10002ce4:	50100084 	.word	0x50100084
10002ce8:	50100100 	.word	0x50100100
10002cec:	50100080 	.word	0x50100080
10002cf0:	0001d010 	.word	0x0001d010
10002cf4:	50112000 	.word	0x50112000

10002cf8 <dcd_int_enable>:
10002cf8:	b510      	push	{r4, lr}
10002cfa:	2101      	movs	r1, #1
10002cfc:	2005      	movs	r0, #5
10002cfe:	f7fd fe03 	bl	10000908 <irq_set_enabled>
10002d02:	bd10      	pop	{r4, pc}

10002d04 <dcd_set_address>:
10002d04:	b510      	push	{r4, lr}
10002d06:	2200      	movs	r2, #0
10002d08:	2100      	movs	r1, #0
10002d0a:	4802      	ldr	r0, [pc, #8]	@ (10002d14 <dcd_set_address+0x10>)
10002d0c:	f000 f916 	bl	10002f3c <hw_endpoint_xfer_start>
10002d10:	bd10      	pop	{r4, pc}
10002d12:	46c0      	nop			@ (mov r8, r8)
10002d14:	20001d50 	.word	0x20001d50

10002d18 <dcd_sof_enable>:
10002d18:	4b04      	ldr	r3, [pc, #16]	@ (10002d2c <dcd_sof_enable+0x14>)
10002d1a:	7019      	strb	r1, [r3, #0]
10002d1c:	2900      	cmp	r1, #0
10002d1e:	d004      	beq.n	10002d2a <dcd_sof_enable+0x12>
10002d20:	2180      	movs	r1, #128	@ 0x80
10002d22:	2390      	movs	r3, #144	@ 0x90
10002d24:	4a02      	ldr	r2, [pc, #8]	@ (10002d30 <dcd_sof_enable+0x18>)
10002d26:	0289      	lsls	r1, r1, #10
10002d28:	50d1      	str	r1, [r2, r3]
10002d2a:	4770      	bx	lr
10002d2c:	2000219e 	.word	0x2000219e
10002d30:	50112000 	.word	0x50112000

10002d34 <dcd_edpt0_status_complete>:
10002d34:	780b      	ldrb	r3, [r1, #0]
10002d36:	065b      	lsls	r3, r3, #25
10002d38:	d102      	bne.n	10002d40 <dcd_edpt0_status_complete+0xc>
10002d3a:	784b      	ldrb	r3, [r1, #1]
10002d3c:	2b05      	cmp	r3, #5
10002d3e:	d000      	beq.n	10002d42 <dcd_edpt0_status_complete+0xe>
10002d40:	4770      	bx	lr
10002d42:	788a      	ldrb	r2, [r1, #2]
10002d44:	4b01      	ldr	r3, [pc, #4]	@ (10002d4c <dcd_edpt0_status_complete+0x18>)
10002d46:	601a      	str	r2, [r3, #0]
10002d48:	e7fa      	b.n	10002d40 <dcd_edpt0_status_complete+0xc>
10002d4a:	46c0      	nop			@ (mov r8, r8)
10002d4c:	50110000 	.word	0x50110000

10002d50 <dcd_edpt_open>:
10002d50:	b5f0      	push	{r4, r5, r6, r7, lr}
10002d52:	46c6      	mov	lr, r8
10002d54:	78c8      	ldrb	r0, [r1, #3]
10002d56:	b500      	push	{lr}
10002d58:	0780      	lsls	r0, r0, #30
10002d5a:	0f83      	lsrs	r3, r0, #30
10002d5c:	0018      	movs	r0, r3
10002d5e:	2b01      	cmp	r3, #1
10002d60:	d060      	beq.n	10002e24 <dcd_edpt_open+0xd4>
10002d62:	788f      	ldrb	r7, [r1, #2]
10002d64:	790a      	ldrb	r2, [r1, #4]
10002d66:	794b      	ldrb	r3, [r1, #5]
10002d68:	217f      	movs	r1, #127	@ 0x7f
10002d6a:	4039      	ands	r1, r7
10002d6c:	09fc      	lsrs	r4, r7, #7
10002d6e:	021b      	lsls	r3, r3, #8
10002d70:	004e      	lsls	r6, r1, #1
10002d72:	4313      	orrs	r3, r2
10002d74:	4d33      	ldr	r5, [pc, #204]	@ (10002e44 <dcd_edpt_open+0xf4>)
10002d76:	1932      	adds	r2, r6, r4
10002d78:	0152      	lsls	r2, r2, #5
10002d7a:	18aa      	adds	r2, r5, r2
10002d7c:	7097      	strb	r7, [r2, #2]
10002d7e:	2701      	movs	r7, #1
10002d80:	4067      	eors	r7, r4
10002d82:	7057      	strb	r7, [r2, #1]
10002d84:	2700      	movs	r7, #0
10002d86:	055b      	lsls	r3, r3, #21
10002d88:	0d5b      	lsrs	r3, r3, #21
10002d8a:	70d7      	strb	r7, [r2, #3]
10002d8c:	8313      	strh	r3, [r2, #24]
10002d8e:	76d0      	strb	r0, [r2, #27]
10002d90:	46b8      	mov	r8, r7
10002d92:	00ca      	lsls	r2, r1, #3
10002d94:	2c01      	cmp	r4, #1
10002d96:	d032      	beq.n	10002dfe <dcd_edpt_open+0xae>
10002d98:	4f2b      	ldr	r7, [pc, #172]	@ (10002e48 <dcd_edpt_open+0xf8>)
10002d9a:	46bc      	mov	ip, r7
10002d9c:	018f      	lsls	r7, r1, #6
10002d9e:	4462      	add	r2, ip
10002da0:	46bc      	mov	ip, r7
10002da2:	44ac      	add	ip, r5
10002da4:	4667      	mov	r7, ip
10002da6:	60ba      	str	r2, [r7, #8]
10002da8:	4647      	mov	r7, r8
10002daa:	6017      	str	r7, [r2, #0]
10002dac:	2900      	cmp	r1, #0
10002dae:	d032      	beq.n	10002e16 <dcd_edpt_open+0xc6>
10002db0:	4a26      	ldr	r2, [pc, #152]	@ (10002e4c <dcd_edpt_open+0xfc>)
10002db2:	00c9      	lsls	r1, r1, #3
10002db4:	4690      	mov	r8, r2
10002db6:	4662      	mov	r2, ip
10002db8:	4441      	add	r1, r8
10002dba:	6051      	str	r1, [r2, #4]
10002dbc:	223f      	movs	r2, #63	@ 0x3f
10002dbe:	333f      	adds	r3, #63	@ 0x3f
10002dc0:	4393      	bics	r3, r2
10002dc2:	2802      	cmp	r0, #2
10002dc4:	d037      	beq.n	10002e36 <dcd_edpt_open+0xe6>
10002dc6:	4922      	ldr	r1, [pc, #136]	@ (10002e50 <dcd_edpt_open+0x100>)
10002dc8:	1937      	adds	r7, r6, r4
10002dca:	680a      	ldr	r2, [r1, #0]
10002dcc:	017f      	lsls	r7, r7, #5
10002dce:	18d3      	adds	r3, r2, r3
10002dd0:	600b      	str	r3, [r1, #0]
10002dd2:	4920      	ldr	r1, [pc, #128]	@ (10002e54 <dcd_edpt_open+0x104>)
10002dd4:	19ef      	adds	r7, r5, r7
10002dd6:	60fa      	str	r2, [r7, #12]
10002dd8:	428b      	cmp	r3, r1
10002dda:	d82e      	bhi.n	10002e3a <dcd_edpt_open+0xea>
10002ddc:	1936      	adds	r6, r6, r4
10002dde:	0176      	lsls	r6, r6, #5
10002de0:	19ad      	adds	r5, r5, r6
10002de2:	7eeb      	ldrb	r3, [r5, #27]
10002de4:	491c      	ldr	r1, [pc, #112]	@ (10002e58 <dcd_edpt_open+0x108>)
10002de6:	069b      	lsls	r3, r3, #26
10002de8:	404a      	eors	r2, r1
10002dea:	4313      	orrs	r3, r2
10002dec:	2280      	movs	r2, #128	@ 0x80
10002dee:	0612      	lsls	r2, r2, #24
10002df0:	4313      	orrs	r3, r2
10002df2:	686a      	ldr	r2, [r5, #4]
10002df4:	6013      	str	r3, [r2, #0]
10002df6:	2001      	movs	r0, #1
10002df8:	bc80      	pop	{r7}
10002dfa:	46b8      	mov	r8, r7
10002dfc:	bdf0      	pop	{r4, r5, r6, r7, pc}
10002dfe:	4f17      	ldr	r7, [pc, #92]	@ (10002e5c <dcd_edpt_open+0x10c>)
10002e00:	46bc      	mov	ip, r7
10002e02:	018f      	lsls	r7, r1, #6
10002e04:	4462      	add	r2, ip
10002e06:	46bc      	mov	ip, r7
10002e08:	44ac      	add	ip, r5
10002e0a:	4667      	mov	r7, ip
10002e0c:	62ba      	str	r2, [r7, #40]	@ 0x28
10002e0e:	4647      	mov	r7, r8
10002e10:	6017      	str	r7, [r2, #0]
10002e12:	2900      	cmp	r1, #0
10002e14:	d108      	bne.n	10002e28 <dcd_edpt_open+0xd8>
10002e16:	2300      	movs	r3, #0
10002e18:	0164      	lsls	r4, r4, #5
10002e1a:	192c      	adds	r4, r5, r4
10002e1c:	6063      	str	r3, [r4, #4]
10002e1e:	4b10      	ldr	r3, [pc, #64]	@ (10002e60 <dcd_edpt_open+0x110>)
10002e20:	60e3      	str	r3, [r4, #12]
10002e22:	e7e8      	b.n	10002df6 <dcd_edpt_open+0xa6>
10002e24:	2000      	movs	r0, #0
10002e26:	e7e7      	b.n	10002df8 <dcd_edpt_open+0xa8>
10002e28:	4a0b      	ldr	r2, [pc, #44]	@ (10002e58 <dcd_edpt_open+0x108>)
10002e2a:	00c9      	lsls	r1, r1, #3
10002e2c:	4690      	mov	r8, r2
10002e2e:	4662      	mov	r2, ip
10002e30:	4441      	add	r1, r8
10002e32:	6251      	str	r1, [r2, #36]	@ 0x24
10002e34:	e7c2      	b.n	10002dbc <dcd_edpt_open+0x6c>
10002e36:	005b      	lsls	r3, r3, #1
10002e38:	e7c5      	b.n	10002dc6 <dcd_edpt_open+0x76>
10002e3a:	f7fe fed3 	bl	10001be4 <hard_assertion_failure>
10002e3e:	68fa      	ldr	r2, [r7, #12]
10002e40:	e7cc      	b.n	10002ddc <dcd_edpt_open+0x8c>
10002e42:	46c0      	nop			@ (mov r8, r8)
10002e44:	20001d30 	.word	0x20001d30
10002e48:	50100084 	.word	0x50100084
10002e4c:	50100004 	.word	0x50100004
10002e50:	20002138 	.word	0x20002138
10002e54:	50100fff 	.word	0x50100fff
10002e58:	50100000 	.word	0x50100000
10002e5c:	50100080 	.word	0x50100080
10002e60:	50100100 	.word	0x50100100

10002e64 <dcd_edpt_close_all>:
10002e64:	b510      	push	{r4, lr}
10002e66:	f001 ff4b 	bl	10004d00 <__reset_non_control_endpoints_veneer>
10002e6a:	bd10      	pop	{r4, pc}

10002e6c <dcd_edpt_xfer>:
10002e6c:	b510      	push	{r4, lr}
10002e6e:	207f      	movs	r0, #127	@ 0x7f
10002e70:	000c      	movs	r4, r1
10002e72:	4020      	ands	r0, r4
10002e74:	0040      	lsls	r0, r0, #1
10002e76:	09e4      	lsrs	r4, r4, #7
10002e78:	0011      	movs	r1, r2
10002e7a:	1900      	adds	r0, r0, r4
10002e7c:	001a      	movs	r2, r3
10002e7e:	4b03      	ldr	r3, [pc, #12]	@ (10002e8c <dcd_edpt_xfer+0x20>)
10002e80:	0140      	lsls	r0, r0, #5
10002e82:	18c0      	adds	r0, r0, r3
10002e84:	f000 f85a 	bl	10002f3c <hw_endpoint_xfer_start>
10002e88:	2001      	movs	r0, #1
10002e8a:	bd10      	pop	{r4, pc}
10002e8c:	20001d30 	.word	0x20001d30

10002e90 <dcd_edpt_stall>:
10002e90:	237f      	movs	r3, #127	@ 0x7f
10002e92:	0018      	movs	r0, r3
10002e94:	b500      	push	{lr}
10002e96:	4008      	ands	r0, r1
10002e98:	b083      	sub	sp, #12
10002e9a:	420b      	tst	r3, r1
10002e9c:	d104      	bne.n	10002ea8 <dcd_edpt_stall+0x18>
10002e9e:	424b      	negs	r3, r1
10002ea0:	414b      	adcs	r3, r1
10002ea2:	4a08      	ldr	r2, [pc, #32]	@ (10002ec4 <dcd_edpt_stall+0x34>)
10002ea4:	3301      	adds	r3, #1
10002ea6:	6693      	str	r3, [r2, #104]	@ 0x68
10002ea8:	2280      	movs	r2, #128	@ 0x80
10002eaa:	09c9      	lsrs	r1, r1, #7
10002eac:	0040      	lsls	r0, r0, #1
10002eae:	4b06      	ldr	r3, [pc, #24]	@ (10002ec8 <dcd_edpt_stall+0x38>)
10002eb0:	1840      	adds	r0, r0, r1
10002eb2:	0140      	lsls	r0, r0, #5
10002eb4:	2100      	movs	r1, #0
10002eb6:	18c0      	adds	r0, r0, r3
10002eb8:	0112      	lsls	r2, r2, #4
10002eba:	f001 ff59 	bl	10004d70 <___hw_endpoint_buffer_control_update32_veneer>
10002ebe:	b003      	add	sp, #12
10002ec0:	bd00      	pop	{pc}
10002ec2:	46c0      	nop			@ (mov r8, r8)
10002ec4:	50112000 	.word	0x50112000
10002ec8:	20001d30 	.word	0x20001d30

10002ecc <dcd_edpt_clear_stall>:
10002ecc:	227f      	movs	r2, #127	@ 0x7f
10002ece:	0013      	movs	r3, r2
10002ed0:	b510      	push	{r4, lr}
10002ed2:	400b      	ands	r3, r1
10002ed4:	420a      	tst	r2, r1
10002ed6:	d100      	bne.n	10002eda <dcd_edpt_clear_stall+0xe>
10002ed8:	bd10      	pop	{r4, pc}
10002eda:	09c9      	lsrs	r1, r1, #7
10002edc:	005b      	lsls	r3, r3, #1
10002ede:	185b      	adds	r3, r3, r1
10002ee0:	4804      	ldr	r0, [pc, #16]	@ (10002ef4 <dcd_edpt_clear_stall+0x28>)
10002ee2:	015b      	lsls	r3, r3, #5
10002ee4:	18c0      	adds	r0, r0, r3
10002ee6:	2300      	movs	r3, #0
10002ee8:	2200      	movs	r2, #0
10002eea:	4903      	ldr	r1, [pc, #12]	@ (10002ef8 <dcd_edpt_clear_stall+0x2c>)
10002eec:	70c3      	strb	r3, [r0, #3]
10002eee:	f001 ff3f 	bl	10004d70 <___hw_endpoint_buffer_control_update32_veneer>
10002ef2:	e7f1      	b.n	10002ed8 <dcd_edpt_clear_stall+0xc>
10002ef4:	20001d30 	.word	0x20001d30
10002ef8:	fffff7ff 	.word	0xfffff7ff

10002efc <rp2040_usb_init>:
10002efc:	2280      	movs	r2, #128	@ 0x80
10002efe:	4b0a      	ldr	r3, [pc, #40]	@ (10002f28 <rp2040_usb_init+0x2c>)
10002f00:	0452      	lsls	r2, r2, #17
10002f02:	b510      	push	{r4, lr}
10002f04:	601a      	str	r2, [r3, #0]
10002f06:	4b09      	ldr	r3, [pc, #36]	@ (10002f2c <rp2040_usb_init+0x30>)
10002f08:	4909      	ldr	r1, [pc, #36]	@ (10002f30 <rp2040_usb_init+0x34>)
10002f0a:	601a      	str	r2, [r3, #0]
10002f0c:	0010      	movs	r0, r2
10002f0e:	680b      	ldr	r3, [r1, #0]
10002f10:	4398      	bics	r0, r3
10002f12:	d1fb      	bne.n	10002f0c <rp2040_usb_init+0x10>
10002f14:	2280      	movs	r2, #128	@ 0x80
10002f16:	2100      	movs	r1, #0
10002f18:	0152      	lsls	r2, r2, #5
10002f1a:	4806      	ldr	r0, [pc, #24]	@ (10002f34 <rp2040_usb_init+0x38>)
10002f1c:	f7ff f838 	bl	10001f90 <__wrap_memset>
10002f20:	2209      	movs	r2, #9
10002f22:	4b05      	ldr	r3, [pc, #20]	@ (10002f38 <rp2040_usb_init+0x3c>)
10002f24:	675a      	str	r2, [r3, #116]	@ 0x74
10002f26:	bd10      	pop	{r4, pc}
10002f28:	4000e000 	.word	0x4000e000
10002f2c:	4000f000 	.word	0x4000f000
10002f30:	4000c008 	.word	0x4000c008
10002f34:	50100000 	.word	0x50100000
10002f38:	50110000 	.word	0x50110000

10002f3c <hw_endpoint_xfer_start>:
10002f3c:	2300      	movs	r3, #0
10002f3e:	b510      	push	{r4, lr}
10002f40:	82c3      	strh	r3, [r0, #22]
10002f42:	3301      	adds	r3, #1
10002f44:	8282      	strh	r2, [r0, #20]
10002f46:	7683      	strb	r3, [r0, #26]
10002f48:	6101      	str	r1, [r0, #16]
10002f4a:	0004      	movs	r4, r0
10002f4c:	f001 ff08 	bl	10004d60 <__e15_is_bulkin_ep_veneer>
10002f50:	2800      	cmp	r0, #0
10002f52:	d004      	beq.n	10002f5e <hw_endpoint_xfer_start+0x22>
10002f54:	2180      	movs	r1, #128	@ 0x80
10002f56:	2390      	movs	r3, #144	@ 0x90
10002f58:	4a07      	ldr	r2, [pc, #28]	@ (10002f78 <hw_endpoint_xfer_start+0x3c>)
10002f5a:	0289      	lsls	r1, r1, #10
10002f5c:	50d1      	str	r1, [r2, r3]
10002f5e:	0020      	movs	r0, r4
10002f60:	f001 ff0e 	bl	10004d80 <__e15_is_critical_frame_period_veneer>
10002f64:	2800      	cmp	r0, #0
10002f66:	d002      	beq.n	10002f6e <hw_endpoint_xfer_start+0x32>
10002f68:	2301      	movs	r3, #1
10002f6a:	7723      	strb	r3, [r4, #28]
10002f6c:	bd10      	pop	{r4, pc}
10002f6e:	0020      	movs	r0, r4
10002f70:	f001 feee 	bl	10004d50 <__hw_endpoint_start_next_buffer_veneer>
10002f74:	e7fa      	b.n	10002f6c <hw_endpoint_xfer_start+0x30>
10002f76:	46c0      	nop			@ (mov r8, r8)
10002f78:	50112000 	.word	0x50112000

10002f7c <tud_event_hook_cb>:
10002f7c:	4770      	bx	lr
10002f7e:	46c0      	nop			@ (mov r8, r8)

10002f80 <tud_sof_cb>:
10002f80:	4770      	bx	lr
10002f82:	46c0      	nop			@ (mov r8, r8)

10002f84 <tud_descriptor_device_qualifier_cb>:
10002f84:	2000      	movs	r0, #0
10002f86:	4770      	bx	lr

10002f88 <tud_descriptor_other_speed_configuration_cb>:
10002f88:	2000      	movs	r0, #0
10002f8a:	4770      	bx	lr

10002f8c <tud_mount_cb>:
10002f8c:	4770      	bx	lr
10002f8e:	46c0      	nop			@ (mov r8, r8)

10002f90 <tud_umount_cb>:
10002f90:	4770      	bx	lr
10002f92:	46c0      	nop			@ (mov r8, r8)

10002f94 <tud_suspend_cb>:
10002f94:	4770      	bx	lr
10002f96:	46c0      	nop			@ (mov r8, r8)

10002f98 <tud_resume_cb>:
10002f98:	4770      	bx	lr
10002f9a:	46c0      	nop			@ (mov r8, r8)

10002f9c <tud_mounted>:
10002f9c:	4b02      	ldr	r3, [pc, #8]	@ (10002fa8 <tud_mounted+0xc>)
10002f9e:	7858      	ldrb	r0, [r3, #1]
10002fa0:	1e43      	subs	r3, r0, #1
10002fa2:	4198      	sbcs	r0, r3
10002fa4:	b2c0      	uxtb	r0, r0
10002fa6:	4770      	bx	lr
10002fa8:	200017d4 	.word	0x200017d4

10002fac <tud_suspended>:
10002fac:	4b02      	ldr	r3, [pc, #8]	@ (10002fb8 <tud_suspended+0xc>)
10002fae:	7818      	ldrb	r0, [r3, #0]
10002fb0:	0740      	lsls	r0, r0, #29
10002fb2:	0fc0      	lsrs	r0, r0, #31
10002fb4:	4770      	bx	lr
10002fb6:	46c0      	nop			@ (mov r8, r8)
10002fb8:	200017d4 	.word	0x200017d4

10002fbc <tud_rhport_init>:
10002fbc:	b5f0      	push	{r4, r5, r6, r7, lr}
10002fbe:	46d6      	mov	lr, sl
10002fc0:	464f      	mov	r7, r9
10002fc2:	4646      	mov	r6, r8
10002fc4:	b5c0      	push	{r6, r7, lr}
10002fc6:	4b2f      	ldr	r3, [pc, #188]	@ (10003084 <tud_rhport_init+0xc8>)
10002fc8:	0007      	movs	r7, r0
10002fca:	469a      	mov	sl, r3
10002fcc:	781b      	ldrb	r3, [r3, #0]
10002fce:	000e      	movs	r6, r1
10002fd0:	2bff      	cmp	r3, #255	@ 0xff
10002fd2:	d150      	bne.n	10003076 <tud_rhport_init+0xba>
10002fd4:	2900      	cmp	r1, #0
10002fd6:	d041      	beq.n	1000305c <tud_rhport_init+0xa0>
10002fd8:	2100      	movs	r1, #0
10002fda:	2254      	movs	r2, #84	@ 0x54
10002fdc:	482a      	ldr	r0, [pc, #168]	@ (10003088 <tud_rhport_init+0xcc>)
10002fde:	f7fe ffd7 	bl	10001f90 <__wrap_memset>
10002fe2:	2200      	movs	r2, #0
10002fe4:	4c29      	ldr	r4, [pc, #164]	@ (1000308c <tud_rhport_init+0xd0>)
10002fe6:	4b2a      	ldr	r3, [pc, #168]	@ (10003090 <tud_rhport_init+0xd4>)
10002fe8:	0020      	movs	r0, r4
10002fea:	701a      	strb	r2, [r3, #0]
10002fec:	f7fd ff72 	bl	10000ed4 <mutex_init>
10002ff0:	4b28      	ldr	r3, [pc, #160]	@ (10003094 <tud_rhport_init+0xd8>)
10002ff2:	601c      	str	r4, [r3, #0]
10002ff4:	4c28      	ldr	r4, [pc, #160]	@ (10003098 <tud_rhport_init+0xdc>)
10002ff6:	0020      	movs	r0, r4
10002ff8:	3c14      	subs	r4, #20
10002ffa:	f7fd ff79 	bl	10000ef0 <critical_section_init>
10002ffe:	0020      	movs	r0, r4
10003000:	f001 fdfa 	bl	10004bf8 <tu_fifo_clear>
10003004:	4b25      	ldr	r3, [pc, #148]	@ (1000309c <tud_rhport_init+0xe0>)
10003006:	4d26      	ldr	r5, [pc, #152]	@ (100030a0 <tud_rhport_init+0xe4>)
10003008:	601c      	str	r4, [r3, #0]
1000300a:	4b26      	ldr	r3, [pc, #152]	@ (100030a4 <tud_rhport_init+0xe8>)
1000300c:	2b00      	cmp	r3, #0
1000300e:	d004      	beq.n	1000301a <tud_rhport_init+0x5e>
10003010:	0028      	movs	r0, r5
10003012:	f7ff fac7 	bl	100025a4 <usbd_app_driver_get_cb>
10003016:	4b24      	ldr	r3, [pc, #144]	@ (100030a8 <tud_rhport_init+0xec>)
10003018:	6018      	str	r0, [r3, #0]
1000301a:	4924      	ldr	r1, [pc, #144]	@ (100030ac <tud_rhport_init+0xf0>)
1000301c:	2400      	movs	r4, #0
1000301e:	4689      	mov	r9, r1
10003020:	4921      	ldr	r1, [pc, #132]	@ (100030a8 <tud_rhport_init+0xec>)
10003022:	2300      	movs	r3, #0
10003024:	4688      	mov	r8, r1
10003026:	782a      	ldrb	r2, [r5, #0]
10003028:	e010      	b.n	1000304c <tud_rhport_init+0x90>
1000302a:	4643      	mov	r3, r8
1000302c:	681b      	ldr	r3, [r3, #0]
1000302e:	0162      	lsls	r2, r4, #5
10003030:	189b      	adds	r3, r3, r2
10003032:	2b00      	cmp	r3, #0
10003034:	d012      	beq.n	1000305c <tud_rhport_init+0xa0>
10003036:	685b      	ldr	r3, [r3, #4]
10003038:	2b00      	cmp	r3, #0
1000303a:	d00f      	beq.n	1000305c <tud_rhport_init+0xa0>
1000303c:	4798      	blx	r3
1000303e:	782a      	ldrb	r2, [r5, #0]
10003040:	3401      	adds	r4, #1
10003042:	b2e4      	uxtb	r4, r4
10003044:	1c51      	adds	r1, r2, #1
10003046:	0023      	movs	r3, r4
10003048:	42a1      	cmp	r1, r4
1000304a:	db09      	blt.n	10003060 <tud_rhport_init+0xa4>
1000304c:	42a2      	cmp	r2, r4
1000304e:	d8ec      	bhi.n	1000302a <tud_rhport_init+0x6e>
10003050:	1a9b      	subs	r3, r3, r2
10003052:	015b      	lsls	r3, r3, #5
10003054:	444b      	add	r3, r9
10003056:	685b      	ldr	r3, [r3, #4]
10003058:	2b00      	cmp	r3, #0
1000305a:	d1ef      	bne.n	1000303c <tud_rhport_init+0x80>
1000305c:	2000      	movs	r0, #0
1000305e:	e00b      	b.n	10003078 <tud_rhport_init+0xbc>
10003060:	4653      	mov	r3, sl
10003062:	0031      	movs	r1, r6
10003064:	0038      	movs	r0, r7
10003066:	701f      	strb	r7, [r3, #0]
10003068:	f7ff fdfe 	bl	10002c68 <dcd_init>
1000306c:	2800      	cmp	r0, #0
1000306e:	d0f5      	beq.n	1000305c <tud_rhport_init+0xa0>
10003070:	0038      	movs	r0, r7
10003072:	f7ff fe41 	bl	10002cf8 <dcd_int_enable>
10003076:	2001      	movs	r0, #1
10003078:	bce0      	pop	{r5, r6, r7}
1000307a:	46ba      	mov	sl, r7
1000307c:	46b1      	mov	r9, r6
1000307e:	46a8      	mov	r8, r5
10003080:	bdf0      	pop	{r4, r5, r6, r7, pc}
10003082:	46c0      	nop			@ (mov r8, r8)
10003084:	2000106c 	.word	0x2000106c
10003088:	200017d4 	.word	0x200017d4
1000308c:	200017cc 	.word	0x200017cc
10003090:	2000219f 	.word	0x2000219f
10003094:	20001828 	.word	0x20001828
10003098:	20001064 	.word	0x20001064
1000309c:	2000182c 	.word	0x2000182c
100030a0:	2000219d 	.word	0x2000219d
100030a4:	100025a5 	.word	0x100025a5
100030a8:	20001624 	.word	0x20001624
100030ac:	10005218 	.word	0x10005218

100030b0 <tud_task_ext>:
100030b0:	b5f0      	push	{r4, r5, r6, r7, lr}
100030b2:	46de      	mov	lr, fp
100030b4:	4657      	mov	r7, sl
100030b6:	464e      	mov	r6, r9
100030b8:	4645      	mov	r5, r8
100030ba:	b5e0      	push	{r5, r6, r7, lr}
100030bc:	4bc8      	ldr	r3, [pc, #800]	@ (100033e0 <tud_task_ext+0x330>)
100030be:	b091      	sub	sp, #68	@ 0x44
100030c0:	9302      	str	r3, [sp, #8]
100030c2:	781b      	ldrb	r3, [r3, #0]
100030c4:	2bff      	cmp	r3, #255	@ 0xff
100030c6:	d100      	bne.n	100030ca <tud_task_ext+0x1a>
100030c8:	e13e      	b.n	10003348 <tud_task_ext+0x298>
100030ca:	4bc6      	ldr	r3, [pc, #792]	@ (100033e4 <tud_task_ext+0x334>)
100030cc:	4ec6      	ldr	r6, [pc, #792]	@ (100033e8 <tud_task_ext+0x338>)
100030ce:	469b      	mov	fp, r3
100030d0:	465f      	mov	r7, fp
100030d2:	4bc6      	ldr	r3, [pc, #792]	@ (100033ec <tud_task_ext+0x33c>)
100030d4:	ac0d      	add	r4, sp, #52	@ 0x34
100030d6:	9301      	str	r3, [sp, #4]
100030d8:	4bc5      	ldr	r3, [pc, #788]	@ (100033f0 <tud_task_ext+0x340>)
100030da:	9300      	str	r3, [sp, #0]
100030dc:	6835      	ldr	r5, [r6, #0]
100030de:	696a      	ldr	r2, [r5, #20]
100030e0:	f3ef 8110 	mrs	r1, PRIMASK
100030e4:	b672      	cpsid	i
100030e6:	6813      	ldr	r3, [r2, #0]
100030e8:	2b00      	cmp	r3, #0
100030ea:	d0fc      	beq.n	100030e6 <tud_task_ext+0x36>
100030ec:	f3bf 8f5f 	dmb	sy
100030f0:	61a9      	str	r1, [r5, #24]
100030f2:	0028      	movs	r0, r5
100030f4:	0021      	movs	r1, r4
100030f6:	f001 fbaf 	bl	10004858 <tu_fifo_read>
100030fa:	696a      	ldr	r2, [r5, #20]
100030fc:	69ab      	ldr	r3, [r5, #24]
100030fe:	f3bf 8f5f 	dmb	sy
10003102:	2100      	movs	r1, #0
10003104:	6011      	str	r1, [r2, #0]
10003106:	f383 8810 	msr	PRIMASK, r3
1000310a:	2800      	cmp	r0, #0
1000310c:	d100      	bne.n	10003110 <tud_task_ext+0x60>
1000310e:	e11b      	b.n	10003348 <tud_task_ext+0x298>
10003110:	7863      	ldrb	r3, [r4, #1]
10003112:	2b08      	cmp	r3, #8
10003114:	d8e2      	bhi.n	100030dc <tud_task_ext+0x2c>
10003116:	009b      	lsls	r3, r3, #2
10003118:	58fb      	ldr	r3, [r7, r3]
1000311a:	469f      	mov	pc, r3
1000311c:	6863      	ldr	r3, [r4, #4]
1000311e:	2b00      	cmp	r3, #0
10003120:	d0dc      	beq.n	100030dc <tud_task_ext+0x2c>
10003122:	68a0      	ldr	r0, [r4, #8]
10003124:	4798      	blx	r3
10003126:	e7d9      	b.n	100030dc <tud_task_ext+0x2c>
10003128:	227f      	movs	r2, #127	@ 0x7f
1000312a:	7921      	ldrb	r1, [r4, #4]
1000312c:	4daf      	ldr	r5, [pc, #700]	@ (100033ec <tud_task_ext+0x33c>)
1000312e:	400a      	ands	r2, r1
10003130:	0053      	lsls	r3, r2, #1
10003132:	18eb      	adds	r3, r5, r3
10003134:	4698      	mov	r8, r3
10003136:	09c8      	lsrs	r0, r1, #7
10003138:	4480      	add	r8, r0
1000313a:	4640      	mov	r0, r8
1000313c:	2301      	movs	r3, #1
1000313e:	3030      	adds	r0, #48	@ 0x30
10003140:	7905      	ldrb	r5, [r0, #4]
10003142:	439d      	bics	r5, r3
10003144:	7105      	strb	r5, [r0, #4]
10003146:	7905      	ldrb	r5, [r0, #4]
10003148:	3303      	adds	r3, #3
1000314a:	439d      	bics	r5, r3
1000314c:	7105      	strb	r5, [r0, #4]
1000314e:	2a00      	cmp	r2, #0
10003150:	d100      	bne.n	10003154 <tud_task_ext+0xa4>
10003152:	e100      	b.n	10003356 <tud_task_ext+0x2a6>
10003154:	4643      	mov	r3, r8
10003156:	4aa7      	ldr	r2, [pc, #668]	@ (100033f4 <tud_task_ext+0x344>)
10003158:	7d1b      	ldrb	r3, [r3, #20]
1000315a:	7812      	ldrb	r2, [r2, #0]
1000315c:	4293      	cmp	r3, r2
1000315e:	d300      	bcc.n	10003162 <tud_task_ext+0xb2>
10003160:	e0ef      	b.n	10003342 <tud_task_ext+0x292>
10003162:	4aa5      	ldr	r2, [pc, #660]	@ (100033f8 <tud_task_ext+0x348>)
10003164:	015b      	lsls	r3, r3, #5
10003166:	6815      	ldr	r5, [r2, #0]
10003168:	18ed      	adds	r5, r5, r3
1000316a:	2d00      	cmp	r5, #0
1000316c:	d100      	bne.n	10003170 <tud_task_ext+0xc0>
1000316e:	e0eb      	b.n	10003348 <tud_task_ext+0x298>
10003170:	68a3      	ldr	r3, [r4, #8]
10003172:	7962      	ldrb	r2, [r4, #5]
10003174:	7820      	ldrb	r0, [r4, #0]
10003176:	69ad      	ldr	r5, [r5, #24]
10003178:	47a8      	blx	r5
1000317a:	e7af      	b.n	100030dc <tud_task_ext+0x2c>
1000317c:	4a9f      	ldr	r2, [pc, #636]	@ (100033fc <tud_task_ext+0x34c>)
1000317e:	7813      	ldrb	r3, [r2, #0]
10003180:	2b00      	cmp	r3, #0
10003182:	d100      	bne.n	10003186 <tud_task_ext+0xd6>
10003184:	e0e0      	b.n	10003348 <tud_task_ext+0x298>
10003186:	7813      	ldrb	r3, [r2, #0]
10003188:	3b01      	subs	r3, #1
1000318a:	b2db      	uxtb	r3, r3
1000318c:	7013      	strb	r3, [r2, #0]
1000318e:	7813      	ldrb	r3, [r2, #0]
10003190:	2b00      	cmp	r3, #0
10003192:	d1a3      	bne.n	100030dc <tud_task_ext+0x2c>
10003194:	2201      	movs	r2, #1
10003196:	4d95      	ldr	r5, [pc, #596]	@ (100033ec <tud_task_ext+0x33c>)
10003198:	2101      	movs	r1, #1
1000319a:	782b      	ldrb	r3, [r5, #0]
1000319c:	2004      	movs	r0, #4
1000319e:	4313      	orrs	r3, r2
100031a0:	702b      	strb	r3, [r5, #0]
100031a2:	2334      	movs	r3, #52	@ 0x34
100031a4:	5cea      	ldrb	r2, [r5, r3]
100031a6:	438a      	bics	r2, r1
100031a8:	54ea      	strb	r2, [r5, r3]
100031aa:	5cea      	ldrb	r2, [r5, r3]
100031ac:	4382      	bics	r2, r0
100031ae:	54ea      	strb	r2, [r5, r3]
100031b0:	3301      	adds	r3, #1
100031b2:	5cea      	ldrb	r2, [r5, r3]
100031b4:	438a      	bics	r2, r1
100031b6:	54ea      	strb	r2, [r5, r3]
100031b8:	5cea      	ldrb	r2, [r5, r3]
100031ba:	4382      	bics	r2, r0
100031bc:	54ea      	strb	r2, [r5, r3]
100031be:	7823      	ldrb	r3, [r4, #0]
100031c0:	2000      	movs	r0, #0
100031c2:	469b      	mov	fp, r3
100031c4:	f000 fc9e 	bl	10003b04 <usbd_control_set_complete_callback>
100031c8:	2260      	movs	r2, #96	@ 0x60
100031ca:	7923      	ldrb	r3, [r4, #4]
100031cc:	401a      	ands	r2, r3
100031ce:	2a60      	cmp	r2, #96	@ 0x60
100031d0:	d100      	bne.n	100031d4 <tud_task_ext+0x124>
100031d2:	e0ef      	b.n	100033b4 <tud_task_ext+0x304>
100031d4:	2a40      	cmp	r2, #64	@ 0x40
100031d6:	d100      	bne.n	100031da <tud_task_ext+0x12a>
100031d8:	e0f5      	b.n	100033c6 <tud_task_ext+0x316>
100031da:	06db      	lsls	r3, r3, #27
100031dc:	0edb      	lsrs	r3, r3, #27
100031de:	2b01      	cmp	r3, #1
100031e0:	d100      	bne.n	100031e4 <tud_task_ext+0x134>
100031e2:	e113      	b.n	1000340c <tud_task_ext+0x35c>
100031e4:	2b02      	cmp	r3, #2
100031e6:	d100      	bne.n	100031ea <tud_task_ext+0x13a>
100031e8:	e0c7      	b.n	1000337a <tud_task_ext+0x2ca>
100031ea:	2b00      	cmp	r3, #0
100031ec:	d000      	beq.n	100031f0 <tud_task_ext+0x140>
100031ee:	e0e1      	b.n	100033b4 <tud_task_ext+0x304>
100031f0:	2a20      	cmp	r2, #32
100031f2:	d100      	bne.n	100031f6 <tud_task_ext+0x146>
100031f4:	e21c      	b.n	10003630 <tud_task_ext+0x580>
100031f6:	2a00      	cmp	r2, #0
100031f8:	d000      	beq.n	100031fc <tud_task_ext+0x14c>
100031fa:	e0db      	b.n	100033b4 <tud_task_ext+0x304>
100031fc:	7963      	ldrb	r3, [r4, #5]
100031fe:	2b09      	cmp	r3, #9
10003200:	d900      	bls.n	10003204 <tud_task_ext+0x154>
10003202:	e0d7      	b.n	100033b4 <tud_task_ext+0x304>
10003204:	4a7e      	ldr	r2, [pc, #504]	@ (10003400 <tud_task_ext+0x350>)
10003206:	009b      	lsls	r3, r3, #2
10003208:	58d3      	ldr	r3, [r2, r3]
1000320a:	469f      	mov	pc, r3
1000320c:	4d77      	ldr	r5, [pc, #476]	@ (100033ec <tud_task_ext+0x33c>)
1000320e:	782b      	ldrb	r3, [r5, #0]
10003210:	07db      	lsls	r3, r3, #31
10003212:	d400      	bmi.n	10003216 <tud_task_ext+0x166>
10003214:	e762      	b.n	100030dc <tud_task_ext+0x2c>
10003216:	f7ff febf 	bl	10002f98 <tud_resume_cb>
1000321a:	e75f      	b.n	100030dc <tud_task_ext+0x2c>
1000321c:	9b01      	ldr	r3, [sp, #4]
1000321e:	78db      	ldrb	r3, [r3, #3]
10003220:	07db      	lsls	r3, r3, #31
10003222:	d400      	bmi.n	10003226 <tud_task_ext+0x176>
10003224:	e75a      	b.n	100030dc <tud_task_ext+0x2c>
10003226:	6860      	ldr	r0, [r4, #4]
10003228:	f7ff feaa 	bl	10002f80 <tud_sof_cb>
1000322c:	e756      	b.n	100030dc <tud_task_ext+0x2c>
1000322e:	4d6f      	ldr	r5, [pc, #444]	@ (100033ec <tud_task_ext+0x33c>)
10003230:	782b      	ldrb	r3, [r5, #0]
10003232:	07db      	lsls	r3, r3, #31
10003234:	d400      	bmi.n	10003238 <tud_task_ext+0x188>
10003236:	e751      	b.n	100030dc <tud_task_ext+0x2c>
10003238:	7828      	ldrb	r0, [r5, #0]
1000323a:	0700      	lsls	r0, r0, #28
1000323c:	0fc0      	lsrs	r0, r0, #31
1000323e:	f7ff fea9 	bl	10002f94 <tud_suspend_cb>
10003242:	e74b      	b.n	100030dc <tud_task_ext+0x2c>
10003244:	7823      	ldrb	r3, [r4, #0]
10003246:	496a      	ldr	r1, [pc, #424]	@ (100033f0 <tud_task_ext+0x340>)
10003248:	4699      	mov	r9, r3
1000324a:	468b      	mov	fp, r1
1000324c:	4b69      	ldr	r3, [pc, #420]	@ (100033f4 <tud_task_ext+0x344>)
1000324e:	496a      	ldr	r1, [pc, #424]	@ (100033f8 <tud_task_ext+0x348>)
10003250:	4698      	mov	r8, r3
10003252:	468a      	mov	sl, r1
10003254:	0039      	movs	r1, r7
10003256:	781a      	ldrb	r2, [r3, #0]
10003258:	4647      	mov	r7, r8
1000325a:	2300      	movs	r3, #0
1000325c:	46b0      	mov	r8, r6
1000325e:	2500      	movs	r5, #0
10003260:	464e      	mov	r6, r9
10003262:	4689      	mov	r9, r1
10003264:	e010      	b.n	10003288 <tud_task_ext+0x1d8>
10003266:	4653      	mov	r3, sl
10003268:	681b      	ldr	r3, [r3, #0]
1000326a:	016a      	lsls	r2, r5, #5
1000326c:	189b      	adds	r3, r3, r2
1000326e:	2b00      	cmp	r3, #0
10003270:	d100      	bne.n	10003274 <tud_task_ext+0x1c4>
10003272:	e076      	b.n	10003362 <tud_task_ext+0x2b2>
10003274:	68db      	ldr	r3, [r3, #12]
10003276:	0030      	movs	r0, r6
10003278:	4798      	blx	r3
1000327a:	783a      	ldrb	r2, [r7, #0]
1000327c:	3501      	adds	r5, #1
1000327e:	b2ed      	uxtb	r5, r5
10003280:	1c51      	adds	r1, r2, #1
10003282:	002b      	movs	r3, r5
10003284:	428d      	cmp	r5, r1
10003286:	dc44      	bgt.n	10003312 <tud_task_ext+0x262>
10003288:	4295      	cmp	r5, r2
1000328a:	d3ec      	bcc.n	10003266 <tud_task_ext+0x1b6>
1000328c:	1a9b      	subs	r3, r3, r2
1000328e:	015b      	lsls	r3, r3, #5
10003290:	445b      	add	r3, fp
10003292:	e7ef      	b.n	10003274 <tud_task_ext+0x1c4>
10003294:	7823      	ldrb	r3, [r4, #0]
10003296:	4958      	ldr	r1, [pc, #352]	@ (100033f8 <tud_task_ext+0x348>)
10003298:	4699      	mov	r9, r3
1000329a:	4b56      	ldr	r3, [pc, #344]	@ (100033f4 <tud_task_ext+0x344>)
1000329c:	468a      	mov	sl, r1
1000329e:	4698      	mov	r8, r3
100032a0:	0031      	movs	r1, r6
100032a2:	46bb      	mov	fp, r7
100032a4:	464e      	mov	r6, r9
100032a6:	781a      	ldrb	r2, [r3, #0]
100032a8:	2500      	movs	r5, #0
100032aa:	2300      	movs	r3, #0
100032ac:	4647      	mov	r7, r8
100032ae:	4689      	mov	r9, r1
100032b0:	e00f      	b.n	100032d2 <tud_task_ext+0x222>
100032b2:	4653      	mov	r3, sl
100032b4:	681b      	ldr	r3, [r3, #0]
100032b6:	016a      	lsls	r2, r5, #5
100032b8:	189b      	adds	r3, r3, r2
100032ba:	2b00      	cmp	r3, #0
100032bc:	d055      	beq.n	1000336a <tud_task_ext+0x2ba>
100032be:	68db      	ldr	r3, [r3, #12]
100032c0:	0030      	movs	r0, r6
100032c2:	4798      	blx	r3
100032c4:	783a      	ldrb	r2, [r7, #0]
100032c6:	3501      	adds	r5, #1
100032c8:	b2ed      	uxtb	r5, r5
100032ca:	1c51      	adds	r1, r2, #1
100032cc:	002b      	movs	r3, r5
100032ce:	428d      	cmp	r5, r1
100032d0:	dc07      	bgt.n	100032e2 <tud_task_ext+0x232>
100032d2:	4295      	cmp	r5, r2
100032d4:	d3ed      	bcc.n	100032b2 <tud_task_ext+0x202>
100032d6:	1a9b      	subs	r3, r3, r2
100032d8:	9a00      	ldr	r2, [sp, #0]
100032da:	015b      	lsls	r3, r3, #5
100032dc:	4694      	mov	ip, r2
100032de:	4463      	add	r3, ip
100032e0:	e7ed      	b.n	100032be <tud_task_ext+0x20e>
100032e2:	9d01      	ldr	r5, [sp, #4]
100032e4:	2254      	movs	r2, #84	@ 0x54
100032e6:	2100      	movs	r1, #0
100032e8:	0028      	movs	r0, r5
100032ea:	f7fe fe51 	bl	10001f90 <__wrap_memset>
100032ee:	2210      	movs	r2, #16
100032f0:	21ff      	movs	r1, #255	@ 0xff
100032f2:	4844      	ldr	r0, [pc, #272]	@ (10003404 <tud_task_ext+0x354>)
100032f4:	f7fe fe4c 	bl	10001f90 <__wrap_memset>
100032f8:	0028      	movs	r0, r5
100032fa:	2220      	movs	r2, #32
100032fc:	21ff      	movs	r1, #255	@ 0xff
100032fe:	3014      	adds	r0, #20
10003300:	464e      	mov	r6, r9
10003302:	465f      	mov	r7, fp
10003304:	f7fe fe44 	bl	10001f90 <__wrap_memset>
10003308:	f000 fbf2 	bl	10003af0 <usbd_control_reset>
1000330c:	f7ff fe40 	bl	10002f90 <tud_umount_cb>
10003310:	e6e4      	b.n	100030dc <tud_task_ext+0x2c>
10003312:	4d36      	ldr	r5, [pc, #216]	@ (100033ec <tud_task_ext+0x33c>)
10003314:	2254      	movs	r2, #84	@ 0x54
10003316:	2100      	movs	r1, #0
10003318:	0028      	movs	r0, r5
1000331a:	f7fe fe39 	bl	10001f90 <__wrap_memset>
1000331e:	2210      	movs	r2, #16
10003320:	21ff      	movs	r1, #255	@ 0xff
10003322:	1d28      	adds	r0, r5, #4
10003324:	f7fe fe34 	bl	10001f90 <__wrap_memset>
10003328:	0028      	movs	r0, r5
1000332a:	2220      	movs	r2, #32
1000332c:	21ff      	movs	r1, #255	@ 0xff
1000332e:	3014      	adds	r0, #20
10003330:	4646      	mov	r6, r8
10003332:	464f      	mov	r7, r9
10003334:	f7fe fe2c 	bl	10001f90 <__wrap_memset>
10003338:	f000 fbda 	bl	10003af0 <usbd_control_reset>
1000333c:	7923      	ldrb	r3, [r4, #4]
1000333e:	70ab      	strb	r3, [r5, #2]
10003340:	e6cc      	b.n	100030dc <tud_task_ext+0x2c>
10003342:	1c50      	adds	r0, r2, #1
10003344:	4298      	cmp	r0, r3
10003346:	da13      	bge.n	10003370 <tud_task_ext+0x2c0>
10003348:	b011      	add	sp, #68	@ 0x44
1000334a:	bcf0      	pop	{r4, r5, r6, r7}
1000334c:	46bb      	mov	fp, r7
1000334e:	46b2      	mov	sl, r6
10003350:	46a9      	mov	r9, r5
10003352:	46a0      	mov	r8, r4
10003354:	bdf0      	pop	{r4, r5, r6, r7, pc}
10003356:	68a3      	ldr	r3, [r4, #8]
10003358:	7962      	ldrb	r2, [r4, #5]
1000335a:	7820      	ldrb	r0, [r4, #0]
1000335c:	f000 fbe6 	bl	10003b2c <usbd_control_xfer_cb>
10003360:	e6bc      	b.n	100030dc <tud_task_ext+0x2c>
10003362:	4646      	mov	r6, r8
10003364:	464f      	mov	r7, r9
10003366:	4d21      	ldr	r5, [pc, #132]	@ (100033ec <tud_task_ext+0x33c>)
10003368:	e7e6      	b.n	10003338 <tud_task_ext+0x288>
1000336a:	464e      	mov	r6, r9
1000336c:	465f      	mov	r7, fp
1000336e:	e7cb      	b.n	10003308 <tud_task_ext+0x258>
10003370:	4d1f      	ldr	r5, [pc, #124]	@ (100033f0 <tud_task_ext+0x340>)
10003372:	1a9b      	subs	r3, r3, r2
10003374:	015b      	lsls	r3, r3, #5
10003376:	195d      	adds	r5, r3, r5
10003378:	e6fa      	b.n	10003170 <tud_task_ext+0xc0>
1000337a:	2370      	movs	r3, #112	@ 0x70
1000337c:	7a21      	ldrb	r1, [r4, #8]
1000337e:	420b      	tst	r3, r1
10003380:	d118      	bne.n	100033b4 <tud_task_ext+0x304>
10003382:	09c8      	lsrs	r0, r1, #7
10003384:	4682      	mov	sl, r0
10003386:	330f      	adds	r3, #15
10003388:	400b      	ands	r3, r1
1000338a:	005b      	lsls	r3, r3, #1
1000338c:	4698      	mov	r8, r3
1000338e:	4819      	ldr	r0, [pc, #100]	@ (100033f4 <tud_task_ext+0x344>)
10003390:	18eb      	adds	r3, r5, r3
10003392:	4453      	add	r3, sl
10003394:	7d1b      	ldrb	r3, [r3, #20]
10003396:	7800      	ldrb	r0, [r0, #0]
10003398:	4699      	mov	r9, r3
1000339a:	4283      	cmp	r3, r0
1000339c:	d266      	bcs.n	1000346c <tud_task_ext+0x3bc>
1000339e:	4816      	ldr	r0, [pc, #88]	@ (100033f8 <tud_task_ext+0x348>)
100033a0:	015b      	lsls	r3, r3, #5
100033a2:	6800      	ldr	r0, [r0, #0]
100033a4:	4681      	mov	r9, r0
100033a6:	4499      	add	r9, r3
100033a8:	2a00      	cmp	r2, #0
100033aa:	d100      	bne.n	100033ae <tud_task_ext+0x2fe>
100033ac:	e15f      	b.n	1000366e <tud_task_ext+0x5be>
100033ae:	464b      	mov	r3, r9
100033b0:	2b00      	cmp	r3, #0
100033b2:	d168      	bne.n	10003486 <tud_task_ext+0x3d6>
100033b4:	7820      	ldrb	r0, [r4, #0]
100033b6:	2100      	movs	r1, #0
100033b8:	f7ff fd6a 	bl	10002e90 <dcd_edpt_stall>
100033bc:	2180      	movs	r1, #128	@ 0x80
100033be:	7820      	ldrb	r0, [r4, #0]
100033c0:	f7ff fd66 	bl	10002e90 <dcd_edpt_stall>
100033c4:	e68a      	b.n	100030dc <tud_task_ext+0x2c>
100033c6:	4810      	ldr	r0, [pc, #64]	@ (10003408 <tud_task_ext+0x358>)
100033c8:	f000 fb9c 	bl	10003b04 <usbd_control_set_complete_callback>
100033cc:	2101      	movs	r1, #1
100033ce:	4658      	mov	r0, fp
100033d0:	aa0e      	add	r2, sp, #56	@ 0x38
100033d2:	f7ff f8cd 	bl	10002570 <tud_vendor_control_xfer_cb>
100033d6:	2800      	cmp	r0, #0
100033d8:	d000      	beq.n	100033dc <tud_task_ext+0x32c>
100033da:	e67f      	b.n	100030dc <tud_task_ext+0x2c>
100033dc:	e7ea      	b.n	100033b4 <tud_task_ext+0x304>
100033de:	46c0      	nop			@ (mov r8, r8)
100033e0:	2000106c 	.word	0x2000106c
100033e4:	10005170 	.word	0x10005170
100033e8:	2000182c 	.word	0x2000182c
100033ec:	200017d4 	.word	0x200017d4
100033f0:	10005218 	.word	0x10005218
100033f4:	2000219d 	.word	0x2000219d
100033f8:	20001624 	.word	0x20001624
100033fc:	2000219f 	.word	0x2000219f
10003400:	10005194 	.word	0x10005194
10003404:	200017d8 	.word	0x200017d8
10003408:	10002571 	.word	0x10002571
1000340c:	7a23      	ldrb	r3, [r4, #8]
1000340e:	2b0f      	cmp	r3, #15
10003410:	d8d0      	bhi.n	100033b4 <tud_task_ext+0x304>
10003412:	4acf      	ldr	r2, [pc, #828]	@ (10003750 <tud_task_ext+0x6a0>)
10003414:	18eb      	adds	r3, r5, r3
10003416:	791b      	ldrb	r3, [r3, #4]
10003418:	7815      	ldrb	r5, [r2, #0]
1000341a:	42ab      	cmp	r3, r5
1000341c:	d33e      	bcc.n	1000349c <tud_task_ext+0x3ec>
1000341e:	1c69      	adds	r1, r5, #1
10003420:	4299      	cmp	r1, r3
10003422:	dbc7      	blt.n	100033b4 <tud_task_ext+0x304>
10003424:	1b5d      	subs	r5, r3, r5
10003426:	4bcb      	ldr	r3, [pc, #812]	@ (10003754 <tud_task_ext+0x6a4>)
10003428:	016d      	lsls	r5, r5, #5
1000342a:	18ed      	adds	r5, r5, r3
1000342c:	6968      	ldr	r0, [r5, #20]
1000342e:	f000 fb69 	bl	10003b04 <usbd_control_set_complete_callback>
10003432:	2101      	movs	r1, #1
10003434:	4658      	mov	r0, fp
10003436:	696b      	ldr	r3, [r5, #20]
10003438:	aa0e      	add	r2, sp, #56	@ 0x38
1000343a:	4798      	blx	r3
1000343c:	2800      	cmp	r0, #0
1000343e:	d000      	beq.n	10003442 <tud_task_ext+0x392>
10003440:	e64c      	b.n	100030dc <tud_task_ext+0x2c>
10003442:	2260      	movs	r2, #96	@ 0x60
10003444:	0015      	movs	r5, r2
10003446:	7923      	ldrb	r3, [r4, #4]
10003448:	401d      	ands	r5, r3
1000344a:	421a      	tst	r2, r3
1000344c:	d1b2      	bne.n	100033b4 <tud_task_ext+0x304>
1000344e:	7963      	ldrb	r3, [r4, #5]
10003450:	3b0a      	subs	r3, #10
10003452:	2b01      	cmp	r3, #1
10003454:	d8ae      	bhi.n	100033b4 <tud_task_ext+0x304>
10003456:	f000 fb55 	bl	10003b04 <usbd_control_set_complete_callback>
1000345a:	7963      	ldrb	r3, [r4, #5]
1000345c:	2b0a      	cmp	r3, #10
1000345e:	d100      	bne.n	10003462 <tud_task_ext+0x3b2>
10003460:	e199      	b.n	10003796 <tud_task_ext+0x6e6>
10003462:	4658      	mov	r0, fp
10003464:	a90e      	add	r1, sp, #56	@ 0x38
10003466:	f000 fad9 	bl	10003a1c <tud_control_status>
1000346a:	e637      	b.n	100030dc <tud_task_ext+0x2c>
1000346c:	1c43      	adds	r3, r0, #1
1000346e:	454b      	cmp	r3, r9
10003470:	da00      	bge.n	10003474 <tud_task_ext+0x3c4>
10003472:	e0f7      	b.n	10003664 <tud_task_ext+0x5b4>
10003474:	464b      	mov	r3, r9
10003476:	1a1b      	subs	r3, r3, r0
10003478:	015b      	lsls	r3, r3, #5
1000347a:	4699      	mov	r9, r3
1000347c:	48b5      	ldr	r0, [pc, #724]	@ (10003754 <tud_task_ext+0x6a4>)
1000347e:	4481      	add	r9, r0
10003480:	2a00      	cmp	r2, #0
10003482:	d100      	bne.n	10003486 <tud_task_ext+0x3d6>
10003484:	e0f3      	b.n	1000366e <tud_task_ext+0x5be>
10003486:	464b      	mov	r3, r9
10003488:	6958      	ldr	r0, [r3, #20]
1000348a:	f000 fb3b 	bl	10003b04 <usbd_control_set_complete_callback>
1000348e:	464b      	mov	r3, r9
10003490:	2101      	movs	r1, #1
10003492:	4658      	mov	r0, fp
10003494:	695b      	ldr	r3, [r3, #20]
10003496:	aa0e      	add	r2, sp, #56	@ 0x38
10003498:	4798      	blx	r3
1000349a:	e79c      	b.n	100033d6 <tud_task_ext+0x326>
1000349c:	4aae      	ldr	r2, [pc, #696]	@ (10003758 <tud_task_ext+0x6a8>)
1000349e:	015b      	lsls	r3, r3, #5
100034a0:	6815      	ldr	r5, [r2, #0]
100034a2:	18ed      	adds	r5, r5, r3
100034a4:	2d00      	cmp	r5, #0
100034a6:	d1c1      	bne.n	1000342c <tud_task_ext+0x37c>
100034a8:	e784      	b.n	100033b4 <tud_task_ext+0x304>
100034aa:	79a3      	ldrb	r3, [r4, #6]
100034ac:	4699      	mov	r9, r3
100034ae:	786b      	ldrb	r3, [r5, #1]
100034b0:	4599      	cmp	r9, r3
100034b2:	d0d6      	beq.n	10003462 <tud_task_ext+0x3b2>
100034b4:	786b      	ldrb	r3, [r5, #1]
100034b6:	2b00      	cmp	r3, #0
100034b8:	d000      	beq.n	100034bc <tud_task_ext+0x40c>
100034ba:	e133      	b.n	10003724 <tud_task_ext+0x674>
100034bc:	464b      	mov	r3, r9
100034be:	706b      	strb	r3, [r5, #1]
100034c0:	2b00      	cmp	r3, #0
100034c2:	d100      	bne.n	100034c6 <tud_task_ext+0x416>
100034c4:	e12b      	b.n	1000371e <tud_task_ext+0x66e>
100034c6:	4648      	mov	r0, r9
100034c8:	3801      	subs	r0, #1
100034ca:	b2c0      	uxtb	r0, r0
100034cc:	f7ff fa92 	bl	100029f4 <tud_descriptor_configuration_cb>
100034d0:	2800      	cmp	r0, #0
100034d2:	d100      	bne.n	100034d6 <tud_task_ext+0x426>
100034d4:	e17e      	b.n	100037d4 <tud_task_ext+0x724>
100034d6:	7843      	ldrb	r3, [r0, #1]
100034d8:	9307      	str	r3, [sp, #28]
100034da:	2b02      	cmp	r3, #2
100034dc:	d000      	beq.n	100034e0 <tud_task_ext+0x430>
100034de:	e179      	b.n	100037d4 <tud_task_ext+0x724>
100034e0:	2201      	movs	r2, #1
100034e2:	79c1      	ldrb	r1, [r0, #7]
100034e4:	46b1      	mov	r9, r6
100034e6:	118b      	asrs	r3, r1, #6
100034e8:	1149      	asrs	r1, r1, #5
100034ea:	4013      	ands	r3, r2
100034ec:	400a      	ands	r2, r1
100034ee:	2130      	movs	r1, #48	@ 0x30
100034f0:	0112      	lsls	r2, r2, #4
100034f2:	015b      	lsls	r3, r3, #5
100034f4:	4313      	orrs	r3, r2
100034f6:	782a      	ldrb	r2, [r5, #0]
100034f8:	46a8      	mov	r8, r5
100034fa:	438a      	bics	r2, r1
100034fc:	4313      	orrs	r3, r2
100034fe:	702b      	strb	r3, [r5, #0]
10003500:	2309      	movs	r3, #9
10003502:	469a      	mov	sl, r3
10003504:	4482      	add	sl, r0
10003506:	4656      	mov	r6, sl
10003508:	46ba      	mov	sl, r7
1000350a:	78c3      	ldrb	r3, [r0, #3]
1000350c:	7882      	ldrb	r2, [r0, #2]
1000350e:	021b      	lsls	r3, r3, #8
10003510:	4313      	orrs	r3, r2
10003512:	18c3      	adds	r3, r0, r3
10003514:	9305      	str	r3, [sp, #20]
10003516:	4b8e      	ldr	r3, [pc, #568]	@ (10003750 <tud_task_ext+0x6a0>)
10003518:	9304      	str	r3, [sp, #16]
1000351a:	4b8e      	ldr	r3, [pc, #568]	@ (10003754 <tud_task_ext+0x6a4>)
1000351c:	9308      	str	r3, [sp, #32]
1000351e:	4b8e      	ldr	r3, [pc, #568]	@ (10003758 <tud_task_ext+0x6a8>)
10003520:	9309      	str	r3, [sp, #36]	@ 0x24
10003522:	4b8e      	ldr	r3, [pc, #568]	@ (1000375c <tud_task_ext+0x6ac>)
10003524:	930a      	str	r3, [sp, #40]	@ 0x28
10003526:	9b05      	ldr	r3, [sp, #20]
10003528:	42b3      	cmp	r3, r6
1000352a:	d800      	bhi.n	1000352e <tud_task_ext+0x47e>
1000352c:	e155      	b.n	100037da <tud_task_ext+0x72a>
1000352e:	7873      	ldrb	r3, [r6, #1]
10003530:	2201      	movs	r2, #1
10003532:	2b0b      	cmp	r3, #11
10003534:	d103      	bne.n	1000353e <tud_task_ext+0x48e>
10003536:	7833      	ldrb	r3, [r6, #0]
10003538:	78f2      	ldrb	r2, [r6, #3]
1000353a:	18f6      	adds	r6, r6, r3
1000353c:	7873      	ldrb	r3, [r6, #1]
1000353e:	2b04      	cmp	r3, #4
10003540:	d000      	beq.n	10003544 <tud_task_ext+0x494>
10003542:	e144      	b.n	100037ce <tud_task_ext+0x71e>
10003544:	9b05      	ldr	r3, [sp, #20]
10003546:	2700      	movs	r7, #0
10003548:	1b9b      	subs	r3, r3, r6
1000354a:	b29b      	uxth	r3, r3
1000354c:	9306      	str	r3, [sp, #24]
1000354e:	9b04      	ldr	r3, [sp, #16]
10003550:	920b      	str	r2, [sp, #44]	@ 0x2c
10003552:	781d      	ldrb	r5, [r3, #0]
10003554:	2300      	movs	r3, #0
10003556:	9303      	str	r3, [sp, #12]
10003558:	e01b      	b.n	10003592 <tud_task_ext+0x4e2>
1000355a:	9a09      	ldr	r2, [sp, #36]	@ 0x24
1000355c:	017b      	lsls	r3, r7, #5
1000355e:	6815      	ldr	r5, [r2, #0]
10003560:	18ed      	adds	r5, r5, r3
10003562:	2d00      	cmp	r5, #0
10003564:	d100      	bne.n	10003568 <tud_task_ext+0x4b8>
10003566:	e132      	b.n	100037ce <tud_task_ext+0x71e>
10003568:	0031      	movs	r1, r6
1000356a:	4658      	mov	r0, fp
1000356c:	692b      	ldr	r3, [r5, #16]
1000356e:	9a06      	ldr	r2, [sp, #24]
10003570:	4798      	blx	r3
10003572:	4684      	mov	ip, r0
10003574:	2808      	cmp	r0, #8
10003576:	d903      	bls.n	10003580 <tud_task_ext+0x4d0>
10003578:	9a06      	ldr	r2, [sp, #24]
1000357a:	4282      	cmp	r2, r0
1000357c:	d300      	bcc.n	10003580 <tud_task_ext+0x4d0>
1000357e:	e113      	b.n	100037a8 <tud_task_ext+0x6f8>
10003580:	9b04      	ldr	r3, [sp, #16]
10003582:	3701      	adds	r7, #1
10003584:	781d      	ldrb	r5, [r3, #0]
10003586:	b2ff      	uxtb	r7, r7
10003588:	1c6b      	adds	r3, r5, #1
1000358a:	9703      	str	r7, [sp, #12]
1000358c:	429f      	cmp	r7, r3
1000358e:	dd00      	ble.n	10003592 <tud_task_ext+0x4e2>
10003590:	e11d      	b.n	100037ce <tud_task_ext+0x71e>
10003592:	42bd      	cmp	r5, r7
10003594:	d8e1      	bhi.n	1000355a <tud_task_ext+0x4aa>
10003596:	9b03      	ldr	r3, [sp, #12]
10003598:	1b5d      	subs	r5, r3, r5
1000359a:	9b08      	ldr	r3, [sp, #32]
1000359c:	016d      	lsls	r5, r5, #5
1000359e:	469c      	mov	ip, r3
100035a0:	4465      	add	r5, ip
100035a2:	e7e1      	b.n	10003568 <tud_task_ext+0x4b8>
100035a4:	786b      	ldrb	r3, [r5, #1]
100035a6:	aa0c      	add	r2, sp, #48	@ 0x30
100035a8:	3202      	adds	r2, #2
100035aa:	7013      	strb	r3, [r2, #0]
100035ac:	4658      	mov	r0, fp
100035ae:	2301      	movs	r3, #1
100035b0:	a90e      	add	r1, sp, #56	@ 0x38
100035b2:	f000 fa49 	bl	10003a48 <tud_control_xfer>
100035b6:	e591      	b.n	100030dc <tud_task_ext+0x2c>
100035b8:	88e3      	ldrh	r3, [r4, #6]
100035ba:	0a1a      	lsrs	r2, r3, #8
100035bc:	b2d8      	uxtb	r0, r3
100035be:	2a0f      	cmp	r2, #15
100035c0:	d900      	bls.n	100035c4 <tud_task_ext+0x514>
100035c2:	e6f7      	b.n	100033b4 <tud_task_ext+0x304>
100035c4:	4966      	ldr	r1, [pc, #408]	@ (10003760 <tud_task_ext+0x6b0>)
100035c6:	0093      	lsls	r3, r2, #2
100035c8:	58cb      	ldr	r3, [r1, r3]
100035ca:	469f      	mov	pc, r3
100035cc:	a80e      	add	r0, sp, #56	@ 0x38
100035ce:	f000 fa9f 	bl	10003b10 <usbd_control_set_request>
100035d2:	4658      	mov	r0, fp
100035d4:	79a1      	ldrb	r1, [r4, #6]
100035d6:	f7ff fb95 	bl	10002d04 <dcd_set_address>
100035da:	2202      	movs	r2, #2
100035dc:	782b      	ldrb	r3, [r5, #0]
100035de:	4313      	orrs	r3, r2
100035e0:	702b      	strb	r3, [r5, #0]
100035e2:	e57b      	b.n	100030dc <tud_task_ext+0x2c>
100035e4:	88e3      	ldrh	r3, [r4, #6]
100035e6:	2b01      	cmp	r3, #1
100035e8:	d000      	beq.n	100035ec <tud_task_ext+0x53c>
100035ea:	e6e3      	b.n	100033b4 <tud_task_ext+0x304>
100035ec:	2208      	movs	r2, #8
100035ee:	782b      	ldrb	r3, [r5, #0]
100035f0:	4658      	mov	r0, fp
100035f2:	4393      	bics	r3, r2
100035f4:	a90e      	add	r1, sp, #56	@ 0x38
100035f6:	702b      	strb	r3, [r5, #0]
100035f8:	f000 fa10 	bl	10003a1c <tud_control_status>
100035fc:	e56e      	b.n	100030dc <tud_task_ext+0x2c>
100035fe:	2002      	movs	r0, #2
10003600:	7829      	ldrb	r1, [r5, #0]
10003602:	ab0c      	add	r3, sp, #48	@ 0x30
10003604:	1c9a      	adds	r2, r3, #2
10003606:	068b      	lsls	r3, r1, #26
10003608:	0889      	lsrs	r1, r1, #2
1000360a:	0fdb      	lsrs	r3, r3, #31
1000360c:	4001      	ands	r1, r0
1000360e:	430b      	orrs	r3, r1
10003610:	8013      	strh	r3, [r2, #0]
10003612:	4658      	mov	r0, fp
10003614:	2302      	movs	r3, #2
10003616:	a90e      	add	r1, sp, #56	@ 0x38
10003618:	f000 fa16 	bl	10003a48 <tud_control_xfer>
1000361c:	e55e      	b.n	100030dc <tud_task_ext+0x2c>
1000361e:	88e3      	ldrh	r3, [r4, #6]
10003620:	2b01      	cmp	r3, #1
10003622:	d000      	beq.n	10003626 <tud_task_ext+0x576>
10003624:	e6c6      	b.n	100033b4 <tud_task_ext+0x304>
10003626:	2208      	movs	r2, #8
10003628:	782b      	ldrb	r3, [r5, #0]
1000362a:	4313      	orrs	r3, r2
1000362c:	702b      	strb	r3, [r5, #0]
1000362e:	e718      	b.n	10003462 <tud_task_ext+0x3b2>
10003630:	7a23      	ldrb	r3, [r4, #8]
10003632:	2b0f      	cmp	r3, #15
10003634:	d900      	bls.n	10003638 <tud_task_ext+0x588>
10003636:	e6bd      	b.n	100033b4 <tud_task_ext+0x304>
10003638:	18eb      	adds	r3, r5, r3
1000363a:	791d      	ldrb	r5, [r3, #4]
1000363c:	4b44      	ldr	r3, [pc, #272]	@ (10003750 <tud_task_ext+0x6a0>)
1000363e:	781b      	ldrb	r3, [r3, #0]
10003640:	429d      	cmp	r5, r3
10003642:	d228      	bcs.n	10003696 <tud_task_ext+0x5e6>
10003644:	4b44      	ldr	r3, [pc, #272]	@ (10003758 <tud_task_ext+0x6a8>)
10003646:	016d      	lsls	r5, r5, #5
10003648:	681b      	ldr	r3, [r3, #0]
1000364a:	195d      	adds	r5, r3, r5
1000364c:	2d00      	cmp	r5, #0
1000364e:	d100      	bne.n	10003652 <tud_task_ext+0x5a2>
10003650:	e6b0      	b.n	100033b4 <tud_task_ext+0x304>
10003652:	6968      	ldr	r0, [r5, #20]
10003654:	f000 fa56 	bl	10003b04 <usbd_control_set_complete_callback>
10003658:	2101      	movs	r1, #1
1000365a:	4658      	mov	r0, fp
1000365c:	696b      	ldr	r3, [r5, #20]
1000365e:	aa0e      	add	r2, sp, #56	@ 0x38
10003660:	4798      	blx	r3
10003662:	e6b8      	b.n	100033d6 <tud_task_ext+0x326>
10003664:	2a00      	cmp	r2, #0
10003666:	d000      	beq.n	1000366a <tud_task_ext+0x5ba>
10003668:	e6a4      	b.n	100033b4 <tud_task_ext+0x304>
1000366a:	2300      	movs	r3, #0
1000366c:	4699      	mov	r9, r3
1000366e:	7962      	ldrb	r2, [r4, #5]
10003670:	2002      	movs	r0, #2
10003672:	0013      	movs	r3, r2
10003674:	9203      	str	r2, [sp, #12]
10003676:	4383      	bics	r3, r0
10003678:	2b01      	cmp	r3, #1
1000367a:	d015      	beq.n	100036a8 <tud_task_ext+0x5f8>
1000367c:	2a00      	cmp	r2, #0
1000367e:	d000      	beq.n	10003682 <tud_task_ext+0x5d2>
10003680:	e698      	b.n	100033b4 <tud_task_ext+0x304>
10003682:	002b      	movs	r3, r5
10003684:	4443      	add	r3, r8
10003686:	4453      	add	r3, sl
10003688:	3330      	adds	r3, #48	@ 0x30
1000368a:	791b      	ldrb	r3, [r3, #4]
1000368c:	aa0c      	add	r2, sp, #48	@ 0x30
1000368e:	079b      	lsls	r3, r3, #30
10003690:	0fdb      	lsrs	r3, r3, #31
10003692:	3202      	adds	r2, #2
10003694:	e7bc      	b.n	10003610 <tud_task_ext+0x560>
10003696:	1c5a      	adds	r2, r3, #1
10003698:	42aa      	cmp	r2, r5
1000369a:	da00      	bge.n	1000369e <tud_task_ext+0x5ee>
1000369c:	e68a      	b.n	100033b4 <tud_task_ext+0x304>
1000369e:	1aed      	subs	r5, r5, r3
100036a0:	4b2c      	ldr	r3, [pc, #176]	@ (10003754 <tud_task_ext+0x6a4>)
100036a2:	016d      	lsls	r5, r5, #5
100036a4:	18ed      	adds	r5, r5, r3
100036a6:	e7d4      	b.n	10003652 <tud_task_ext+0x5a2>
100036a8:	88e3      	ldrh	r3, [r4, #6]
100036aa:	2b00      	cmp	r3, #0
100036ac:	d112      	bne.n	100036d4 <tud_task_ext+0x624>
100036ae:	9b02      	ldr	r3, [sp, #8]
100036b0:	7818      	ldrb	r0, [r3, #0]
100036b2:	9b03      	ldr	r3, [sp, #12]
100036b4:	2b01      	cmp	r3, #1
100036b6:	d023      	beq.n	10003700 <tud_task_ext+0x650>
100036b8:	f7ff fbea 	bl	10002e90 <dcd_edpt_stall>
100036bc:	4643      	mov	r3, r8
100036be:	2102      	movs	r1, #2
100036c0:	18eb      	adds	r3, r5, r3
100036c2:	4453      	add	r3, sl
100036c4:	3330      	adds	r3, #48	@ 0x30
100036c6:	791a      	ldrb	r2, [r3, #4]
100036c8:	430a      	orrs	r2, r1
100036ca:	2101      	movs	r1, #1
100036cc:	711a      	strb	r2, [r3, #4]
100036ce:	791a      	ldrb	r2, [r3, #4]
100036d0:	430a      	orrs	r2, r1
100036d2:	711a      	strb	r2, [r3, #4]
100036d4:	464b      	mov	r3, r9
100036d6:	2b00      	cmp	r3, #0
100036d8:	d100      	bne.n	100036dc <tud_task_ext+0x62c>
100036da:	e4ff      	b.n	100030dc <tud_task_ext+0x2c>
100036dc:	6958      	ldr	r0, [r3, #20]
100036de:	f000 fa11 	bl	10003b04 <usbd_control_set_complete_callback>
100036e2:	464b      	mov	r3, r9
100036e4:	2101      	movs	r1, #1
100036e6:	695b      	ldr	r3, [r3, #20]
100036e8:	aa0e      	add	r2, sp, #56	@ 0x38
100036ea:	4658      	mov	r0, fp
100036ec:	4798      	blx	r3
100036ee:	2000      	movs	r0, #0
100036f0:	f000 fa08 	bl	10003b04 <usbd_control_set_complete_callback>
100036f4:	2335      	movs	r3, #53	@ 0x35
100036f6:	5ceb      	ldrb	r3, [r5, r3]
100036f8:	07db      	lsls	r3, r3, #31
100036fa:	d500      	bpl.n	100036fe <tud_task_ext+0x64e>
100036fc:	e4ee      	b.n	100030dc <tud_task_ext+0x2c>
100036fe:	e6b0      	b.n	10003462 <tud_task_ext+0x3b2>
10003700:	f7ff fbe4 	bl	10002ecc <dcd_edpt_clear_stall>
10003704:	4643      	mov	r3, r8
10003706:	2102      	movs	r1, #2
10003708:	18eb      	adds	r3, r5, r3
1000370a:	4453      	add	r3, sl
1000370c:	3330      	adds	r3, #48	@ 0x30
1000370e:	791a      	ldrb	r2, [r3, #4]
10003710:	438a      	bics	r2, r1
10003712:	711a      	strb	r2, [r3, #4]
10003714:	791a      	ldrb	r2, [r3, #4]
10003716:	9903      	ldr	r1, [sp, #12]
10003718:	438a      	bics	r2, r1
1000371a:	711a      	strb	r2, [r3, #4]
1000371c:	e7da      	b.n	100036d4 <tud_task_ext+0x624>
1000371e:	f7ff fc37 	bl	10002f90 <tud_umount_cb>
10003722:	e69e      	b.n	10003462 <tud_task_ext+0x3b2>
10003724:	2100      	movs	r1, #0
10003726:	4658      	mov	r0, fp
10003728:	f7ff faf6 	bl	10002d18 <dcd_sof_enable>
1000372c:	4658      	mov	r0, fp
1000372e:	f7ff fb99 	bl	10002e64 <dcd_edpt_close_all>
10003732:	78ab      	ldrb	r3, [r5, #2]
10003734:	4907      	ldr	r1, [pc, #28]	@ (10003754 <tud_task_ext+0x6a4>)
10003736:	9303      	str	r3, [sp, #12]
10003738:	9104      	str	r1, [sp, #16]
1000373a:	4b05      	ldr	r3, [pc, #20]	@ (10003750 <tud_task_ext+0x6a0>)
1000373c:	4906      	ldr	r1, [pc, #24]	@ (10003758 <tud_task_ext+0x6a8>)
1000373e:	4698      	mov	r8, r3
10003740:	781a      	ldrb	r2, [r3, #0]
10003742:	9105      	str	r1, [sp, #20]
10003744:	2300      	movs	r3, #0
10003746:	0029      	movs	r1, r5
10003748:	001d      	movs	r5, r3
1000374a:	468a      	mov	sl, r1
1000374c:	e01b      	b.n	10003786 <tud_task_ext+0x6d6>
1000374e:	46c0      	nop			@ (mov r8, r8)
10003750:	2000219d 	.word	0x2000219d
10003754:	10005218 	.word	0x10005218
10003758:	20001624 	.word	0x20001624
1000375c:	200017e8 	.word	0x200017e8
10003760:	100051bc 	.word	0x100051bc
10003764:	9b05      	ldr	r3, [sp, #20]
10003766:	016a      	lsls	r2, r5, #5
10003768:	681b      	ldr	r3, [r3, #0]
1000376a:	189b      	adds	r3, r3, r2
1000376c:	2b00      	cmp	r3, #0
1000376e:	d04d      	beq.n	1000380c <tud_task_ext+0x75c>
10003770:	68db      	ldr	r3, [r3, #12]
10003772:	4658      	mov	r0, fp
10003774:	4798      	blx	r3
10003776:	4643      	mov	r3, r8
10003778:	781a      	ldrb	r2, [r3, #0]
1000377a:	3501      	adds	r5, #1
1000377c:	b2ed      	uxtb	r5, r5
1000377e:	1c51      	adds	r1, r2, #1
10003780:	002b      	movs	r3, r5
10003782:	428d      	cmp	r5, r1
10003784:	dc2e      	bgt.n	100037e4 <tud_task_ext+0x734>
10003786:	4295      	cmp	r5, r2
10003788:	d3ec      	bcc.n	10003764 <tud_task_ext+0x6b4>
1000378a:	1a9b      	subs	r3, r3, r2
1000378c:	9a04      	ldr	r2, [sp, #16]
1000378e:	015b      	lsls	r3, r3, #5
10003790:	4694      	mov	ip, r2
10003792:	4463      	add	r3, ip
10003794:	e7ec      	b.n	10003770 <tud_task_ext+0x6c0>
10003796:	ab0c      	add	r3, sp, #48	@ 0x30
10003798:	1c9a      	adds	r2, r3, #2
1000379a:	4658      	mov	r0, fp
1000379c:	2301      	movs	r3, #1
1000379e:	a90e      	add	r1, sp, #56	@ 0x38
100037a0:	7015      	strb	r5, [r2, #0]
100037a2:	f000 f951 	bl	10003a48 <tud_control_xfer>
100037a6:	e499      	b.n	100030dc <tud_task_ext+0x2c>
100037a8:	9a0b      	ldr	r2, [sp, #44]	@ 0x2c
100037aa:	2a01      	cmp	r2, #1
100037ac:	d04f      	beq.n	1000384e <tud_task_ext+0x79e>
100037ae:	2a00      	cmp	r2, #0
100037b0:	d03c      	beq.n	1000382c <tud_task_ext+0x77c>
100037b2:	2300      	movs	r3, #0
100037b4:	78b0      	ldrb	r0, [r6, #2]
100037b6:	e004      	b.n	100037c2 <tud_task_ext+0x712>
100037b8:	3301      	adds	r3, #1
100037ba:	b2db      	uxtb	r3, r3
100037bc:	710f      	strb	r7, [r1, #4]
100037be:	4293      	cmp	r3, r2
100037c0:	d234      	bcs.n	1000382c <tud_task_ext+0x77c>
100037c2:	18c1      	adds	r1, r0, r3
100037c4:	b2c9      	uxtb	r1, r1
100037c6:	4441      	add	r1, r8
100037c8:	790d      	ldrb	r5, [r1, #4]
100037ca:	2dff      	cmp	r5, #255	@ 0xff
100037cc:	d0f4      	beq.n	100037b8 <tud_task_ext+0x708>
100037ce:	464e      	mov	r6, r9
100037d0:	4645      	mov	r5, r8
100037d2:	4657      	mov	r7, sl
100037d4:	2300      	movs	r3, #0
100037d6:	706b      	strb	r3, [r5, #1]
100037d8:	e5ec      	b.n	100033b4 <tud_task_ext+0x304>
100037da:	464e      	mov	r6, r9
100037dc:	4657      	mov	r7, sl
100037de:	f7ff fbd5 	bl	10002f8c <tud_mount_cb>
100037e2:	e63e      	b.n	10003462 <tud_task_ext+0x3b2>
100037e4:	4655      	mov	r5, sl
100037e6:	2254      	movs	r2, #84	@ 0x54
100037e8:	2100      	movs	r1, #0
100037ea:	0028      	movs	r0, r5
100037ec:	f7fe fbd0 	bl	10001f90 <__wrap_memset>
100037f0:	2210      	movs	r2, #16
100037f2:	21ff      	movs	r1, #255	@ 0xff
100037f4:	1d28      	adds	r0, r5, #4
100037f6:	f7fe fbcb 	bl	10001f90 <__wrap_memset>
100037fa:	0028      	movs	r0, r5
100037fc:	2220      	movs	r2, #32
100037fe:	21ff      	movs	r1, #255	@ 0xff
10003800:	3014      	adds	r0, #20
10003802:	f7fe fbc5 	bl	10001f90 <__wrap_memset>
10003806:	9b03      	ldr	r3, [sp, #12]
10003808:	70ab      	strb	r3, [r5, #2]
1000380a:	e657      	b.n	100034bc <tud_task_ext+0x40c>
1000380c:	4655      	mov	r5, sl
1000380e:	e7fa      	b.n	10003806 <tud_task_ext+0x756>
10003810:	f7fe feaa 	bl	10002568 <tud_descriptor_bos_cb>
10003814:	1e02      	subs	r2, r0, #0
10003816:	d100      	bne.n	1000381a <tud_task_ext+0x76a>
10003818:	e5cc      	b.n	100033b4 <tud_task_ext+0x304>
1000381a:	78d3      	ldrb	r3, [r2, #3]
1000381c:	7891      	ldrb	r1, [r2, #2]
1000381e:	021b      	lsls	r3, r3, #8
10003820:	430b      	orrs	r3, r1
10003822:	4658      	mov	r0, fp
10003824:	a90e      	add	r1, sp, #56	@ 0x38
10003826:	f000 f90f 	bl	10003a48 <tud_control_xfer>
1000382a:	e5d4      	b.n	100033d6 <tud_task_ext+0x326>
1000382c:	4665      	mov	r5, ip
1000382e:	003b      	movs	r3, r7
10003830:	002a      	movs	r2, r5
10003832:	0031      	movs	r1, r6
10003834:	980a      	ldr	r0, [sp, #40]	@ 0x28
10003836:	f000 fe7f 	bl	10004538 <tu_edpt_bind_driver>
1000383a:	46ac      	mov	ip, r5
1000383c:	9b04      	ldr	r3, [sp, #16]
1000383e:	9a03      	ldr	r2, [sp, #12]
10003840:	781b      	ldrb	r3, [r3, #0]
10003842:	4466      	add	r6, ip
10003844:	3301      	adds	r3, #1
10003846:	4293      	cmp	r3, r2
10003848:	db00      	blt.n	1000384c <tud_task_ext+0x79c>
1000384a:	e66c      	b.n	10003526 <tud_task_ext+0x476>
1000384c:	e7bf      	b.n	100037ce <tud_task_ext+0x71e>
1000384e:	4b17      	ldr	r3, [pc, #92]	@ (100038ac <tud_task_ext+0x7fc>)
10003850:	6929      	ldr	r1, [r5, #16]
10003852:	4299      	cmp	r1, r3
10003854:	d1ad      	bne.n	100037b2 <tud_task_ext+0x702>
10003856:	9a07      	ldr	r2, [sp, #28]
10003858:	e7ab      	b.n	100037b2 <tud_task_ext+0x702>
1000385a:	f7ff fb93 	bl	10002f84 <tud_descriptor_device_qualifier_cb>
1000385e:	1e02      	subs	r2, r0, #0
10003860:	d100      	bne.n	10003864 <tud_task_ext+0x7b4>
10003862:	e5a7      	b.n	100033b4 <tud_task_ext+0x304>
10003864:	4658      	mov	r0, fp
10003866:	7813      	ldrb	r3, [r2, #0]
10003868:	a90e      	add	r1, sp, #56	@ 0x38
1000386a:	f000 f8ed 	bl	10003a48 <tud_control_xfer>
1000386e:	e5b2      	b.n	100033d6 <tud_task_ext+0x326>
10003870:	8921      	ldrh	r1, [r4, #8]
10003872:	f7ff f8c3 	bl	100029fc <tud_descriptor_string_cb>
10003876:	1e02      	subs	r2, r0, #0
10003878:	d1f4      	bne.n	10003864 <tud_task_ext+0x7b4>
1000387a:	e59b      	b.n	100033b4 <tud_task_ext+0x304>
1000387c:	2a02      	cmp	r2, #2
1000387e:	d00f      	beq.n	100038a0 <tud_task_ext+0x7f0>
10003880:	f7ff fb82 	bl	10002f88 <tud_descriptor_other_speed_configuration_cb>
10003884:	1e02      	subs	r2, r0, #0
10003886:	d1c8      	bne.n	1000381a <tud_task_ext+0x76a>
10003888:	e594      	b.n	100033b4 <tud_task_ext+0x304>
1000388a:	f7ff f8af 	bl	100029ec <tud_descriptor_device_cb>
1000388e:	1e02      	subs	r2, r0, #0
10003890:	d100      	bne.n	10003894 <tud_task_ext+0x7e4>
10003892:	e58f      	b.n	100033b4 <tud_task_ext+0x304>
10003894:	2312      	movs	r3, #18
10003896:	4658      	mov	r0, fp
10003898:	a90e      	add	r1, sp, #56	@ 0x38
1000389a:	f000 f8d5 	bl	10003a48 <tud_control_xfer>
1000389e:	e59a      	b.n	100033d6 <tud_task_ext+0x326>
100038a0:	f7ff f8a8 	bl	100029f4 <tud_descriptor_configuration_cb>
100038a4:	1e02      	subs	r2, r0, #0
100038a6:	d1b8      	bne.n	1000381a <tud_task_ext+0x76a>
100038a8:	e584      	b.n	100033b4 <tud_task_ext+0x304>
100038aa:	46c0      	nop			@ (mov r8, r8)
100038ac:	10003f01 	.word	0x10003f01

100038b0 <usbd_open_edpt_pair>:
100038b0:	b5f8      	push	{r3, r4, r5, r6, r7, lr}
100038b2:	4657      	mov	r7, sl
100038b4:	464e      	mov	r6, r9
100038b6:	46de      	mov	lr, fp
100038b8:	4645      	mov	r5, r8
100038ba:	000c      	movs	r4, r1
100038bc:	b5e0      	push	{r5, r6, r7, lr}
100038be:	0016      	movs	r6, r2
100038c0:	001f      	movs	r7, r3
100038c2:	2a00      	cmp	r2, #0
100038c4:	d03c      	beq.n	10003940 <usbd_open_edpt_pair+0x90>
100038c6:	2370      	movs	r3, #112	@ 0x70
100038c8:	4698      	mov	r8, r3
100038ca:	4b1e      	ldr	r3, [pc, #120]	@ (10003944 <usbd_open_edpt_pair+0x94>)
100038cc:	2500      	movs	r5, #0
100038ce:	469b      	mov	fp, r3
100038d0:	4b1d      	ldr	r3, [pc, #116]	@ (10003948 <usbd_open_edpt_pair+0x98>)
100038d2:	469a      	mov	sl, r3
100038d4:	e01a      	b.n	1000390c <usbd_open_edpt_pair+0x5c>
100038d6:	465b      	mov	r3, fp
100038d8:	781b      	ldrb	r3, [r3, #0]
100038da:	0020      	movs	r0, r4
100038dc:	4699      	mov	r9, r3
100038de:	4653      	mov	r3, sl
100038e0:	7899      	ldrb	r1, [r3, #2]
100038e2:	f000 fdeb 	bl	100044bc <tu_edpt_validate>
100038e6:	2800      	cmp	r0, #0
100038e8:	d01c      	beq.n	10003924 <usbd_open_edpt_pair+0x74>
100038ea:	0021      	movs	r1, r4
100038ec:	4648      	mov	r0, r9
100038ee:	f7ff fa2f 	bl	10002d50 <dcd_edpt_open>
100038f2:	2800      	cmp	r0, #0
100038f4:	d016      	beq.n	10003924 <usbd_open_edpt_pair+0x74>
100038f6:	78a3      	ldrb	r3, [r4, #2]
100038f8:	09da      	lsrs	r2, r3, #7
100038fa:	2a01      	cmp	r2, #1
100038fc:	d019      	beq.n	10003932 <usbd_open_edpt_pair+0x82>
100038fe:	9a0a      	ldr	r2, [sp, #40]	@ 0x28
10003900:	3501      	adds	r5, #1
10003902:	7013      	strb	r3, [r2, #0]
10003904:	7823      	ldrb	r3, [r4, #0]
10003906:	18e4      	adds	r4, r4, r3
10003908:	42b5      	cmp	r5, r6
1000390a:	da19      	bge.n	10003940 <usbd_open_edpt_pair+0x90>
1000390c:	7863      	ldrb	r3, [r4, #1]
1000390e:	2b05      	cmp	r3, #5
10003910:	d108      	bne.n	10003924 <usbd_open_edpt_pair+0x74>
10003912:	78e3      	ldrb	r3, [r4, #3]
10003914:	079b      	lsls	r3, r3, #30
10003916:	0f9b      	lsrs	r3, r3, #30
10003918:	42bb      	cmp	r3, r7
1000391a:	d103      	bne.n	10003924 <usbd_open_edpt_pair+0x74>
1000391c:	4642      	mov	r2, r8
1000391e:	78a3      	ldrb	r3, [r4, #2]
10003920:	421a      	tst	r2, r3
10003922:	d0d8      	beq.n	100038d6 <usbd_open_edpt_pair+0x26>
10003924:	2000      	movs	r0, #0
10003926:	bcf0      	pop	{r4, r5, r6, r7}
10003928:	46bb      	mov	fp, r7
1000392a:	46b2      	mov	sl, r6
1000392c:	46a9      	mov	r9, r5
1000392e:	46a0      	mov	r8, r4
10003930:	bdf8      	pop	{r3, r4, r5, r6, r7, pc}
10003932:	9a0b      	ldr	r2, [sp, #44]	@ 0x2c
10003934:	3501      	adds	r5, #1
10003936:	7013      	strb	r3, [r2, #0]
10003938:	7823      	ldrb	r3, [r4, #0]
1000393a:	18e4      	adds	r4, r4, r3
1000393c:	42b5      	cmp	r5, r6
1000393e:	dbe5      	blt.n	1000390c <usbd_open_edpt_pair+0x5c>
10003940:	2001      	movs	r0, #1
10003942:	e7f0      	b.n	10003926 <usbd_open_edpt_pair+0x76>
10003944:	2000106c 	.word	0x2000106c
10003948:	200017d4 	.word	0x200017d4

1000394c <usbd_edpt_open>:
1000394c:	2270      	movs	r2, #112	@ 0x70
1000394e:	b570      	push	{r4, r5, r6, lr}
10003950:	788b      	ldrb	r3, [r1, #2]
10003952:	000c      	movs	r4, r1
10003954:	421a      	tst	r2, r3
10003956:	d001      	beq.n	1000395c <usbd_edpt_open+0x10>
10003958:	2000      	movs	r0, #0
1000395a:	bd70      	pop	{r4, r5, r6, pc}
1000395c:	4b06      	ldr	r3, [pc, #24]	@ (10003978 <usbd_edpt_open+0x2c>)
1000395e:	0020      	movs	r0, r4
10003960:	781d      	ldrb	r5, [r3, #0]
10003962:	4b06      	ldr	r3, [pc, #24]	@ (1000397c <usbd_edpt_open+0x30>)
10003964:	7899      	ldrb	r1, [r3, #2]
10003966:	f000 fda9 	bl	100044bc <tu_edpt_validate>
1000396a:	2800      	cmp	r0, #0
1000396c:	d0f4      	beq.n	10003958 <usbd_edpt_open+0xc>
1000396e:	0021      	movs	r1, r4
10003970:	0028      	movs	r0, r5
10003972:	f7ff f9ed 	bl	10002d50 <dcd_edpt_open>
10003976:	e7f0      	b.n	1000395a <usbd_edpt_open+0xe>
10003978:	2000106c 	.word	0x2000106c
1000397c:	200017d4 	.word	0x200017d4

10003980 <usbd_edpt_claim>:
10003980:	000b      	movs	r3, r1
10003982:	207f      	movs	r0, #127	@ 0x7f
10003984:	b510      	push	{r4, lr}
10003986:	4018      	ands	r0, r3
10003988:	09db      	lsrs	r3, r3, #7
1000398a:	3334      	adds	r3, #52	@ 0x34
1000398c:	0040      	lsls	r0, r0, #1
1000398e:	4a04      	ldr	r2, [pc, #16]	@ (100039a0 <usbd_edpt_claim+0x20>)
10003990:	18c0      	adds	r0, r0, r3
10003992:	4b04      	ldr	r3, [pc, #16]	@ (100039a4 <usbd_edpt_claim+0x24>)
10003994:	6811      	ldr	r1, [r2, #0]
10003996:	18c0      	adds	r0, r0, r3
10003998:	f000 fd4c 	bl	10004434 <tu_edpt_claim>
1000399c:	bd10      	pop	{r4, pc}
1000399e:	46c0      	nop			@ (mov r8, r8)
100039a0:	20001828 	.word	0x20001828
100039a4:	200017d4 	.word	0x200017d4

100039a8 <usbd_edpt_release>:
100039a8:	000b      	movs	r3, r1
100039aa:	207f      	movs	r0, #127	@ 0x7f
100039ac:	b510      	push	{r4, lr}
100039ae:	4018      	ands	r0, r3
100039b0:	09db      	lsrs	r3, r3, #7
100039b2:	3334      	adds	r3, #52	@ 0x34
100039b4:	0040      	lsls	r0, r0, #1
100039b6:	4a04      	ldr	r2, [pc, #16]	@ (100039c8 <usbd_edpt_release+0x20>)
100039b8:	18c0      	adds	r0, r0, r3
100039ba:	4b04      	ldr	r3, [pc, #16]	@ (100039cc <usbd_edpt_release+0x24>)
100039bc:	6811      	ldr	r1, [r2, #0]
100039be:	18c0      	adds	r0, r0, r3
100039c0:	f000 fd60 	bl	10004484 <tu_edpt_release>
100039c4:	bd10      	pop	{r4, pc}
100039c6:	46c0      	nop			@ (mov r8, r8)
100039c8:	20001828 	.word	0x20001828
100039cc:	200017d4 	.word	0x200017d4

100039d0 <usbd_edpt_xfer>:
100039d0:	b570      	push	{r4, r5, r6, lr}
100039d2:	247f      	movs	r4, #127	@ 0x7f
100039d4:	480f      	ldr	r0, [pc, #60]	@ (10003a14 <usbd_edpt_xfer+0x44>)
100039d6:	400c      	ands	r4, r1
100039d8:	0064      	lsls	r4, r4, #1
100039da:	1904      	adds	r4, r0, r4
100039dc:	09cd      	lsrs	r5, r1, #7
100039de:	1964      	adds	r4, r4, r5
100039e0:	3430      	adds	r4, #48	@ 0x30
100039e2:	7920      	ldrb	r0, [r4, #4]
100039e4:	07c0      	lsls	r0, r0, #31
100039e6:	d501      	bpl.n	100039ec <usbd_edpt_xfer+0x1c>
100039e8:	2000      	movs	r0, #0
100039ea:	bd70      	pop	{r4, r5, r6, pc}
100039ec:	2601      	movs	r6, #1
100039ee:	7925      	ldrb	r5, [r4, #4]
100039f0:	4809      	ldr	r0, [pc, #36]	@ (10003a18 <usbd_edpt_xfer+0x48>)
100039f2:	4335      	orrs	r5, r6
100039f4:	7800      	ldrb	r0, [r0, #0]
100039f6:	7125      	strb	r5, [r4, #4]
100039f8:	f7ff fa38 	bl	10002e6c <dcd_edpt_xfer>
100039fc:	2800      	cmp	r0, #0
100039fe:	d1f4      	bne.n	100039ea <usbd_edpt_xfer+0x1a>
10003a00:	2201      	movs	r2, #1
10003a02:	7923      	ldrb	r3, [r4, #4]
10003a04:	4393      	bics	r3, r2
10003a06:	7123      	strb	r3, [r4, #4]
10003a08:	7923      	ldrb	r3, [r4, #4]
10003a0a:	3203      	adds	r2, #3
10003a0c:	4393      	bics	r3, r2
10003a0e:	7123      	strb	r3, [r4, #4]
10003a10:	e7ea      	b.n	100039e8 <usbd_edpt_xfer+0x18>
10003a12:	46c0      	nop			@ (mov r8, r8)
10003a14:	200017d4 	.word	0x200017d4
10003a18:	2000106c 	.word	0x2000106c

10003a1c <tud_control_status>:
10003a1c:	b570      	push	{r4, r5, r6, lr}
10003a1e:	4c09      	ldr	r4, [pc, #36]	@ (10003a44 <tud_control_status+0x28>)
10003a20:	0006      	movs	r6, r0
10003a22:	2208      	movs	r2, #8
10003a24:	0020      	movs	r0, r4
10003a26:	000d      	movs	r5, r1
10003a28:	f7fe fab8 	bl	10001f9c <__wrap___aeabi_memcpy>
10003a2c:	2300      	movs	r3, #0
10003a2e:	2180      	movs	r1, #128	@ 0x80
10003a30:	60e3      	str	r3, [r4, #12]
10003a32:	60a3      	str	r3, [r4, #8]
10003a34:	782b      	ldrb	r3, [r5, #0]
10003a36:	0030      	movs	r0, r6
10003a38:	4399      	bics	r1, r3
10003a3a:	2200      	movs	r2, #0
10003a3c:	2300      	movs	r3, #0
10003a3e:	f7ff ffc7 	bl	100039d0 <usbd_edpt_xfer>
10003a42:	bd70      	pop	{r4, r5, r6, pc}
10003a44:	200017b4 	.word	0x200017b4

10003a48 <tud_control_xfer>:
10003a48:	b5f8      	push	{r3, r4, r5, r6, r7, lr}
10003a4a:	46ce      	mov	lr, r9
10003a4c:	4647      	mov	r7, r8
10003a4e:	4690      	mov	r8, r2
10003a50:	4e25      	ldr	r6, [pc, #148]	@ (10003ae8 <tud_control_xfer+0xa0>)
10003a52:	b580      	push	{r7, lr}
10003a54:	4681      	mov	r9, r0
10003a56:	2208      	movs	r2, #8
10003a58:	0030      	movs	r0, r6
10003a5a:	000d      	movs	r5, r1
10003a5c:	001f      	movs	r7, r3
10003a5e:	f7fe fa9d 	bl	10001f9c <__wrap___aeabi_memcpy>
10003a62:	4643      	mov	r3, r8
10003a64:	60b3      	str	r3, [r6, #8]
10003a66:	2300      	movs	r3, #0
10003a68:	81f3      	strh	r3, [r6, #14]
10003a6a:	79ec      	ldrb	r4, [r5, #7]
10003a6c:	79ab      	ldrb	r3, [r5, #6]
10003a6e:	0224      	lsls	r4, r4, #8
10003a70:	431c      	orrs	r4, r3
10003a72:	1c23      	adds	r3, r4, #0
10003a74:	42bc      	cmp	r4, r7
10003a76:	d900      	bls.n	10003a7a <tud_control_xfer+0x32>
10003a78:	1c3b      	adds	r3, r7, #0
10003a7a:	b29f      	uxth	r7, r3
10003a7c:	81b3      	strh	r3, [r6, #12]
10003a7e:	2c00      	cmp	r4, #0
10003a80:	d00d      	beq.n	10003a9e <tud_control_xfer+0x56>
10003a82:	2f00      	cmp	r7, #0
10003a84:	d017      	beq.n	10003ab6 <tud_control_xfer+0x6e>
10003a86:	4642      	mov	r2, r8
10003a88:	2a00      	cmp	r2, #0
10003a8a:	d02b      	beq.n	10003ae4 <tud_control_xfer+0x9c>
10003a8c:	2f40      	cmp	r7, #64	@ 0x40
10003a8e:	d81b      	bhi.n	10003ac8 <tud_control_xfer+0x80>
10003a90:	b29f      	uxth	r7, r3
10003a92:	7833      	ldrb	r3, [r6, #0]
10003a94:	2b7f      	cmp	r3, #127	@ 0x7f
10003a96:	d81c      	bhi.n	10003ad2 <tud_control_xfer+0x8a>
10003a98:	2100      	movs	r1, #0
10003a9a:	4a14      	ldr	r2, [pc, #80]	@ (10003aec <tud_control_xfer+0xa4>)
10003a9c:	e00f      	b.n	10003abe <tud_control_xfer+0x76>
10003a9e:	2180      	movs	r1, #128	@ 0x80
10003aa0:	782b      	ldrb	r3, [r5, #0]
10003aa2:	2200      	movs	r2, #0
10003aa4:	4399      	bics	r1, r3
10003aa6:	4648      	mov	r0, r9
10003aa8:	2300      	movs	r3, #0
10003aaa:	f7ff ff91 	bl	100039d0 <usbd_edpt_xfer>
10003aae:	bcc0      	pop	{r6, r7}
10003ab0:	46b9      	mov	r9, r7
10003ab2:	46b0      	mov	r8, r6
10003ab4:	bdf8      	pop	{r3, r4, r5, r6, r7, pc}
10003ab6:	237f      	movs	r3, #127	@ 0x7f
10003ab8:	2200      	movs	r2, #0
10003aba:	7831      	ldrb	r1, [r6, #0]
10003abc:	4399      	bics	r1, r3
10003abe:	003b      	movs	r3, r7
10003ac0:	4648      	mov	r0, r9
10003ac2:	f7ff ff85 	bl	100039d0 <usbd_edpt_xfer>
10003ac6:	e7f2      	b.n	10003aae <tud_control_xfer+0x66>
10003ac8:	2340      	movs	r3, #64	@ 0x40
10003aca:	b29f      	uxth	r7, r3
10003acc:	7833      	ldrb	r3, [r6, #0]
10003ace:	2b7f      	cmp	r3, #127	@ 0x7f
10003ad0:	d9e2      	bls.n	10003a98 <tud_control_xfer+0x50>
10003ad2:	4c06      	ldr	r4, [pc, #24]	@ (10003aec <tud_control_xfer+0xa4>)
10003ad4:	003a      	movs	r2, r7
10003ad6:	4641      	mov	r1, r8
10003ad8:	0020      	movs	r0, r4
10003ada:	f7fe fa5f 	bl	10001f9c <__wrap___aeabi_memcpy>
10003ade:	2180      	movs	r1, #128	@ 0x80
10003ae0:	0022      	movs	r2, r4
10003ae2:	e7ec      	b.n	10003abe <tud_control_xfer+0x76>
10003ae4:	2000      	movs	r0, #0
10003ae6:	e7e2      	b.n	10003aae <tud_control_xfer+0x66>
10003ae8:	200017b4 	.word	0x200017b4
10003aec:	20001774 	.word	0x20001774

10003af0 <usbd_control_reset>:
10003af0:	b510      	push	{r4, lr}
10003af2:	2214      	movs	r2, #20
10003af4:	2100      	movs	r1, #0
10003af6:	4802      	ldr	r0, [pc, #8]	@ (10003b00 <usbd_control_reset+0x10>)
10003af8:	f7fe fa4a 	bl	10001f90 <__wrap_memset>
10003afc:	bd10      	pop	{r4, pc}
10003afe:	46c0      	nop			@ (mov r8, r8)
10003b00:	200017b4 	.word	0x200017b4

10003b04 <usbd_control_set_complete_callback>:
10003b04:	4b01      	ldr	r3, [pc, #4]	@ (10003b0c <usbd_control_set_complete_callback+0x8>)
10003b06:	6118      	str	r0, [r3, #16]
10003b08:	4770      	bx	lr
10003b0a:	46c0      	nop			@ (mov r8, r8)
10003b0c:	200017b4 	.word	0x200017b4

10003b10 <usbd_control_set_request>:
10003b10:	b510      	push	{r4, lr}
10003b12:	4c05      	ldr	r4, [pc, #20]	@ (10003b28 <usbd_control_set_request+0x18>)
10003b14:	0001      	movs	r1, r0
10003b16:	2208      	movs	r2, #8
10003b18:	0020      	movs	r0, r4
10003b1a:	f7fe fa3f 	bl	10001f9c <__wrap___aeabi_memcpy>
10003b1e:	2300      	movs	r3, #0
10003b20:	60a3      	str	r3, [r4, #8]
10003b22:	60e3      	str	r3, [r4, #12]
10003b24:	bd10      	pop	{r4, pc}
10003b26:	46c0      	nop			@ (mov r8, r8)
10003b28:	200017b4 	.word	0x200017b4

10003b2c <usbd_control_xfer_cb>:
10003b2c:	b570      	push	{r4, r5, r6, lr}
10003b2e:	4c38      	ldr	r4, [pc, #224]	@ (10003c10 <usbd_control_xfer_cb+0xe4>)
10003b30:	001d      	movs	r5, r3
10003b32:	7823      	ldrb	r3, [r4, #0]
10003b34:	0006      	movs	r6, r0
10003b36:	09da      	lsrs	r2, r3, #7
10003b38:	09c9      	lsrs	r1, r1, #7
10003b3a:	428a      	cmp	r2, r1
10003b3c:	d010      	beq.n	10003b60 <usbd_control_xfer_cb+0x34>
10003b3e:	2000      	movs	r0, #0
10003b40:	2d00      	cmp	r5, #0
10003b42:	d000      	beq.n	10003b46 <usbd_control_xfer_cb+0x1a>
10003b44:	bd70      	pop	{r4, r5, r6, pc}
10003b46:	0021      	movs	r1, r4
10003b48:	0030      	movs	r0, r6
10003b4a:	f7ff f8f3 	bl	10002d34 <dcd_edpt0_status_complete>
10003b4e:	6923      	ldr	r3, [r4, #16]
10003b50:	2b00      	cmp	r3, #0
10003b52:	d003      	beq.n	10003b5c <usbd_control_xfer_cb+0x30>
10003b54:	0022      	movs	r2, r4
10003b56:	2103      	movs	r1, #3
10003b58:	0030      	movs	r0, r6
10003b5a:	4798      	blx	r3
10003b5c:	2001      	movs	r0, #1
10003b5e:	e7f1      	b.n	10003b44 <usbd_control_xfer_cb+0x18>
10003b60:	2b7f      	cmp	r3, #127	@ 0x7f
10003b62:	d806      	bhi.n	10003b72 <usbd_control_xfer_cb+0x46>
10003b64:	68a0      	ldr	r0, [r4, #8]
10003b66:	2800      	cmp	r0, #0
10003b68:	d034      	beq.n	10003bd4 <usbd_control_xfer_cb+0xa8>
10003b6a:	002a      	movs	r2, r5
10003b6c:	4929      	ldr	r1, [pc, #164]	@ (10003c14 <usbd_control_xfer_cb+0xe8>)
10003b6e:	f7fe fa15 	bl	10001f9c <__wrap___aeabi_memcpy>
10003b72:	89e2      	ldrh	r2, [r4, #14]
10003b74:	68a1      	ldr	r1, [r4, #8]
10003b76:	1952      	adds	r2, r2, r5
10003b78:	88e3      	ldrh	r3, [r4, #6]
10003b7a:	b292      	uxth	r2, r2
10003b7c:	1949      	adds	r1, r1, r5
10003b7e:	81e2      	strh	r2, [r4, #14]
10003b80:	60a1      	str	r1, [r4, #8]
10003b82:	4293      	cmp	r3, r2
10003b84:	d014      	beq.n	10003bb0 <usbd_control_xfer_cb+0x84>
10003b86:	2d3f      	cmp	r5, #63	@ 0x3f
10003b88:	d912      	bls.n	10003bb0 <usbd_control_xfer_cb+0x84>
10003b8a:	89a3      	ldrh	r3, [r4, #12]
10003b8c:	1a98      	subs	r0, r3, r2
10003b8e:	1c05      	adds	r5, r0, #0
10003b90:	b280      	uxth	r0, r0
10003b92:	2840      	cmp	r0, #64	@ 0x40
10003b94:	d82a      	bhi.n	10003bec <usbd_control_xfer_cb+0xc0>
10003b96:	7820      	ldrb	r0, [r4, #0]
10003b98:	b2ad      	uxth	r5, r5
10003b9a:	287f      	cmp	r0, #127	@ 0x7f
10003b9c:	d828      	bhi.n	10003bf0 <usbd_control_xfer_cb+0xc4>
10003b9e:	2100      	movs	r1, #0
10003ba0:	429a      	cmp	r2, r3
10003ba2:	d032      	beq.n	10003c0a <usbd_control_xfer_cb+0xde>
10003ba4:	4a1b      	ldr	r2, [pc, #108]	@ (10003c14 <usbd_control_xfer_cb+0xe8>)
10003ba6:	002b      	movs	r3, r5
10003ba8:	0030      	movs	r0, r6
10003baa:	f7ff ff11 	bl	100039d0 <usbd_edpt_xfer>
10003bae:	e7c9      	b.n	10003b44 <usbd_control_xfer_cb+0x18>
10003bb0:	6923      	ldr	r3, [r4, #16]
10003bb2:	2b00      	cmp	r3, #0
10003bb4:	d005      	beq.n	10003bc2 <usbd_control_xfer_cb+0x96>
10003bb6:	0022      	movs	r2, r4
10003bb8:	2102      	movs	r1, #2
10003bba:	0030      	movs	r0, r6
10003bbc:	4798      	blx	r3
10003bbe:	2800      	cmp	r0, #0
10003bc0:	d00a      	beq.n	10003bd8 <usbd_control_xfer_cb+0xac>
10003bc2:	2180      	movs	r1, #128	@ 0x80
10003bc4:	7823      	ldrb	r3, [r4, #0]
10003bc6:	2200      	movs	r2, #0
10003bc8:	4399      	bics	r1, r3
10003bca:	0030      	movs	r0, r6
10003bcc:	2300      	movs	r3, #0
10003bce:	f7ff feff 	bl	100039d0 <usbd_edpt_xfer>
10003bd2:	e7b7      	b.n	10003b44 <usbd_control_xfer_cb+0x18>
10003bd4:	2000      	movs	r0, #0
10003bd6:	e7b5      	b.n	10003b44 <usbd_control_xfer_cb+0x18>
10003bd8:	2100      	movs	r1, #0
10003bda:	0030      	movs	r0, r6
10003bdc:	f7ff f958 	bl	10002e90 <dcd_edpt_stall>
10003be0:	0030      	movs	r0, r6
10003be2:	2180      	movs	r1, #128	@ 0x80
10003be4:	f7ff f954 	bl	10002e90 <dcd_edpt_stall>
10003be8:	2001      	movs	r0, #1
10003bea:	e7ab      	b.n	10003b44 <usbd_control_xfer_cb+0x18>
10003bec:	2540      	movs	r5, #64	@ 0x40
10003bee:	e7d2      	b.n	10003b96 <usbd_control_xfer_cb+0x6a>
10003bf0:	429a      	cmp	r2, r3
10003bf2:	d007      	beq.n	10003c04 <usbd_control_xfer_cb+0xd8>
10003bf4:	4c07      	ldr	r4, [pc, #28]	@ (10003c14 <usbd_control_xfer_cb+0xe8>)
10003bf6:	002a      	movs	r2, r5
10003bf8:	0020      	movs	r0, r4
10003bfa:	f7fe f9cf 	bl	10001f9c <__wrap___aeabi_memcpy>
10003bfe:	2180      	movs	r1, #128	@ 0x80
10003c00:	0022      	movs	r2, r4
10003c02:	e7d0      	b.n	10003ba6 <usbd_control_xfer_cb+0x7a>
10003c04:	2180      	movs	r1, #128	@ 0x80
10003c06:	2200      	movs	r2, #0
10003c08:	e7cd      	b.n	10003ba6 <usbd_control_xfer_cb+0x7a>
10003c0a:	2200      	movs	r2, #0
10003c0c:	e7cb      	b.n	10003ba6 <usbd_control_xfer_cb+0x7a>
10003c0e:	46c0      	nop			@ (mov r8, r8)
10003c10:	200017b4 	.word	0x200017b4
10003c14:	20001774 	.word	0x20001774

10003c18 <_prep_out_transaction.isra.0>:
10003c18:	b570      	push	{r4, r5, r6, lr}
10003c1a:	0004      	movs	r4, r0
10003c1c:	f7ff f9be 	bl	10002f9c <tud_mounted>
10003c20:	2800      	cmp	r0, #0
10003c22:	d100      	bne.n	10003c26 <_prep_out_transaction.isra.0+0xe>
10003c24:	bd70      	pop	{r4, r5, r6, pc}
10003c26:	f7ff f9c1 	bl	10002fac <tud_suspended>
10003c2a:	2800      	cmp	r0, #0
10003c2c:	d1fa      	bne.n	10003c24 <_prep_out_transaction.isra.0+0xc>
10003c2e:	23c8      	movs	r3, #200	@ 0xc8
10003c30:	4363      	muls	r3, r4
10003c32:	4d12      	ldr	r5, [pc, #72]	@ (10003c7c <_prep_out_transaction.isra.0+0x64>)
10003c34:	18ee      	adds	r6, r5, r3
10003c36:	78f1      	ldrb	r1, [r6, #3]
10003c38:	2900      	cmp	r1, #0
10003c3a:	d0f3      	beq.n	10003c24 <_prep_out_transaction.isra.0+0xc>
10003c3c:	3310      	adds	r3, #16
10003c3e:	195d      	adds	r5, r3, r5
10003c40:	0028      	movs	r0, r5
10003c42:	f000 fdf3 	bl	1000482c <tu_fifo_remaining>
10003c46:	283f      	cmp	r0, #63	@ 0x3f
10003c48:	d9ec      	bls.n	10003c24 <_prep_out_transaction.isra.0+0xc>
10003c4a:	2000      	movs	r0, #0
10003c4c:	78f1      	ldrb	r1, [r6, #3]
10003c4e:	f7ff fe97 	bl	10003980 <usbd_edpt_claim>
10003c52:	2800      	cmp	r0, #0
10003c54:	d0e6      	beq.n	10003c24 <_prep_out_transaction.isra.0+0xc>
10003c56:	0028      	movs	r0, r5
10003c58:	f000 fde8 	bl	1000482c <tu_fifo_remaining>
10003c5c:	78f1      	ldrb	r1, [r6, #3]
10003c5e:	283f      	cmp	r0, #63	@ 0x3f
10003c60:	d907      	bls.n	10003c72 <_prep_out_transaction.isra.0+0x5a>
10003c62:	4b07      	ldr	r3, [pc, #28]	@ (10003c80 <_prep_out_transaction.isra.0+0x68>)
10003c64:	01e2      	lsls	r2, r4, #7
10003c66:	18d2      	adds	r2, r2, r3
10003c68:	2000      	movs	r0, #0
10003c6a:	2340      	movs	r3, #64	@ 0x40
10003c6c:	f7ff feb0 	bl	100039d0 <usbd_edpt_xfer>
10003c70:	e7d8      	b.n	10003c24 <_prep_out_transaction.isra.0+0xc>
10003c72:	2000      	movs	r0, #0
10003c74:	f7ff fe98 	bl	100039a8 <usbd_edpt_release>
10003c78:	e7d4      	b.n	10003c24 <_prep_out_transaction.isra.0+0xc>
10003c7a:	46c0      	nop			@ (mov r8, r8)
10003c7c:	200016ac 	.word	0x200016ac
10003c80:	20001628 	.word	0x20001628

10003c84 <tud_cdc_n_connected>:
10003c84:	b510      	push	{r4, lr}
10003c86:	0004      	movs	r4, r0
10003c88:	f7ff f988 	bl	10002f9c <tud_mounted>
10003c8c:	2800      	cmp	r0, #0
10003c8e:	d101      	bne.n	10003c94 <tud_cdc_n_connected+0x10>
10003c90:	2000      	movs	r0, #0
10003c92:	bd10      	pop	{r4, pc}
10003c94:	f7ff f98a 	bl	10002fac <tud_suspended>
10003c98:	2800      	cmp	r0, #0
10003c9a:	d1f9      	bne.n	10003c90 <tud_cdc_n_connected+0xc>
10003c9c:	22c8      	movs	r2, #200	@ 0xc8
10003c9e:	4362      	muls	r2, r4
10003ca0:	4b02      	ldr	r3, [pc, #8]	@ (10003cac <tud_cdc_n_connected+0x28>)
10003ca2:	3001      	adds	r0, #1
10003ca4:	189b      	adds	r3, r3, r2
10003ca6:	791b      	ldrb	r3, [r3, #4]
10003ca8:	4018      	ands	r0, r3
10003caa:	e7f2      	b.n	10003c92 <tud_cdc_n_connected+0xe>
10003cac:	200016ac 	.word	0x200016ac

10003cb0 <tud_cdc_n_available>:
10003cb0:	23c8      	movs	r3, #200	@ 0xc8
10003cb2:	b510      	push	{r4, lr}
10003cb4:	4343      	muls	r3, r0
10003cb6:	4802      	ldr	r0, [pc, #8]	@ (10003cc0 <tud_cdc_n_available+0x10>)
10003cb8:	1818      	adds	r0, r3, r0
10003cba:	f000 fd99 	bl	100047f0 <tu_fifo_count>
10003cbe:	bd10      	pop	{r4, pc}
10003cc0:	200016bc 	.word	0x200016bc

10003cc4 <tud_cdc_n_read>:
10003cc4:	b5f8      	push	{r3, r4, r5, r6, r7, lr}
10003cc6:	24c8      	movs	r4, #200	@ 0xc8
10003cc8:	2380      	movs	r3, #128	@ 0x80
10003cca:	4344      	muls	r4, r0
10003ccc:	4f1c      	ldr	r7, [pc, #112]	@ (10003d40 <tud_cdc_n_read+0x7c>)
10003cce:	3410      	adds	r4, #16
10003cd0:	0005      	movs	r5, r0
10003cd2:	193c      	adds	r4, r7, r4
10003cd4:	025b      	lsls	r3, r3, #9
10003cd6:	429a      	cmp	r2, r3
10003cd8:	d300      	bcc.n	10003cdc <tud_cdc_n_read+0x18>
10003cda:	4a1a      	ldr	r2, [pc, #104]	@ (10003d44 <tud_cdc_n_read+0x80>)
10003cdc:	0020      	movs	r0, r4
10003cde:	b292      	uxth	r2, r2
10003ce0:	f000 fe08 	bl	100048f4 <tu_fifo_read_n>
10003ce4:	0006      	movs	r6, r0
10003ce6:	f7ff f959 	bl	10002f9c <tud_mounted>
10003cea:	2800      	cmp	r0, #0
10003cec:	d101      	bne.n	10003cf2 <tud_cdc_n_read+0x2e>
10003cee:	0030      	movs	r0, r6
10003cf0:	bdf8      	pop	{r3, r4, r5, r6, r7, pc}
10003cf2:	f7ff f95b 	bl	10002fac <tud_suspended>
10003cf6:	2800      	cmp	r0, #0
10003cf8:	d1f9      	bne.n	10003cee <tud_cdc_n_read+0x2a>
10003cfa:	23c8      	movs	r3, #200	@ 0xc8
10003cfc:	436b      	muls	r3, r5
10003cfe:	18ff      	adds	r7, r7, r3
10003d00:	78fb      	ldrb	r3, [r7, #3]
10003d02:	2b00      	cmp	r3, #0
10003d04:	d0f3      	beq.n	10003cee <tud_cdc_n_read+0x2a>
10003d06:	0020      	movs	r0, r4
10003d08:	f000 fd90 	bl	1000482c <tu_fifo_remaining>
10003d0c:	283f      	cmp	r0, #63	@ 0x3f
10003d0e:	d9ee      	bls.n	10003cee <tud_cdc_n_read+0x2a>
10003d10:	2000      	movs	r0, #0
10003d12:	78f9      	ldrb	r1, [r7, #3]
10003d14:	f7ff fe34 	bl	10003980 <usbd_edpt_claim>
10003d18:	2800      	cmp	r0, #0
10003d1a:	d0e8      	beq.n	10003cee <tud_cdc_n_read+0x2a>
10003d1c:	0020      	movs	r0, r4
10003d1e:	f000 fd85 	bl	1000482c <tu_fifo_remaining>
10003d22:	78f9      	ldrb	r1, [r7, #3]
10003d24:	283f      	cmp	r0, #63	@ 0x3f
10003d26:	d907      	bls.n	10003d38 <tud_cdc_n_read+0x74>
10003d28:	4b07      	ldr	r3, [pc, #28]	@ (10003d48 <tud_cdc_n_read+0x84>)
10003d2a:	01ea      	lsls	r2, r5, #7
10003d2c:	18d2      	adds	r2, r2, r3
10003d2e:	2000      	movs	r0, #0
10003d30:	2340      	movs	r3, #64	@ 0x40
10003d32:	f7ff fe4d 	bl	100039d0 <usbd_edpt_xfer>
10003d36:	e7da      	b.n	10003cee <tud_cdc_n_read+0x2a>
10003d38:	2000      	movs	r0, #0
10003d3a:	f7ff fe35 	bl	100039a8 <usbd_edpt_release>
10003d3e:	e7d6      	b.n	10003cee <tud_cdc_n_read+0x2a>
10003d40:	200016ac 	.word	0x200016ac
10003d44:	0000ffff 	.word	0x0000ffff
10003d48:	20001628 	.word	0x20001628

10003d4c <tud_cdc_n_write_flush>:
10003d4c:	b5f8      	push	{r3, r4, r5, r6, r7, lr}
10003d4e:	0004      	movs	r4, r0
10003d50:	f7ff f924 	bl	10002f9c <tud_mounted>
10003d54:	2800      	cmp	r0, #0
10003d56:	d101      	bne.n	10003d5c <tud_cdc_n_write_flush+0x10>
10003d58:	2000      	movs	r0, #0
10003d5a:	bdf8      	pop	{r3, r4, r5, r6, r7, pc}
10003d5c:	f7ff f926 	bl	10002fac <tud_suspended>
10003d60:	2800      	cmp	r0, #0
10003d62:	d1f9      	bne.n	10003d58 <tud_cdc_n_write_flush+0xc>
10003d64:	25c8      	movs	r5, #200	@ 0xc8
10003d66:	4365      	muls	r5, r4
10003d68:	002e      	movs	r6, r5
10003d6a:	4f13      	ldr	r7, [pc, #76]	@ (10003db8 <tud_cdc_n_write_flush+0x6c>)
10003d6c:	3624      	adds	r6, #36	@ 0x24
10003d6e:	19f6      	adds	r6, r6, r7
10003d70:	0030      	movs	r0, r6
10003d72:	f000 fd3d 	bl	100047f0 <tu_fifo_count>
10003d76:	2800      	cmp	r0, #0
10003d78:	d0ee      	beq.n	10003d58 <tud_cdc_n_write_flush+0xc>
10003d7a:	197f      	adds	r7, r7, r5
10003d7c:	2000      	movs	r0, #0
10003d7e:	78b9      	ldrb	r1, [r7, #2]
10003d80:	f7ff fdfe 	bl	10003980 <usbd_edpt_claim>
10003d84:	2800      	cmp	r0, #0
10003d86:	d0e7      	beq.n	10003d58 <tud_cdc_n_write_flush+0xc>
10003d88:	4d0c      	ldr	r5, [pc, #48]	@ (10003dbc <tud_cdc_n_write_flush+0x70>)
10003d8a:	01e4      	lsls	r4, r4, #7
10003d8c:	1965      	adds	r5, r4, r5
10003d8e:	0029      	movs	r1, r5
10003d90:	2240      	movs	r2, #64	@ 0x40
10003d92:	0030      	movs	r0, r6
10003d94:	f000 fdae 	bl	100048f4 <tu_fifo_read_n>
10003d98:	78b9      	ldrb	r1, [r7, #2]
10003d9a:	1e04      	subs	r4, r0, #0
10003d9c:	d008      	beq.n	10003db0 <tud_cdc_n_write_flush+0x64>
10003d9e:	0003      	movs	r3, r0
10003da0:	002a      	movs	r2, r5
10003da2:	2000      	movs	r0, #0
10003da4:	f7ff fe14 	bl	100039d0 <usbd_edpt_xfer>
10003da8:	2800      	cmp	r0, #0
10003daa:	d0d5      	beq.n	10003d58 <tud_cdc_n_write_flush+0xc>
10003dac:	0020      	movs	r0, r4
10003dae:	e7d4      	b.n	10003d5a <tud_cdc_n_write_flush+0xe>
10003db0:	2000      	movs	r0, #0
10003db2:	f7ff fdf9 	bl	100039a8 <usbd_edpt_release>
10003db6:	e7cf      	b.n	10003d58 <tud_cdc_n_write_flush+0xc>
10003db8:	200016ac 	.word	0x200016ac
10003dbc:	20001668 	.word	0x20001668

10003dc0 <tud_cdc_n_write>:
10003dc0:	b570      	push	{r4, r5, r6, lr}
10003dc2:	24c8      	movs	r4, #200	@ 0xc8
10003dc4:	4344      	muls	r4, r0
10003dc6:	4b0c      	ldr	r3, [pc, #48]	@ (10003df8 <tud_cdc_n_write+0x38>)
10003dc8:	0005      	movs	r5, r0
10003dca:	18e4      	adds	r4, r4, r3
10003dcc:	2380      	movs	r3, #128	@ 0x80
10003dce:	025b      	lsls	r3, r3, #9
10003dd0:	429a      	cmp	r2, r3
10003dd2:	d300      	bcc.n	10003dd6 <tud_cdc_n_write+0x16>
10003dd4:	4a09      	ldr	r2, [pc, #36]	@ (10003dfc <tud_cdc_n_write+0x3c>)
10003dd6:	0020      	movs	r0, r4
10003dd8:	b292      	uxth	r2, r2
10003dda:	f000 fe51 	bl	10004a80 <tu_fifo_write_n>
10003dde:	0006      	movs	r6, r0
10003de0:	0020      	movs	r0, r4
10003de2:	f000 fd05 	bl	100047f0 <tu_fifo_count>
10003de6:	283f      	cmp	r0, #63	@ 0x3f
10003de8:	d801      	bhi.n	10003dee <tud_cdc_n_write+0x2e>
10003dea:	0030      	movs	r0, r6
10003dec:	bd70      	pop	{r4, r5, r6, pc}
10003dee:	0028      	movs	r0, r5
10003df0:	f7ff ffac 	bl	10003d4c <tud_cdc_n_write_flush>
10003df4:	e7f9      	b.n	10003dea <tud_cdc_n_write+0x2a>
10003df6:	46c0      	nop			@ (mov r8, r8)
10003df8:	200016d0 	.word	0x200016d0
10003dfc:	0000ffff 	.word	0x0000ffff

10003e00 <tud_cdc_n_write_available>:
10003e00:	23c8      	movs	r3, #200	@ 0xc8
10003e02:	b510      	push	{r4, lr}
10003e04:	4343      	muls	r3, r0
10003e06:	4802      	ldr	r0, [pc, #8]	@ (10003e10 <tud_cdc_n_write_available+0x10>)
10003e08:	1818      	adds	r0, r3, r0
10003e0a:	f000 fd0f 	bl	1000482c <tu_fifo_remaining>
10003e0e:	bd10      	pop	{r4, pc}
10003e10:	200016d0 	.word	0x200016d0

10003e14 <cdcd_init>:
10003e14:	b5f0      	push	{r4, r5, r6, r7, lr}
10003e16:	2500      	movs	r5, #0
10003e18:	4c18      	ldr	r4, [pc, #96]	@ (10003e7c <cdcd_init+0x68>)
10003e1a:	b083      	sub	sp, #12
10003e1c:	22c8      	movs	r2, #200	@ 0xc8
10003e1e:	2100      	movs	r1, #0
10003e20:	0020      	movs	r0, r4
10003e22:	f7fe f8b5 	bl	10001f90 <__wrap_memset>
10003e26:	4b16      	ldr	r3, [pc, #88]	@ (10003e80 <cdcd_init+0x6c>)
10003e28:	0021      	movs	r1, r4
10003e2a:	701d      	strb	r5, [r3, #0]
10003e2c:	23ff      	movs	r3, #255	@ 0xff
10003e2e:	7163      	strb	r3, [r4, #5]
10003e30:	23e1      	movs	r3, #225	@ 0xe1
10003e32:	025b      	lsls	r3, r3, #9
10003e34:	60a3      	str	r3, [r4, #8]
10003e36:	0020      	movs	r0, r4
10003e38:	2308      	movs	r3, #8
10003e3a:	2240      	movs	r2, #64	@ 0x40
10003e3c:	73a3      	strb	r3, [r4, #14]
10003e3e:	3138      	adds	r1, #56	@ 0x38
10003e40:	9500      	str	r5, [sp, #0]
10003e42:	3b07      	subs	r3, #7
10003e44:	3010      	adds	r0, #16
10003e46:	f000 fc9d 	bl	10004784 <tu_fifo_config>
10003e4a:	0027      	movs	r7, r4
10003e4c:	2301      	movs	r3, #1
10003e4e:	0021      	movs	r1, r4
10003e50:	0020      	movs	r0, r4
10003e52:	0026      	movs	r6, r4
10003e54:	2240      	movs	r2, #64	@ 0x40
10003e56:	3178      	adds	r1, #120	@ 0x78
10003e58:	9300      	str	r3, [sp, #0]
10003e5a:	37b8      	adds	r7, #184	@ 0xb8
10003e5c:	3024      	adds	r0, #36	@ 0x24
10003e5e:	f000 fc91 	bl	10004784 <tu_fifo_config>
10003e62:	36c0      	adds	r6, #192	@ 0xc0
10003e64:	0038      	movs	r0, r7
10003e66:	f7fd f835 	bl	10000ed4 <mutex_init>
10003e6a:	0030      	movs	r0, r6
10003e6c:	f7fd f832 	bl	10000ed4 <mutex_init>
10003e70:	61e5      	str	r5, [r4, #28]
10003e72:	6227      	str	r7, [r4, #32]
10003e74:	6326      	str	r6, [r4, #48]	@ 0x30
10003e76:	6365      	str	r5, [r4, #52]	@ 0x34
10003e78:	b003      	add	sp, #12
10003e7a:	bdf0      	pop	{r4, r5, r6, r7, pc}
10003e7c:	200016ac 	.word	0x200016ac
10003e80:	200016a8 	.word	0x200016a8

10003e84 <cdcd_deinit>:
10003e84:	4a0a      	ldr	r2, [pc, #40]	@ (10003eb0 <cdcd_deinit+0x2c>)
10003e86:	6b11      	ldr	r1, [r2, #48]	@ 0x30
10003e88:	6a13      	ldr	r3, [r2, #32]
10003e8a:	2900      	cmp	r1, #0
10003e8c:	d00c      	beq.n	10003ea8 <cdcd_deinit+0x24>
10003e8e:	2b00      	cmp	r3, #0
10003e90:	d007      	beq.n	10003ea2 <cdcd_deinit+0x1e>
10003e92:	2300      	movs	r3, #0
10003e94:	61d3      	str	r3, [r2, #28]
10003e96:	6353      	str	r3, [r2, #52]	@ 0x34
10003e98:	6313      	str	r3, [r2, #48]	@ 0x30
10003e9a:	2300      	movs	r3, #0
10003e9c:	6213      	str	r3, [r2, #32]
10003e9e:	2001      	movs	r0, #1
10003ea0:	4770      	bx	lr
10003ea2:	6353      	str	r3, [r2, #52]	@ 0x34
10003ea4:	6313      	str	r3, [r2, #48]	@ 0x30
10003ea6:	e7fa      	b.n	10003e9e <cdcd_deinit+0x1a>
10003ea8:	2b00      	cmp	r3, #0
10003eaa:	d0f8      	beq.n	10003e9e <cdcd_deinit+0x1a>
10003eac:	61d1      	str	r1, [r2, #28]
10003eae:	e7f4      	b.n	10003e9a <cdcd_deinit+0x16>
10003eb0:	200016ac 	.word	0x200016ac

10003eb4 <cdcd_reset>:
10003eb4:	b570      	push	{r4, r5, r6, lr}
10003eb6:	4c0f      	ldr	r4, [pc, #60]	@ (10003ef4 <cdcd_reset+0x40>)
10003eb8:	2205      	movs	r2, #5
10003eba:	2100      	movs	r1, #0
10003ebc:	0020      	movs	r0, r4
10003ebe:	f7fe f867 	bl	10001f90 <__wrap_memset>
10003ec2:	4d0d      	ldr	r5, [pc, #52]	@ (10003ef8 <cdcd_reset+0x44>)
10003ec4:	782b      	ldrb	r3, [r5, #0]
10003ec6:	07da      	lsls	r2, r3, #31
10003ec8:	d507      	bpl.n	10003eda <cdcd_reset+0x26>
10003eca:	4c0c      	ldr	r4, [pc, #48]	@ (10003efc <cdcd_reset+0x48>)
10003ecc:	079b      	lsls	r3, r3, #30
10003ece:	d50c      	bpl.n	10003eea <cdcd_reset+0x36>
10003ed0:	2101      	movs	r1, #1
10003ed2:	0020      	movs	r0, r4
10003ed4:	f000 feb0 	bl	10004c38 <tu_fifo_set_overwritable>
10003ed8:	bd70      	pop	{r4, r5, r6, pc}
10003eda:	0020      	movs	r0, r4
10003edc:	3010      	adds	r0, #16
10003ede:	f000 fe8b 	bl	10004bf8 <tu_fifo_clear>
10003ee2:	782b      	ldrb	r3, [r5, #0]
10003ee4:	4c05      	ldr	r4, [pc, #20]	@ (10003efc <cdcd_reset+0x48>)
10003ee6:	079b      	lsls	r3, r3, #30
10003ee8:	d4f2      	bmi.n	10003ed0 <cdcd_reset+0x1c>
10003eea:	0020      	movs	r0, r4
10003eec:	f000 fe84 	bl	10004bf8 <tu_fifo_clear>
10003ef0:	e7ee      	b.n	10003ed0 <cdcd_reset+0x1c>
10003ef2:	46c0      	nop			@ (mov r8, r8)
10003ef4:	200016ac 	.word	0x200016ac
10003ef8:	200016a8 	.word	0x200016a8
10003efc:	200016d0 	.word	0x200016d0

10003f00 <cdcd_open>:
10003f00:	b5f0      	push	{r4, r5, r6, r7, lr}
10003f02:	794b      	ldrb	r3, [r1, #5]
10003f04:	0006      	movs	r6, r0
10003f06:	b083      	sub	sp, #12
10003f08:	2b02      	cmp	r3, #2
10003f0a:	d102      	bne.n	10003f12 <cdcd_open+0x12>
10003f0c:	798b      	ldrb	r3, [r1, #6]
10003f0e:	2b02      	cmp	r3, #2
10003f10:	d003      	beq.n	10003f1a <cdcd_open+0x1a>
10003f12:	2500      	movs	r5, #0
10003f14:	0028      	movs	r0, r5
10003f16:	b003      	add	sp, #12
10003f18:	bdf0      	pop	{r4, r5, r6, r7, pc}
10003f1a:	4f20      	ldr	r7, [pc, #128]	@ (10003f9c <cdcd_open+0x9c>)
10003f1c:	78bb      	ldrb	r3, [r7, #2]
10003f1e:	2b00      	cmp	r3, #0
10003f20:	d1f7      	bne.n	10003f12 <cdcd_open+0x12>
10003f22:	788b      	ldrb	r3, [r1, #2]
10003f24:	2509      	movs	r5, #9
10003f26:	703b      	strb	r3, [r7, #0]
10003f28:	780c      	ldrb	r4, [r1, #0]
10003f2a:	190c      	adds	r4, r1, r4
10003f2c:	7863      	ldrb	r3, [r4, #1]
10003f2e:	2b24      	cmp	r3, #36	@ 0x24
10003f30:	d007      	beq.n	10003f42 <cdcd_open+0x42>
10003f32:	e00c      	b.n	10003f4e <cdcd_open+0x4e>
10003f34:	7823      	ldrb	r3, [r4, #0]
10003f36:	18e4      	adds	r4, r4, r3
10003f38:	195d      	adds	r5, r3, r5
10003f3a:	7863      	ldrb	r3, [r4, #1]
10003f3c:	b2ad      	uxth	r5, r5
10003f3e:	2b24      	cmp	r3, #36	@ 0x24
10003f40:	d105      	bne.n	10003f4e <cdcd_open+0x4e>
10003f42:	4295      	cmp	r5, r2
10003f44:	d9f6      	bls.n	10003f34 <cdcd_open+0x34>
10003f46:	2000      	movs	r0, #0
10003f48:	f7ff fe66 	bl	10003c18 <_prep_out_transaction.isra.0>
10003f4c:	e7e2      	b.n	10003f14 <cdcd_open+0x14>
10003f4e:	001a      	movs	r2, r3
10003f50:	2b05      	cmp	r3, #5
10003f52:	d015      	beq.n	10003f80 <cdcd_open+0x80>
10003f54:	2a04      	cmp	r2, #4
10003f56:	d1f6      	bne.n	10003f46 <cdcd_open+0x46>
10003f58:	7963      	ldrb	r3, [r4, #5]
10003f5a:	2b0a      	cmp	r3, #10
10003f5c:	d1f3      	bne.n	10003f46 <cdcd_open+0x46>
10003f5e:	4b10      	ldr	r3, [pc, #64]	@ (10003fa0 <cdcd_open+0xa0>)
10003f60:	7827      	ldrb	r7, [r4, #0]
10003f62:	9301      	str	r3, [sp, #4]
10003f64:	3301      	adds	r3, #1
10003f66:	9300      	str	r3, [sp, #0]
10003f68:	0030      	movs	r0, r6
10003f6a:	2302      	movs	r3, #2
10003f6c:	19e1      	adds	r1, r4, r7
10003f6e:	3a02      	subs	r2, #2
10003f70:	f7ff fc9e 	bl	100038b0 <usbd_open_edpt_pair>
10003f74:	2800      	cmp	r0, #0
10003f76:	d0cc      	beq.n	10003f12 <cdcd_open+0x12>
10003f78:	350e      	adds	r5, #14
10003f7a:	19ed      	adds	r5, r5, r7
10003f7c:	b2ad      	uxth	r5, r5
10003f7e:	e7e2      	b.n	10003f46 <cdcd_open+0x46>
10003f80:	0021      	movs	r1, r4
10003f82:	0030      	movs	r0, r6
10003f84:	f7ff fce2 	bl	1000394c <usbd_edpt_open>
10003f88:	2800      	cmp	r0, #0
10003f8a:	d0c2      	beq.n	10003f12 <cdcd_open+0x12>
10003f8c:	78a3      	ldrb	r3, [r4, #2]
10003f8e:	707b      	strb	r3, [r7, #1]
10003f90:	7823      	ldrb	r3, [r4, #0]
10003f92:	195d      	adds	r5, r3, r5
10003f94:	18e4      	adds	r4, r4, r3
10003f96:	7862      	ldrb	r2, [r4, #1]
10003f98:	b2ad      	uxth	r5, r5
10003f9a:	e7db      	b.n	10003f54 <cdcd_open+0x54>
10003f9c:	200016ac 	.word	0x200016ac
10003fa0:	200016ae 	.word	0x200016ae

10003fa4 <cdcd_control_xfer_cb>:
10003fa4:	b5f8      	push	{r3, r4, r5, r6, r7, lr}
10003fa6:	2360      	movs	r3, #96	@ 0x60
10003fa8:	0014      	movs	r4, r2
10003faa:	7812      	ldrb	r2, [r2, #0]
10003fac:	0005      	movs	r5, r0
10003fae:	4013      	ands	r3, r2
10003fb0:	2000      	movs	r0, #0
10003fb2:	2b20      	cmp	r3, #32
10003fb4:	d107      	bne.n	10003fc6 <cdcd_control_xfer_cb+0x22>
10003fb6:	4a30      	ldr	r2, [pc, #192]	@ (10004078 <cdcd_control_xfer_cb+0xd4>)
10003fb8:	7963      	ldrb	r3, [r4, #5]
10003fba:	7927      	ldrb	r7, [r4, #4]
10003fbc:	7816      	ldrb	r6, [r2, #0]
10003fbe:	021b      	lsls	r3, r3, #8
10003fc0:	433b      	orrs	r3, r7
10003fc2:	429e      	cmp	r6, r3
10003fc4:	d000      	beq.n	10003fc8 <cdcd_control_xfer_cb+0x24>
10003fc6:	bdf8      	pop	{r3, r4, r5, r6, r7, pc}
10003fc8:	7863      	ldrb	r3, [r4, #1]
10003fca:	2b22      	cmp	r3, #34	@ 0x22
10003fcc:	d01a      	beq.n	10004004 <cdcd_control_xfer_cb+0x60>
10003fce:	d807      	bhi.n	10003fe0 <cdcd_control_xfer_cb+0x3c>
10003fd0:	2b20      	cmp	r3, #32
10003fd2:	d034      	beq.n	1000403e <cdcd_control_xfer_cb+0x9a>
10003fd4:	2b21      	cmp	r3, #33	@ 0x21
10003fd6:	d1f6      	bne.n	10003fc6 <cdcd_control_xfer_cb+0x22>
10003fd8:	2901      	cmp	r1, #1
10003fda:	d03e      	beq.n	1000405a <cdcd_control_xfer_cb+0xb6>
10003fdc:	2001      	movs	r0, #1
10003fde:	e7f2      	b.n	10003fc6 <cdcd_control_xfer_cb+0x22>
10003fe0:	2b23      	cmp	r3, #35	@ 0x23
10003fe2:	d1f0      	bne.n	10003fc6 <cdcd_control_xfer_cb+0x22>
10003fe4:	2901      	cmp	r1, #1
10003fe6:	d040      	beq.n	1000406a <cdcd_control_xfer_cb+0xc6>
10003fe8:	2903      	cmp	r1, #3
10003fea:	d1f7      	bne.n	10003fdc <cdcd_control_xfer_cb+0x38>
10003fec:	4b23      	ldr	r3, [pc, #140]	@ (1000407c <cdcd_control_xfer_cb+0xd8>)
10003fee:	2b00      	cmp	r3, #0
10003ff0:	d0f4      	beq.n	10003fdc <cdcd_control_xfer_cb+0x38>
10003ff2:	78e1      	ldrb	r1, [r4, #3]
10003ff4:	78a3      	ldrb	r3, [r4, #2]
10003ff6:	0209      	lsls	r1, r1, #8
10003ff8:	2000      	movs	r0, #0
10003ffa:	4319      	orrs	r1, r3
10003ffc:	e000      	b.n	10004000 <cdcd_control_xfer_cb+0x5c>
10003ffe:	bf00      	nop
10004000:	2001      	movs	r0, #1
10004002:	e7e0      	b.n	10003fc6 <cdcd_control_xfer_cb+0x22>
10004004:	2901      	cmp	r1, #1
10004006:	d030      	beq.n	1000406a <cdcd_control_xfer_cb+0xc6>
10004008:	2903      	cmp	r1, #3
1000400a:	d1e7      	bne.n	10003fdc <cdcd_control_xfer_cb+0x38>
1000400c:	2501      	movs	r5, #1
1000400e:	002e      	movs	r6, r5
10004010:	78a3      	ldrb	r3, [r4, #2]
10004012:	78e4      	ldrb	r4, [r4, #3]
10004014:	3902      	subs	r1, #2
10004016:	0224      	lsls	r4, r4, #8
10004018:	431c      	orrs	r4, r3
1000401a:	7114      	strb	r4, [r2, #4]
1000401c:	4026      	ands	r6, r4
1000401e:	3224      	adds	r2, #36	@ 0x24
10004020:	0010      	movs	r0, r2
10004022:	4071      	eors	r1, r6
10004024:	f000 fe08 	bl	10004c38 <tu_fifo_set_overwritable>
10004028:	4b15      	ldr	r3, [pc, #84]	@ (10004080 <cdcd_control_xfer_cb+0xdc>)
1000402a:	2b00      	cmp	r3, #0
1000402c:	d0d6      	beq.n	10003fdc <cdcd_control_xfer_cb+0x38>
1000402e:	0862      	lsrs	r2, r4, #1
10004030:	2000      	movs	r0, #0
10004032:	0031      	movs	r1, r6
10004034:	402a      	ands	r2, r5
10004036:	e000      	b.n	1000403a <cdcd_control_xfer_cb+0x96>
10004038:	bf00      	nop
1000403a:	2001      	movs	r0, #1
1000403c:	e7c3      	b.n	10003fc6 <cdcd_control_xfer_cb+0x22>
1000403e:	2901      	cmp	r1, #1
10004040:	d00b      	beq.n	1000405a <cdcd_control_xfer_cb+0xb6>
10004042:	2903      	cmp	r1, #3
10004044:	d1ca      	bne.n	10003fdc <cdcd_control_xfer_cb+0x38>
10004046:	4b0f      	ldr	r3, [pc, #60]	@ (10004084 <cdcd_control_xfer_cb+0xe0>)
10004048:	2b00      	cmp	r3, #0
1000404a:	d0c7      	beq.n	10003fdc <cdcd_control_xfer_cb+0x38>
1000404c:	3208      	adds	r2, #8
1000404e:	2000      	movs	r0, #0
10004050:	0011      	movs	r1, r2
10004052:	f7fe faad 	bl	100025b0 <tud_cdc_line_coding_cb>
10004056:	2001      	movs	r0, #1
10004058:	e7b5      	b.n	10003fc6 <cdcd_control_xfer_cb+0x22>
1000405a:	2307      	movs	r3, #7
1000405c:	0021      	movs	r1, r4
1000405e:	0028      	movs	r0, r5
10004060:	4a09      	ldr	r2, [pc, #36]	@ (10004088 <cdcd_control_xfer_cb+0xe4>)
10004062:	f7ff fcf1 	bl	10003a48 <tud_control_xfer>
10004066:	2001      	movs	r0, #1
10004068:	e7ad      	b.n	10003fc6 <cdcd_control_xfer_cb+0x22>
1000406a:	0021      	movs	r1, r4
1000406c:	0028      	movs	r0, r5
1000406e:	f7ff fcd5 	bl	10003a1c <tud_control_status>
10004072:	2001      	movs	r0, #1
10004074:	e7a7      	b.n	10003fc6 <cdcd_control_xfer_cb+0x22>
10004076:	46c0      	nop			@ (mov r8, r8)
10004078:	200016ac 	.word	0x200016ac
	...
10004084:	100025b1 	.word	0x100025b1
10004088:	200016b4 	.word	0x200016b4

1000408c <cdcd_xfer_cb>:
1000408c:	b5f0      	push	{r4, r5, r6, r7, lr}
1000408e:	464f      	mov	r7, r9
10004090:	4646      	mov	r6, r8
10004092:	46d6      	mov	lr, sl
10004094:	b5c0      	push	{r6, r7, lr}
10004096:	4d36      	ldr	r5, [pc, #216]	@ (10004170 <cdcd_xfer_cb+0xe4>)
10004098:	4680      	mov	r8, r0
1000409a:	78ea      	ldrb	r2, [r5, #3]
1000409c:	000c      	movs	r4, r1
1000409e:	001f      	movs	r7, r3
100040a0:	428a      	cmp	r2, r1
100040a2:	d03c      	beq.n	1000411e <cdcd_xfer_cb+0x92>
100040a4:	78ab      	ldrb	r3, [r5, #2]
100040a6:	428b      	cmp	r3, r1
100040a8:	d010      	beq.n	100040cc <cdcd_xfer_cb+0x40>
100040aa:	2000      	movs	r0, #0
100040ac:	bce0      	pop	{r5, r6, r7}
100040ae:	46ba      	mov	sl, r7
100040b0:	46b1      	mov	r9, r6
100040b2:	46a8      	mov	r8, r5
100040b4:	bdf0      	pop	{r4, r5, r6, r7, pc}
100040b6:	4b2f      	ldr	r3, [pc, #188]	@ (10004174 <cdcd_xfer_cb+0xe8>)
100040b8:	2b00      	cmp	r3, #0
100040ba:	d004      	beq.n	100040c6 <cdcd_xfer_cb+0x3a>
100040bc:	482e      	ldr	r0, [pc, #184]	@ (10004178 <cdcd_xfer_cb+0xec>)
100040be:	f000 fbad 	bl	1000481c <tu_fifo_empty>
100040c2:	2800      	cmp	r0, #0
100040c4:	d051      	beq.n	1000416a <cdcd_xfer_cb+0xde>
100040c6:	2000      	movs	r0, #0
100040c8:	f7ff fda6 	bl	10003c18 <_prep_out_transaction.isra.0>
100040cc:	78ab      	ldrb	r3, [r5, #2]
100040ce:	42a3      	cmp	r3, r4
100040d0:	d001      	beq.n	100040d6 <cdcd_xfer_cb+0x4a>
100040d2:	2001      	movs	r0, #1
100040d4:	e7ea      	b.n	100040ac <cdcd_xfer_cb+0x20>
100040d6:	4b29      	ldr	r3, [pc, #164]	@ (1000417c <cdcd_xfer_cb+0xf0>)
100040d8:	2b00      	cmp	r3, #0
100040da:	d002      	beq.n	100040e2 <cdcd_xfer_cb+0x56>
100040dc:	2000      	movs	r0, #0
100040de:	e000      	b.n	100040e2 <cdcd_xfer_cb+0x56>
100040e0:	bf00      	nop
100040e2:	2000      	movs	r0, #0
100040e4:	f7ff fe32 	bl	10003d4c <tud_cdc_n_write_flush>
100040e8:	2800      	cmp	r0, #0
100040ea:	d1f2      	bne.n	100040d2 <cdcd_xfer_cb+0x46>
100040ec:	4c24      	ldr	r4, [pc, #144]	@ (10004180 <cdcd_xfer_cb+0xf4>)
100040ee:	0020      	movs	r0, r4
100040f0:	f000 fb7e 	bl	100047f0 <tu_fifo_count>
100040f4:	2800      	cmp	r0, #0
100040f6:	d1ec      	bne.n	100040d2 <cdcd_xfer_cb+0x46>
100040f8:	2f00      	cmp	r7, #0
100040fa:	d0ea      	beq.n	100040d2 <cdcd_xfer_cb+0x46>
100040fc:	06bf      	lsls	r7, r7, #26
100040fe:	d1e8      	bne.n	100040d2 <cdcd_xfer_cb+0x46>
10004100:	3c24      	subs	r4, #36	@ 0x24
10004102:	4640      	mov	r0, r8
10004104:	78a1      	ldrb	r1, [r4, #2]
10004106:	f7ff fc3b 	bl	10003980 <usbd_edpt_claim>
1000410a:	2800      	cmp	r0, #0
1000410c:	d0e1      	beq.n	100040d2 <cdcd_xfer_cb+0x46>
1000410e:	2300      	movs	r3, #0
10004110:	2200      	movs	r2, #0
10004112:	4640      	mov	r0, r8
10004114:	78a1      	ldrb	r1, [r4, #2]
10004116:	f7ff fc5b 	bl	100039d0 <usbd_edpt_xfer>
1000411a:	2001      	movs	r0, #1
1000411c:	e7c6      	b.n	100040ac <cdcd_xfer_cb+0x20>
1000411e:	b29a      	uxth	r2, r3
10004120:	2310      	movs	r3, #16
10004122:	469a      	mov	sl, r3
10004124:	4e17      	ldr	r6, [pc, #92]	@ (10004184 <cdcd_xfer_cb+0xf8>)
10004126:	44aa      	add	sl, r5
10004128:	0031      	movs	r1, r6
1000412a:	4650      	mov	r0, sl
1000412c:	f000 fca8 	bl	10004a80 <tu_fifo_write_n>
10004130:	4b15      	ldr	r3, [pc, #84]	@ (10004188 <cdcd_xfer_cb+0xfc>)
10004132:	2b00      	cmp	r3, #0
10004134:	d0bf      	beq.n	100040b6 <cdcd_xfer_cb+0x2a>
10004136:	796b      	ldrb	r3, [r5, #5]
10004138:	2bff      	cmp	r3, #255	@ 0xff
1000413a:	d0bc      	beq.n	100040b6 <cdcd_xfer_cb+0x2a>
1000413c:	2f00      	cmp	r7, #0
1000413e:	d0ba      	beq.n	100040b6 <cdcd_xfer_cb+0x2a>
10004140:	19f2      	adds	r2, r6, r7
10004142:	4691      	mov	r9, r2
10004144:	e003      	b.n	1000414e <cdcd_xfer_cb+0xc2>
10004146:	3601      	adds	r6, #1
10004148:	454e      	cmp	r6, r9
1000414a:	d0b4      	beq.n	100040b6 <cdcd_xfer_cb+0x2a>
1000414c:	796b      	ldrb	r3, [r5, #5]
1000414e:	7832      	ldrb	r2, [r6, #0]
10004150:	429a      	cmp	r2, r3
10004152:	d1f8      	bne.n	10004146 <cdcd_xfer_cb+0xba>
10004154:	4650      	mov	r0, sl
10004156:	f000 fb61 	bl	1000481c <tu_fifo_empty>
1000415a:	2800      	cmp	r0, #0
1000415c:	d1f3      	bne.n	10004146 <cdcd_xfer_cb+0xba>
1000415e:	4653      	mov	r3, sl
10004160:	3b10      	subs	r3, #16
10004162:	7959      	ldrb	r1, [r3, #5]
10004164:	e000      	b.n	10004168 <cdcd_xfer_cb+0xdc>
10004166:	bf00      	nop
10004168:	e7ed      	b.n	10004146 <cdcd_xfer_cb+0xba>
1000416a:	e000      	b.n	1000416e <cdcd_xfer_cb+0xe2>
1000416c:	bf00      	nop
1000416e:	e7aa      	b.n	100040c6 <cdcd_xfer_cb+0x3a>
10004170:	200016ac 	.word	0x200016ac
10004174:	00000000 	.word	0x00000000
10004178:	200016bc 	.word	0x200016bc
1000417c:	00000000 	.word	0x00000000
10004180:	200016d0 	.word	0x200016d0
10004184:	20001628 	.word	0x20001628
10004188:	00000000 	.word	0x00000000

1000418c <vendord_init>:
1000418c:	2293      	movs	r2, #147	@ 0x93
1000418e:	b5f0      	push	{r4, r5, r6, r7, lr}
10004190:	4c13      	ldr	r4, [pc, #76]	@ (100041e0 <vendord_init+0x54>)
10004192:	b085      	sub	sp, #20
10004194:	2100      	movs	r1, #0
10004196:	0020      	movs	r0, r4
10004198:	0092      	lsls	r2, r2, #2
1000419a:	f7fd fef9 	bl	10001f90 <__wrap_memset>
1000419e:	0023      	movs	r3, r4
100041a0:	0020      	movs	r0, r4
100041a2:	2680      	movs	r6, #128	@ 0x80
100041a4:	2740      	movs	r7, #64	@ 0x40
100041a6:	4d0f      	ldr	r5, [pc, #60]	@ (100041e4 <vendord_init+0x58>)
100041a8:	334d      	adds	r3, #77	@ 0x4d
100041aa:	0076      	lsls	r6, r6, #1
100041ac:	33ff      	adds	r3, #255	@ 0xff
100041ae:	3029      	adds	r0, #41	@ 0x29
100041b0:	9502      	str	r5, [sp, #8]
100041b2:	9300      	str	r3, [sp, #0]
100041b4:	2200      	movs	r2, #0
100041b6:	2300      	movs	r3, #0
100041b8:	2100      	movs	r1, #0
100041ba:	9703      	str	r7, [sp, #12]
100041bc:	9601      	str	r6, [sp, #4]
100041be:	30ff      	adds	r0, #255	@ 0xff
100041c0:	f000 f9d4 	bl	1000456c <tu_edpt_stream_init>
100041c4:	3540      	adds	r5, #64	@ 0x40
100041c6:	1d20      	adds	r0, r4, #4
100041c8:	3428      	adds	r4, #40	@ 0x28
100041ca:	2300      	movs	r3, #0
100041cc:	2201      	movs	r2, #1
100041ce:	2100      	movs	r1, #0
100041d0:	9703      	str	r7, [sp, #12]
100041d2:	9502      	str	r5, [sp, #8]
100041d4:	9601      	str	r6, [sp, #4]
100041d6:	9400      	str	r4, [sp, #0]
100041d8:	f000 f9c8 	bl	1000456c <tu_edpt_stream_init>
100041dc:	b005      	add	sp, #20
100041de:	bdf0      	pop	{r4, r5, r6, r7, pc}
100041e0:	20001970 	.word	0x20001970
100041e4:	200018f0 	.word	0x200018f0

100041e8 <vendord_deinit>:
100041e8:	b510      	push	{r4, lr}
100041ea:	4c05      	ldr	r4, [pc, #20]	@ (10004200 <vendord_deinit+0x18>)
100041ec:	0020      	movs	r0, r4
100041ee:	f000 f9f3 	bl	100045d8 <tu_edpt_stream_deinit>
100041f2:	0020      	movs	r0, r4
100041f4:	3825      	subs	r0, #37	@ 0x25
100041f6:	38ff      	subs	r0, #255	@ 0xff
100041f8:	f000 f9ee 	bl	100045d8 <tu_edpt_stream_deinit>
100041fc:	2001      	movs	r0, #1
100041fe:	bd10      	pop	{r4, pc}
10004200:	20001a98 	.word	0x20001a98

10004204 <vendord_reset>:
10004204:	b570      	push	{r4, r5, r6, lr}
10004206:	4c08      	ldr	r4, [pc, #32]	@ (10004228 <vendord_reset+0x24>)
10004208:	2500      	movs	r5, #0
1000420a:	0020      	movs	r0, r4
1000420c:	3031      	adds	r0, #49	@ 0x31
1000420e:	30ff      	adds	r0, #255	@ 0xff
10004210:	7025      	strb	r5, [r4, #0]
10004212:	f000 fcf1 	bl	10004bf8 <tu_fifo_clear>
10004216:	0020      	movs	r0, r4
10004218:	300c      	adds	r0, #12
1000421a:	f000 fced 	bl	10004bf8 <tu_fifo_clear>
1000421e:	232a      	movs	r3, #42	@ 0x2a
10004220:	33ff      	adds	r3, #255	@ 0xff
10004222:	54e5      	strb	r5, [r4, r3]
10004224:	7165      	strb	r5, [r4, #5]
10004226:	bd70      	pop	{r4, r5, r6, pc}
10004228:	20001970 	.word	0x20001970

1000422c <vendord_open>:
1000422c:	b5f8      	push	{r3, r4, r5, r6, r7, lr}
1000422e:	4657      	mov	r7, sl
10004230:	4645      	mov	r5, r8
10004232:	46de      	mov	lr, fp
10004234:	464e      	mov	r6, r9
10004236:	b5e0      	push	{r5, r6, r7, lr}
10004238:	794b      	ldrb	r3, [r1, #5]
1000423a:	4680      	mov	r8, r0
1000423c:	000f      	movs	r7, r1
1000423e:	2bff      	cmp	r3, #255	@ 0xff
10004240:	d15b      	bne.n	100042fa <vendord_open+0xce>
10004242:	4b40      	ldr	r3, [pc, #256]	@ (10004344 <vendord_open+0x118>)
10004244:	4699      	mov	r9, r3
10004246:	232a      	movs	r3, #42	@ 0x2a
10004248:	4649      	mov	r1, r9
1000424a:	33ff      	adds	r3, #255	@ 0xff
1000424c:	5ccb      	ldrb	r3, [r1, r3]
1000424e:	2b00      	cmp	r3, #0
10004250:	d153      	bne.n	100042fa <vendord_open+0xce>
10004252:	794e      	ldrb	r6, [r1, #5]
10004254:	2e00      	cmp	r6, #0
10004256:	d150      	bne.n	100042fa <vendord_open+0xce>
10004258:	78bb      	ldrb	r3, [r7, #2]
1000425a:	783c      	ldrb	r4, [r7, #0]
1000425c:	700b      	strb	r3, [r1, #0]
1000425e:	793b      	ldrb	r3, [r7, #4]
10004260:	193c      	adds	r4, r7, r4
10004262:	2b00      	cmp	r3, #0
10004264:	d046      	beq.n	100042f4 <vendord_open+0xc8>
10004266:	2398      	movs	r3, #152	@ 0x98
10004268:	005b      	lsls	r3, r3, #1
1000426a:	444b      	add	r3, r9
1000426c:	469a      	mov	sl, r3
1000426e:	230c      	movs	r3, #12
10004270:	444b      	add	r3, r9
10004272:	469b      	mov	fp, r3
10004274:	18a5      	adds	r5, r4, r2
10004276:	e003      	b.n	10004280 <vendord_open+0x54>
10004278:	42ac      	cmp	r4, r5
1000427a:	d23b      	bcs.n	100042f4 <vendord_open+0xc8>
1000427c:	7823      	ldrb	r3, [r4, #0]
1000427e:	18e4      	adds	r4, r4, r3
10004280:	7863      	ldrb	r3, [r4, #1]
10004282:	2b05      	cmp	r3, #5
10004284:	d1f8      	bne.n	10004278 <vendord_open+0x4c>
10004286:	42ac      	cmp	r4, r5
10004288:	d234      	bcs.n	100042f4 <vendord_open+0xc8>
1000428a:	0021      	movs	r1, r4
1000428c:	4640      	mov	r0, r8
1000428e:	f7ff fb5d 	bl	1000394c <usbd_edpt_open>
10004292:	2800      	cmp	r0, #0
10004294:	d031      	beq.n	100042fa <vendord_open+0xce>
10004296:	78a3      	ldrb	r3, [r4, #2]
10004298:	3601      	adds	r6, #1
1000429a:	b2f6      	uxtb	r6, r6
1000429c:	09db      	lsrs	r3, r3, #7
1000429e:	2b01      	cmp	r3, #1
100042a0:	d032      	beq.n	10004308 <vendord_open+0xdc>
100042a2:	4650      	mov	r0, sl
100042a4:	f000 fca8 	bl	10004bf8 <tu_fifo_clear>
100042a8:	232a      	movs	r3, #42	@ 0x2a
100042aa:	4649      	mov	r1, r9
100042ac:	78a2      	ldrb	r2, [r4, #2]
100042ae:	33ff      	adds	r3, #255	@ 0xff
100042b0:	54ca      	strb	r2, [r1, r3]
100042b2:	7963      	ldrb	r3, [r4, #5]
100042b4:	7922      	ldrb	r2, [r4, #4]
100042b6:	021b      	lsls	r3, r3, #8
100042b8:	4313      	orrs	r3, r2
100042ba:	4a23      	ldr	r2, [pc, #140]	@ (10004348 <vendord_open+0x11c>)
100042bc:	055b      	lsls	r3, r3, #21
100042be:	4694      	mov	ip, r2
100042c0:	0d5b      	lsrs	r3, r3, #21
100042c2:	2194      	movs	r1, #148	@ 0x94
100042c4:	4463      	add	r3, ip
100042c6:	425a      	negs	r2, r3
100042c8:	4153      	adcs	r3, r2
100042ca:	464a      	mov	r2, r9
100042cc:	2002      	movs	r0, #2
100042ce:	0049      	lsls	r1, r1, #1
100042d0:	5c52      	ldrb	r2, [r2, r1]
100042d2:	005b      	lsls	r3, r3, #1
100042d4:	4382      	bics	r2, r0
100042d6:	4313      	orrs	r3, r2
100042d8:	464a      	mov	r2, r9
100042da:	5453      	strb	r3, [r2, r1]
100042dc:	4651      	mov	r1, sl
100042de:	4640      	mov	r0, r8
100042e0:	3908      	subs	r1, #8
100042e2:	f000 f9e3 	bl	100046ac <tu_edpt_stream_read_xfer>
100042e6:	2800      	cmp	r0, #0
100042e8:	d007      	beq.n	100042fa <vendord_open+0xce>
100042ea:	7823      	ldrb	r3, [r4, #0]
100042ec:	18e4      	adds	r4, r4, r3
100042ee:	793b      	ldrb	r3, [r7, #4]
100042f0:	42b3      	cmp	r3, r6
100042f2:	d8c5      	bhi.n	10004280 <vendord_open+0x54>
100042f4:	1be0      	subs	r0, r4, r7
100042f6:	b280      	uxth	r0, r0
100042f8:	e000      	b.n	100042fc <vendord_open+0xd0>
100042fa:	2000      	movs	r0, #0
100042fc:	bcf0      	pop	{r4, r5, r6, r7}
100042fe:	46bb      	mov	fp, r7
10004300:	46b2      	mov	sl, r6
10004302:	46a9      	mov	r9, r5
10004304:	46a0      	mov	r8, r4
10004306:	bdf8      	pop	{r3, r4, r5, r6, r7, pc}
10004308:	4658      	mov	r0, fp
1000430a:	f000 fc75 	bl	10004bf8 <tu_fifo_clear>
1000430e:	465a      	mov	r2, fp
10004310:	78a3      	ldrb	r3, [r4, #2]
10004312:	3a0c      	subs	r2, #12
10004314:	7153      	strb	r3, [r2, #5]
10004316:	7963      	ldrb	r3, [r4, #5]
10004318:	7921      	ldrb	r1, [r4, #4]
1000431a:	021b      	lsls	r3, r3, #8
1000431c:	430b      	orrs	r3, r1
1000431e:	490a      	ldr	r1, [pc, #40]	@ (10004348 <vendord_open+0x11c>)
10004320:	055b      	lsls	r3, r3, #21
10004322:	468c      	mov	ip, r1
10004324:	0d5b      	lsrs	r3, r3, #21
10004326:	4463      	add	r3, ip
10004328:	4259      	negs	r1, r3
1000432a:	414b      	adcs	r3, r1
1000432c:	2002      	movs	r0, #2
1000432e:	7911      	ldrb	r1, [r2, #4]
10004330:	005b      	lsls	r3, r3, #1
10004332:	4381      	bics	r1, r0
10004334:	430b      	orrs	r3, r1
10004336:	4659      	mov	r1, fp
10004338:	2000      	movs	r0, #0
1000433a:	3908      	subs	r1, #8
1000433c:	7113      	strb	r3, [r2, #4]
1000433e:	f000 f981 	bl	10004644 <tu_edpt_stream_write_xfer>
10004342:	e7d2      	b.n	100042ea <vendord_open+0xbe>
10004344:	20001970 	.word	0x20001970
10004348:	fffffe00 	.word	0xfffffe00

1000434c <vendord_xfer_cb>:
1000434c:	b5f8      	push	{r3, r4, r5, r6, r7, lr}
1000434e:	252a      	movs	r5, #42	@ 0x2a
10004350:	0006      	movs	r6, r0
10004352:	481f      	ldr	r0, [pc, #124]	@ (100043d0 <vendord_xfer_cb+0x84>)
10004354:	35ff      	adds	r5, #255	@ 0xff
10004356:	5d45      	ldrb	r5, [r0, r5]
10004358:	001f      	movs	r7, r3
1000435a:	428d      	cmp	r5, r1
1000435c:	d015      	beq.n	1000438a <vendord_xfer_cb+0x3e>
1000435e:	7943      	ldrb	r3, [r0, #5]
10004360:	428b      	cmp	r3, r1
10004362:	d001      	beq.n	10004368 <vendord_xfer_cb+0x1c>
10004364:	2000      	movs	r0, #0
10004366:	bdf8      	pop	{r3, r4, r5, r6, r7, pc}
10004368:	4b1a      	ldr	r3, [pc, #104]	@ (100043d4 <vendord_xfer_cb+0x88>)
1000436a:	2b00      	cmp	r3, #0
1000436c:	d004      	beq.n	10004378 <vendord_xfer_cb+0x2c>
1000436e:	0439      	lsls	r1, r7, #16
10004370:	2000      	movs	r0, #0
10004372:	0c09      	lsrs	r1, r1, #16
10004374:	e000      	b.n	10004378 <vendord_xfer_cb+0x2c>
10004376:	bf00      	nop
10004378:	4c17      	ldr	r4, [pc, #92]	@ (100043d8 <vendord_xfer_cb+0x8c>)
1000437a:	0030      	movs	r0, r6
1000437c:	0021      	movs	r1, r4
1000437e:	f000 f961 	bl	10004644 <tu_edpt_stream_write_xfer>
10004382:	2800      	cmp	r0, #0
10004384:	d01d      	beq.n	100043c2 <vendord_xfer_cb+0x76>
10004386:	2001      	movs	r0, #1
10004388:	e7ed      	b.n	10004366 <vendord_xfer_cb+0x1a>
1000438a:	239a      	movs	r3, #154	@ 0x9a
1000438c:	005b      	lsls	r3, r3, #1
1000438e:	5ac3      	ldrh	r3, [r0, r3]
10004390:	2b00      	cmp	r3, #0
10004392:	d10d      	bne.n	100043b0 <vendord_xfer_cb+0x64>
10004394:	4b11      	ldr	r3, [pc, #68]	@ (100043dc <vendord_xfer_cb+0x90>)
10004396:	2b00      	cmp	r3, #0
10004398:	d004      	beq.n	100043a4 <vendord_xfer_cb+0x58>
1000439a:	2000      	movs	r0, #0
1000439c:	4910      	ldr	r1, [pc, #64]	@ (100043e0 <vendord_xfer_cb+0x94>)
1000439e:	b2ba      	uxth	r2, r7
100043a0:	e000      	b.n	100043a4 <vendord_xfer_cb+0x58>
100043a2:	bf00      	nop
100043a4:	0030      	movs	r0, r6
100043a6:	490f      	ldr	r1, [pc, #60]	@ (100043e4 <vendord_xfer_cb+0x98>)
100043a8:	f000 f980 	bl	100046ac <tu_edpt_stream_read_xfer>
100043ac:	2001      	movs	r0, #1
100043ae:	e7da      	b.n	10004366 <vendord_xfer_cb+0x1a>
100043b0:	2396      	movs	r3, #150	@ 0x96
100043b2:	005b      	lsls	r3, r3, #1
100043b4:	58c1      	ldr	r1, [r0, r3]
100043b6:	3031      	adds	r0, #49	@ 0x31
100043b8:	b2ba      	uxth	r2, r7
100043ba:	30ff      	adds	r0, #255	@ 0xff
100043bc:	f000 fb60 	bl	10004a80 <tu_fifo_write_n>
100043c0:	e7e8      	b.n	10004394 <vendord_xfer_cb+0x48>
100043c2:	003a      	movs	r2, r7
100043c4:	0021      	movs	r1, r4
100043c6:	0030      	movs	r0, r6
100043c8:	f000 f908 	bl	100045dc <tu_edpt_stream_write_zlp_if_needed>
100043cc:	2001      	movs	r0, #1
100043ce:	e7ca      	b.n	10004366 <vendord_xfer_cb+0x1a>
100043d0:	20001970 	.word	0x20001970
100043d4:	00000000 	.word	0x00000000
100043d8:	20001974 	.word	0x20001974
100043dc:	00000000 	.word	0x00000000
100043e0:	200018f0 	.word	0x200018f0
100043e4:	20001a98 	.word	0x20001a98

100043e8 <tusb_rhport_init>:
100043e8:	b500      	push	{lr}
100043ea:	0003      	movs	r3, r0
100043ec:	b083      	sub	sp, #12
100043ee:	2900      	cmp	r1, #0
100043f0:	d010      	beq.n	10004414 <tusb_rhport_init+0x2c>
100043f2:	2000      	movs	r0, #0
100043f4:	2b01      	cmp	r3, #1
100043f6:	d807      	bhi.n	10004408 <tusb_rhport_init+0x20>
100043f8:	780a      	ldrb	r2, [r1, #0]
100043fa:	2a00      	cmp	r2, #0
100043fc:	d004      	beq.n	10004408 <tusb_rhport_init+0x20>
100043fe:	480c      	ldr	r0, [pc, #48]	@ (10004430 <tusb_rhport_init+0x48>)
10004400:	54c2      	strb	r2, [r0, r3]
10004402:	2001      	movs	r0, #1
10004404:	2a01      	cmp	r2, #1
10004406:	d001      	beq.n	1000440c <tusb_rhport_init+0x24>
10004408:	b003      	add	sp, #12
1000440a:	bd00      	pop	{pc}
1000440c:	0018      	movs	r0, r3
1000440e:	f7fe fdd5 	bl	10002fbc <tud_rhport_init>
10004412:	e7f9      	b.n	10004408 <tusb_rhport_init+0x20>
10004414:	2301      	movs	r3, #1
10004416:	466a      	mov	r2, sp
10004418:	2000      	movs	r0, #0
1000441a:	a901      	add	r1, sp, #4
1000441c:	8093      	strh	r3, [r2, #4]
1000441e:	f7fe fdcd 	bl	10002fbc <tud_rhport_init>
10004422:	2800      	cmp	r0, #0
10004424:	d0f0      	beq.n	10004408 <tusb_rhport_init+0x20>
10004426:	2201      	movs	r2, #1
10004428:	4b01      	ldr	r3, [pc, #4]	@ (10004430 <tusb_rhport_init+0x48>)
1000442a:	701a      	strb	r2, [r3, #0]
1000442c:	e7ec      	b.n	10004408 <tusb_rhport_init+0x20>
1000442e:	46c0      	nop			@ (mov r8, r8)
10004430:	200017c8 	.word	0x200017c8

10004434 <tu_edpt_claim>:
10004434:	7803      	ldrb	r3, [r0, #0]
10004436:	b570      	push	{r4, r5, r6, lr}
10004438:	07db      	lsls	r3, r3, #31
1000443a:	0004      	movs	r4, r0
1000443c:	000e      	movs	r6, r1
1000443e:	0fdd      	lsrs	r5, r3, #31
10004440:	2b00      	cmp	r3, #0
10004442:	d117      	bne.n	10004474 <tu_edpt_claim+0x40>
10004444:	7803      	ldrb	r3, [r0, #0]
10004446:	075b      	lsls	r3, r3, #29
10004448:	d501      	bpl.n	1000444e <tu_edpt_claim+0x1a>
1000444a:	0028      	movs	r0, r5
1000444c:	bd70      	pop	{r4, r5, r6, pc}
1000444e:	2101      	movs	r1, #1
10004450:	0030      	movs	r0, r6
10004452:	4249      	negs	r1, r1
10004454:	f000 fc6c 	bl	10004d30 <__mutex_enter_timeout_ms_veneer>
10004458:	7823      	ldrb	r3, [r4, #0]
1000445a:	07db      	lsls	r3, r3, #31
1000445c:	0fdd      	lsrs	r5, r3, #31
1000445e:	2b00      	cmp	r3, #0
10004460:	d10a      	bne.n	10004478 <tu_edpt_claim+0x44>
10004462:	7823      	ldrb	r3, [r4, #0]
10004464:	075b      	lsls	r3, r3, #29
10004466:	d408      	bmi.n	1000447a <tu_edpt_claim+0x46>
10004468:	2204      	movs	r2, #4
1000446a:	7823      	ldrb	r3, [r4, #0]
1000446c:	2501      	movs	r5, #1
1000446e:	4313      	orrs	r3, r2
10004470:	7023      	strb	r3, [r4, #0]
10004472:	e002      	b.n	1000447a <tu_edpt_claim+0x46>
10004474:	2500      	movs	r5, #0
10004476:	e7e8      	b.n	1000444a <tu_edpt_claim+0x16>
10004478:	2500      	movs	r5, #0
1000447a:	0030      	movs	r0, r6
1000447c:	f000 fc38 	bl	10004cf0 <__mutex_exit_veneer>
10004480:	e7e3      	b.n	1000444a <tu_edpt_claim+0x16>
10004482:	46c0      	nop			@ (mov r8, r8)

10004484 <tu_edpt_release>:
10004484:	b570      	push	{r4, r5, r6, lr}
10004486:	000c      	movs	r4, r1
10004488:	2101      	movs	r1, #1
1000448a:	0006      	movs	r6, r0
1000448c:	4249      	negs	r1, r1
1000448e:	0020      	movs	r0, r4
10004490:	f000 fc4e 	bl	10004d30 <__mutex_enter_timeout_ms_veneer>
10004494:	7833      	ldrb	r3, [r6, #0]
10004496:	075b      	lsls	r3, r3, #29
10004498:	0fdd      	lsrs	r5, r3, #31
1000449a:	2b00      	cmp	r3, #0
1000449c:	db04      	blt.n	100044a8 <tu_edpt_release+0x24>
1000449e:	0020      	movs	r0, r4
100044a0:	f000 fc26 	bl	10004cf0 <__mutex_exit_veneer>
100044a4:	0028      	movs	r0, r5
100044a6:	bd70      	pop	{r4, r5, r6, pc}
100044a8:	7833      	ldrb	r3, [r6, #0]
100044aa:	07db      	lsls	r3, r3, #31
100044ac:	d404      	bmi.n	100044b8 <tu_edpt_release+0x34>
100044ae:	2204      	movs	r2, #4
100044b0:	7833      	ldrb	r3, [r6, #0]
100044b2:	4393      	bics	r3, r2
100044b4:	7033      	strb	r3, [r6, #0]
100044b6:	e7f2      	b.n	1000449e <tu_edpt_release+0x1a>
100044b8:	2500      	movs	r5, #0
100044ba:	e7f0      	b.n	1000449e <tu_edpt_release+0x1a>

100044bc <tu_edpt_validate>:
100044bc:	7943      	ldrb	r3, [r0, #5]
100044be:	7902      	ldrb	r2, [r0, #4]
100044c0:	021b      	lsls	r3, r3, #8
100044c2:	4313      	orrs	r3, r2
100044c4:	78c2      	ldrb	r2, [r0, #3]
100044c6:	055b      	lsls	r3, r3, #21
100044c8:	0792      	lsls	r2, r2, #30
100044ca:	0d5b      	lsrs	r3, r3, #21
100044cc:	0f92      	lsrs	r2, r2, #30
100044ce:	2a02      	cmp	r2, #2
100044d0:	d01d      	beq.n	1000450e <tu_edpt_validate+0x52>
100044d2:	2a03      	cmp	r2, #3
100044d4:	d00c      	beq.n	100044f0 <tu_edpt_validate+0x34>
100044d6:	2000      	movs	r0, #0
100044d8:	2a01      	cmp	r2, #1
100044da:	d108      	bne.n	100044ee <tu_edpt_validate+0x32>
100044dc:	3902      	subs	r1, #2
100044de:	424a      	negs	r2, r1
100044e0:	4151      	adcs	r1, r2
100044e2:	4a12      	ldr	r2, [pc, #72]	@ (1000452c <tu_edpt_validate+0x70>)
100044e4:	4694      	mov	ip, r2
100044e6:	4461      	add	r1, ip
100044e8:	4299      	cmp	r1, r3
100044ea:	4140      	adcs	r0, r0
100044ec:	b2c0      	uxtb	r0, r0
100044ee:	4770      	bx	lr
100044f0:	3902      	subs	r1, #2
100044f2:	1e4a      	subs	r2, r1, #1
100044f4:	4191      	sbcs	r1, r2
100044f6:	4a0e      	ldr	r2, [pc, #56]	@ (10004530 <tu_edpt_validate+0x74>)
100044f8:	4249      	negs	r1, r1
100044fa:	4011      	ands	r1, r2
100044fc:	2280      	movs	r2, #128	@ 0x80
100044fe:	00d2      	lsls	r2, r2, #3
10004500:	4694      	mov	ip, r2
10004502:	2000      	movs	r0, #0
10004504:	4461      	add	r1, ip
10004506:	4299      	cmp	r1, r3
10004508:	4140      	adcs	r0, r0
1000450a:	b2c0      	uxtb	r0, r0
1000450c:	e7ef      	b.n	100044ee <tu_edpt_validate+0x32>
1000450e:	2902      	cmp	r1, #2
10004510:	d005      	beq.n	1000451e <tu_edpt_validate+0x62>
10004512:	2000      	movs	r0, #0
10004514:	2240      	movs	r2, #64	@ 0x40
10004516:	429a      	cmp	r2, r3
10004518:	4140      	adcs	r0, r0
1000451a:	b2c0      	uxtb	r0, r0
1000451c:	e7e7      	b.n	100044ee <tu_edpt_validate+0x32>
1000451e:	4a05      	ldr	r2, [pc, #20]	@ (10004534 <tu_edpt_validate+0x78>)
10004520:	1898      	adds	r0, r3, r2
10004522:	4243      	negs	r3, r0
10004524:	4158      	adcs	r0, r3
10004526:	b2c0      	uxtb	r0, r0
10004528:	e7e1      	b.n	100044ee <tu_edpt_validate+0x32>
1000452a:	46c0      	nop			@ (mov r8, r8)
1000452c:	000003ff 	.word	0x000003ff
10004530:	fffffc40 	.word	0xfffffc40
10004534:	fffffe00 	.word	0xfffffe00

10004538 <tu_edpt_bind_driver>:
10004538:	188a      	adds	r2, r1, r2
1000453a:	b570      	push	{r4, r5, r6, lr}
1000453c:	4291      	cmp	r1, r2
1000453e:	d207      	bcs.n	10004550 <tu_edpt_bind_driver+0x18>
10004540:	267f      	movs	r6, #127	@ 0x7f
10004542:	784c      	ldrb	r4, [r1, #1]
10004544:	2c05      	cmp	r4, #5
10004546:	d004      	beq.n	10004552 <tu_edpt_bind_driver+0x1a>
10004548:	780c      	ldrb	r4, [r1, #0]
1000454a:	1909      	adds	r1, r1, r4
1000454c:	428a      	cmp	r2, r1
1000454e:	d8f8      	bhi.n	10004542 <tu_edpt_bind_driver+0xa>
10004550:	bd70      	pop	{r4, r5, r6, pc}
10004552:	0034      	movs	r4, r6
10004554:	788d      	ldrb	r5, [r1, #2]
10004556:	402c      	ands	r4, r5
10004558:	0064      	lsls	r4, r4, #1
1000455a:	1904      	adds	r4, r0, r4
1000455c:	09ed      	lsrs	r5, r5, #7
1000455e:	5563      	strb	r3, [r4, r5]
10004560:	780c      	ldrb	r4, [r1, #0]
10004562:	1909      	adds	r1, r1, r4
10004564:	428a      	cmp	r2, r1
10004566:	d8ec      	bhi.n	10004542 <tu_edpt_bind_driver+0xa>
10004568:	e7f2      	b.n	10004550 <tu_edpt_bind_driver+0x18>
1000456a:	46c0      	nop			@ (mov r8, r8)

1000456c <tu_edpt_stream_init>:
1000456c:	b5f0      	push	{r4, r5, r6, r7, lr}
1000456e:	46c6      	mov	lr, r8
10004570:	b500      	push	{lr}
10004572:	b082      	sub	sp, #8
10004574:	0015      	movs	r5, r2
10004576:	aa08      	add	r2, sp, #32
10004578:	ca40      	ldmia	r2!, {r6}
1000457a:	0004      	movs	r4, r0
1000457c:	8817      	ldrh	r7, [r2, #0]
1000457e:	466a      	mov	r2, sp
10004580:	8d92      	ldrh	r2, [r2, #44]	@ 0x2c
10004582:	2001      	movs	r0, #1
10004584:	4690      	mov	r8, r2
10004586:	000a      	movs	r2, r1
10004588:	7821      	ldrb	r1, [r4, #0]
1000458a:	4002      	ands	r2, r0
1000458c:	4381      	bics	r1, r0
1000458e:	0020      	movs	r0, r4
10004590:	4311      	orrs	r1, r2
10004592:	7021      	strb	r1, [r4, #0]
10004594:	003a      	movs	r2, r7
10004596:	9300      	str	r3, [sp, #0]
10004598:	0031      	movs	r1, r6
1000459a:	2301      	movs	r3, #1
1000459c:	3008      	adds	r0, #8
1000459e:	f000 f8f1 	bl	10004784 <tu_fifo_config>
100045a2:	2e00      	cmp	r6, #0
100045a4:	d001      	beq.n	100045aa <tu_edpt_stream_init+0x3e>
100045a6:	2f00      	cmp	r7, #0
100045a8:	d108      	bne.n	100045bc <tu_edpt_stream_init+0x50>
100045aa:	9b0a      	ldr	r3, [sp, #40]	@ 0x28
100045ac:	2001      	movs	r0, #1
100045ae:	6063      	str	r3, [r4, #4]
100045b0:	4643      	mov	r3, r8
100045b2:	8063      	strh	r3, [r4, #2]
100045b4:	b002      	add	sp, #8
100045b6:	bc80      	pop	{r7}
100045b8:	46b8      	mov	r8, r7
100045ba:	bdf0      	pop	{r4, r5, r6, r7, pc}
100045bc:	0026      	movs	r6, r4
100045be:	361c      	adds	r6, #28
100045c0:	0030      	movs	r0, r6
100045c2:	f7fc fc87 	bl	10000ed4 <mutex_init>
100045c6:	2300      	movs	r3, #0
100045c8:	2d00      	cmp	r5, #0
100045ca:	d001      	beq.n	100045d0 <tu_edpt_stream_init+0x64>
100045cc:	0033      	movs	r3, r6
100045ce:	2600      	movs	r6, #0
100045d0:	6163      	str	r3, [r4, #20]
100045d2:	61a6      	str	r6, [r4, #24]
100045d4:	e7e9      	b.n	100045aa <tu_edpt_stream_init+0x3e>
100045d6:	46c0      	nop			@ (mov r8, r8)

100045d8 <tu_edpt_stream_deinit>:
100045d8:	2001      	movs	r0, #1
100045da:	4770      	bx	lr

100045dc <tu_edpt_stream_write_zlp_if_needed>:
100045dc:	b5f8      	push	{r3, r4, r5, r6, r7, lr}
100045de:	2402      	movs	r4, #2
100045e0:	780b      	ldrb	r3, [r1, #0]
100045e2:	0007      	movs	r7, r0
100045e4:	401c      	ands	r4, r3
100045e6:	4263      	negs	r3, r4
100045e8:	415c      	adcs	r4, r3
100045ea:	4b14      	ldr	r3, [pc, #80]	@ (1000463c <tu_edpt_stream_write_zlp_if_needed+0x60>)
100045ec:	4264      	negs	r4, r4
100045ee:	401c      	ands	r4, r3
100045f0:	4b13      	ldr	r3, [pc, #76]	@ (10004640 <tu_edpt_stream_write_zlp_if_needed+0x64>)
100045f2:	0008      	movs	r0, r1
100045f4:	469c      	mov	ip, r3
100045f6:	3008      	adds	r0, #8
100045f8:	000d      	movs	r5, r1
100045fa:	0016      	movs	r6, r2
100045fc:	4464      	add	r4, ip
100045fe:	f000 f8f7 	bl	100047f0 <tu_fifo_count>
10004602:	2800      	cmp	r0, #0
10004604:	d107      	bne.n	10004616 <tu_edpt_stream_write_zlp_if_needed+0x3a>
10004606:	2e00      	cmp	r6, #0
10004608:	d005      	beq.n	10004616 <tu_edpt_stream_write_zlp_if_needed+0x3a>
1000460a:	4234      	tst	r4, r6
1000460c:	d103      	bne.n	10004616 <tu_edpt_stream_write_zlp_if_needed+0x3a>
1000460e:	2401      	movs	r4, #1
10004610:	782b      	ldrb	r3, [r5, #0]
10004612:	421c      	tst	r4, r3
10004614:	d001      	beq.n	1000461a <tu_edpt_stream_write_zlp_if_needed+0x3e>
10004616:	2000      	movs	r0, #0
10004618:	bdf8      	pop	{r3, r4, r5, r6, r7, pc}
1000461a:	0038      	movs	r0, r7
1000461c:	7869      	ldrb	r1, [r5, #1]
1000461e:	f7ff f9af 	bl	10003980 <usbd_edpt_claim>
10004622:	2800      	cmp	r0, #0
10004624:	d0f7      	beq.n	10004616 <tu_edpt_stream_write_zlp_if_needed+0x3a>
10004626:	782b      	ldrb	r3, [r5, #0]
10004628:	421c      	tst	r4, r3
1000462a:	d1f4      	bne.n	10004616 <tu_edpt_stream_write_zlp_if_needed+0x3a>
1000462c:	2300      	movs	r3, #0
1000462e:	2200      	movs	r2, #0
10004630:	0038      	movs	r0, r7
10004632:	7869      	ldrb	r1, [r5, #1]
10004634:	f7ff f9cc 	bl	100039d0 <usbd_edpt_xfer>
10004638:	e7ee      	b.n	10004618 <tu_edpt_stream_write_zlp_if_needed+0x3c>
1000463a:	46c0      	nop			@ (mov r8, r8)
1000463c:	fffffe40 	.word	0xfffffe40
10004640:	000001ff 	.word	0x000001ff

10004644 <tu_edpt_stream_write_xfer>:
10004644:	b5f8      	push	{r3, r4, r5, r6, r7, lr}
10004646:	000d      	movs	r5, r1
10004648:	3508      	adds	r5, #8
1000464a:	0006      	movs	r6, r0
1000464c:	0028      	movs	r0, r5
1000464e:	000c      	movs	r4, r1
10004650:	f000 f8ce 	bl	100047f0 <tu_fifo_count>
10004654:	2800      	cmp	r0, #0
10004656:	d003      	beq.n	10004660 <tu_edpt_stream_write_xfer+0x1c>
10004658:	2701      	movs	r7, #1
1000465a:	7823      	ldrb	r3, [r4, #0]
1000465c:	421f      	tst	r7, r3
1000465e:	d001      	beq.n	10004664 <tu_edpt_stream_write_xfer+0x20>
10004660:	2000      	movs	r0, #0
10004662:	bdf8      	pop	{r3, r4, r5, r6, r7, pc}
10004664:	0030      	movs	r0, r6
10004666:	7861      	ldrb	r1, [r4, #1]
10004668:	f7ff f98a 	bl	10003980 <usbd_edpt_claim>
1000466c:	2800      	cmp	r0, #0
1000466e:	d0f7      	beq.n	10004660 <tu_edpt_stream_write_xfer+0x1c>
10004670:	0028      	movs	r0, r5
10004672:	8862      	ldrh	r2, [r4, #2]
10004674:	6861      	ldr	r1, [r4, #4]
10004676:	f000 f93d 	bl	100048f4 <tu_fifo_read_n>
1000467a:	7823      	ldrb	r3, [r4, #0]
1000467c:	0005      	movs	r5, r0
1000467e:	401f      	ands	r7, r3
10004680:	2800      	cmp	r0, #0
10004682:	d00b      	beq.n	1000469c <tu_edpt_stream_write_xfer+0x58>
10004684:	2f00      	cmp	r7, #0
10004686:	d1eb      	bne.n	10004660 <tu_edpt_stream_write_xfer+0x1c>
10004688:	0003      	movs	r3, r0
1000468a:	6862      	ldr	r2, [r4, #4]
1000468c:	0030      	movs	r0, r6
1000468e:	7861      	ldrb	r1, [r4, #1]
10004690:	f7ff f99e 	bl	100039d0 <usbd_edpt_xfer>
10004694:	2800      	cmp	r0, #0
10004696:	d0e3      	beq.n	10004660 <tu_edpt_stream_write_xfer+0x1c>
10004698:	0028      	movs	r0, r5
1000469a:	e7e2      	b.n	10004662 <tu_edpt_stream_write_xfer+0x1e>
1000469c:	2f00      	cmp	r7, #0
1000469e:	d1df      	bne.n	10004660 <tu_edpt_stream_write_xfer+0x1c>
100046a0:	0030      	movs	r0, r6
100046a2:	7861      	ldrb	r1, [r4, #1]
100046a4:	f7ff f980 	bl	100039a8 <usbd_edpt_release>
100046a8:	e7da      	b.n	10004660 <tu_edpt_stream_write_xfer+0x1c>
100046aa:	46c0      	nop			@ (mov r8, r8)

100046ac <tu_edpt_stream_read_xfer>:
100046ac:	b5f8      	push	{r3, r4, r5, r6, r7, lr}
100046ae:	46ce      	mov	lr, r9
100046b0:	4647      	mov	r7, r8
100046b2:	b580      	push	{r7, lr}
100046b4:	898a      	ldrh	r2, [r1, #12]
100046b6:	0006      	movs	r6, r0
100046b8:	000c      	movs	r4, r1
100046ba:	780b      	ldrb	r3, [r1, #0]
100046bc:	2a00      	cmp	r2, #0
100046be:	d107      	bne.n	100046d0 <tu_edpt_stream_read_xfer+0x24>
100046c0:	2501      	movs	r5, #1
100046c2:	421d      	tst	r5, r3
100046c4:	d040      	beq.n	10004748 <tu_edpt_stream_read_xfer+0x9c>
100046c6:	2000      	movs	r0, #0
100046c8:	bcc0      	pop	{r6, r7}
100046ca:	46b9      	mov	r9, r7
100046cc:	46b0      	mov	r8, r6
100046ce:	bdf8      	pop	{r3, r4, r5, r6, r7, pc}
100046d0:	079b      	lsls	r3, r3, #30
100046d2:	d433      	bmi.n	1000473c <tu_edpt_stream_read_xfer+0x90>
100046d4:	4b2a      	ldr	r3, [pc, #168]	@ (10004780 <tu_edpt_stream_read_xfer+0xd4>)
100046d6:	2540      	movs	r5, #64	@ 0x40
100046d8:	4699      	mov	r9, r3
100046da:	0027      	movs	r7, r4
100046dc:	3708      	adds	r7, #8
100046de:	0038      	movs	r0, r7
100046e0:	f000 f8a4 	bl	1000482c <tu_fifo_remaining>
100046e4:	4285      	cmp	r5, r0
100046e6:	d8ee      	bhi.n	100046c6 <tu_edpt_stream_read_xfer+0x1a>
100046e8:	2201      	movs	r2, #1
100046ea:	7823      	ldrb	r3, [r4, #0]
100046ec:	4690      	mov	r8, r2
100046ee:	421a      	tst	r2, r3
100046f0:	d1e9      	bne.n	100046c6 <tu_edpt_stream_read_xfer+0x1a>
100046f2:	0030      	movs	r0, r6
100046f4:	7861      	ldrb	r1, [r4, #1]
100046f6:	f7ff f943 	bl	10003980 <usbd_edpt_claim>
100046fa:	2800      	cmp	r0, #0
100046fc:	d0e3      	beq.n	100046c6 <tu_edpt_stream_read_xfer+0x1a>
100046fe:	0038      	movs	r0, r7
10004700:	f000 f894 	bl	1000482c <tu_fifo_remaining>
10004704:	4642      	mov	r2, r8
10004706:	7823      	ldrb	r3, [r4, #0]
10004708:	401a      	ands	r2, r3
1000470a:	4285      	cmp	r5, r0
1000470c:	d831      	bhi.n	10004772 <tu_edpt_stream_read_xfer+0xc6>
1000470e:	2a00      	cmp	r2, #0
10004710:	d1d9      	bne.n	100046c6 <tu_edpt_stream_read_xfer+0x1a>
10004712:	464a      	mov	r2, r9
10004714:	8863      	ldrh	r3, [r4, #2]
10004716:	4002      	ands	r2, r0
10004718:	1c1d      	adds	r5, r3, #0
1000471a:	4293      	cmp	r3, r2
1000471c:	d900      	bls.n	10004720 <tu_edpt_stream_read_xfer+0x74>
1000471e:	1c15      	adds	r5, r2, #0
10004720:	b2ad      	uxth	r5, r5
10004722:	2200      	movs	r2, #0
10004724:	7861      	ldrb	r1, [r4, #1]
10004726:	2d00      	cmp	r5, #0
10004728:	d000      	beq.n	1000472c <tu_edpt_stream_read_xfer+0x80>
1000472a:	6862      	ldr	r2, [r4, #4]
1000472c:	002b      	movs	r3, r5
1000472e:	0030      	movs	r0, r6
10004730:	f7ff f94e 	bl	100039d0 <usbd_edpt_xfer>
10004734:	2800      	cmp	r0, #0
10004736:	d0c6      	beq.n	100046c6 <tu_edpt_stream_read_xfer+0x1a>
10004738:	0028      	movs	r0, r5
1000473a:	e7c5      	b.n	100046c8 <tu_edpt_stream_read_xfer+0x1c>
1000473c:	23fe      	movs	r3, #254	@ 0xfe
1000473e:	2580      	movs	r5, #128	@ 0x80
10004740:	021b      	lsls	r3, r3, #8
10004742:	4699      	mov	r9, r3
10004744:	00ad      	lsls	r5, r5, #2
10004746:	e7c8      	b.n	100046da <tu_edpt_stream_read_xfer+0x2e>
10004748:	7849      	ldrb	r1, [r1, #1]
1000474a:	f7ff f919 	bl	10003980 <usbd_edpt_claim>
1000474e:	2800      	cmp	r0, #0
10004750:	d0b9      	beq.n	100046c6 <tu_edpt_stream_read_xfer+0x1a>
10004752:	7823      	ldrb	r3, [r4, #0]
10004754:	421d      	tst	r5, r3
10004756:	d1b6      	bne.n	100046c6 <tu_edpt_stream_read_xfer+0x1a>
10004758:	8863      	ldrh	r3, [r4, #2]
1000475a:	2200      	movs	r2, #0
1000475c:	7861      	ldrb	r1, [r4, #1]
1000475e:	2b00      	cmp	r3, #0
10004760:	d000      	beq.n	10004764 <tu_edpt_stream_read_xfer+0xb8>
10004762:	6862      	ldr	r2, [r4, #4]
10004764:	0030      	movs	r0, r6
10004766:	f7ff f933 	bl	100039d0 <usbd_edpt_xfer>
1000476a:	2800      	cmp	r0, #0
1000476c:	d0ab      	beq.n	100046c6 <tu_edpt_stream_read_xfer+0x1a>
1000476e:	8860      	ldrh	r0, [r4, #2]
10004770:	e7aa      	b.n	100046c8 <tu_edpt_stream_read_xfer+0x1c>
10004772:	2a00      	cmp	r2, #0
10004774:	d1a7      	bne.n	100046c6 <tu_edpt_stream_read_xfer+0x1a>
10004776:	0030      	movs	r0, r6
10004778:	7861      	ldrb	r1, [r4, #1]
1000477a:	f7ff f915 	bl	100039a8 <usbd_edpt_release>
1000477e:	e7a2      	b.n	100046c6 <tu_edpt_stream_read_xfer+0x1a>
10004780:	0000ffc0 	.word	0x0000ffc0

10004784 <tu_fifo_config>:
10004784:	b5f0      	push	{r4, r5, r6, r7, lr}
10004786:	46c6      	mov	lr, r8
10004788:	b500      	push	{lr}
1000478a:	0004      	movs	r4, r0
1000478c:	4668      	mov	r0, sp
1000478e:	7e05      	ldrb	r5, [r0, #24]
10004790:	2080      	movs	r0, #128	@ 0x80
10004792:	4688      	mov	r8, r1
10004794:	0017      	movs	r7, r2
10004796:	001e      	movs	r6, r3
10004798:	0200      	lsls	r0, r0, #8
1000479a:	4282      	cmp	r2, r0
1000479c:	d826      	bhi.n	100047ec <tu_fifo_config+0x68>
1000479e:	68e0      	ldr	r0, [r4, #12]
100047a0:	2800      	cmp	r0, #0
100047a2:	d003      	beq.n	100047ac <tu_fifo_config+0x28>
100047a4:	2101      	movs	r1, #1
100047a6:	4249      	negs	r1, r1
100047a8:	f000 fac2 	bl	10004d30 <__mutex_enter_timeout_ms_veneer>
100047ac:	6920      	ldr	r0, [r4, #16]
100047ae:	2800      	cmp	r0, #0
100047b0:	d003      	beq.n	100047ba <tu_fifo_config+0x36>
100047b2:	2101      	movs	r1, #1
100047b4:	4249      	negs	r1, r1
100047b6:	f000 fabb 	bl	10004d30 <__mutex_enter_timeout_ms_veneer>
100047ba:	4643      	mov	r3, r8
100047bc:	6023      	str	r3, [r4, #0]
100047be:	0473      	lsls	r3, r6, #17
100047c0:	0c5b      	lsrs	r3, r3, #17
100047c2:	03ed      	lsls	r5, r5, #15
100047c4:	431d      	orrs	r5, r3
100047c6:	2300      	movs	r3, #0
100047c8:	68e0      	ldr	r0, [r4, #12]
100047ca:	8163      	strh	r3, [r4, #10]
100047cc:	80a7      	strh	r7, [r4, #4]
100047ce:	80e5      	strh	r5, [r4, #6]
100047d0:	8123      	strh	r3, [r4, #8]
100047d2:	2800      	cmp	r0, #0
100047d4:	d001      	beq.n	100047da <tu_fifo_config+0x56>
100047d6:	f000 fa8b 	bl	10004cf0 <__mutex_exit_veneer>
100047da:	6920      	ldr	r0, [r4, #16]
100047dc:	2800      	cmp	r0, #0
100047de:	d001      	beq.n	100047e4 <tu_fifo_config+0x60>
100047e0:	f000 fa86 	bl	10004cf0 <__mutex_exit_veneer>
100047e4:	2001      	movs	r0, #1
100047e6:	bc80      	pop	{r7}
100047e8:	46b8      	mov	r8, r7
100047ea:	bdf0      	pop	{r4, r5, r6, r7, pc}
100047ec:	2000      	movs	r0, #0
100047ee:	e7fa      	b.n	100047e6 <tu_fifo_config+0x62>

100047f0 <tu_fifo_count>:
100047f0:	b510      	push	{r4, lr}
100047f2:	8904      	ldrh	r4, [r0, #8]
100047f4:	8941      	ldrh	r1, [r0, #10]
100047f6:	8882      	ldrh	r2, [r0, #4]
100047f8:	b2a3      	uxth	r3, r4
100047fa:	b288      	uxth	r0, r1
100047fc:	428c      	cmp	r4, r1
100047fe:	d307      	bcc.n	10004810 <tu_fifo_count+0x20>
10004800:	1a1b      	subs	r3, r3, r0
10004802:	b29b      	uxth	r3, r3
10004804:	1c10      	adds	r0, r2, #0
10004806:	429a      	cmp	r2, r3
10004808:	d900      	bls.n	1000480c <tu_fifo_count+0x1c>
1000480a:	1c18      	adds	r0, r3, #0
1000480c:	b280      	uxth	r0, r0
1000480e:	bd10      	pop	{r4, pc}
10004810:	0051      	lsls	r1, r2, #1
10004812:	1a09      	subs	r1, r1, r0
10004814:	185b      	adds	r3, r3, r1
10004816:	b29b      	uxth	r3, r3
10004818:	e7f4      	b.n	10004804 <tu_fifo_count+0x14>
1000481a:	46c0      	nop			@ (mov r8, r8)

1000481c <tu_fifo_empty>:
1000481c:	8903      	ldrh	r3, [r0, #8]
1000481e:	8940      	ldrh	r0, [r0, #10]
10004820:	1a18      	subs	r0, r3, r0
10004822:	4243      	negs	r3, r0
10004824:	4158      	adcs	r0, r3
10004826:	b2c0      	uxtb	r0, r0
10004828:	4770      	bx	lr
1000482a:	46c0      	nop			@ (mov r8, r8)

1000482c <tu_fifo_remaining>:
1000482c:	b510      	push	{r4, lr}
1000482e:	8904      	ldrh	r4, [r0, #8]
10004830:	8941      	ldrh	r1, [r0, #10]
10004832:	8882      	ldrh	r2, [r0, #4]
10004834:	b2a3      	uxth	r3, r4
10004836:	b288      	uxth	r0, r1
10004838:	428c      	cmp	r4, r1
1000483a:	d307      	bcc.n	1000484c <tu_fifo_remaining+0x20>
1000483c:	1a1b      	subs	r3, r3, r0
1000483e:	b29b      	uxth	r3, r3
10004840:	2000      	movs	r0, #0
10004842:	429a      	cmp	r2, r3
10004844:	d901      	bls.n	1000484a <tu_fifo_remaining+0x1e>
10004846:	1ad2      	subs	r2, r2, r3
10004848:	b290      	uxth	r0, r2
1000484a:	bd10      	pop	{r4, pc}
1000484c:	0051      	lsls	r1, r2, #1
1000484e:	1a09      	subs	r1, r1, r0
10004850:	185b      	adds	r3, r3, r1
10004852:	b29b      	uxth	r3, r3
10004854:	e7f4      	b.n	10004840 <tu_fifo_remaining+0x14>
10004856:	46c0      	nop			@ (mov r8, r8)

10004858 <tu_fifo_read>:
10004858:	b570      	push	{r4, r5, r6, lr}
1000485a:	0004      	movs	r4, r0
1000485c:	6900      	ldr	r0, [r0, #16]
1000485e:	000e      	movs	r6, r1
10004860:	2800      	cmp	r0, #0
10004862:	d003      	beq.n	1000486c <tu_fifo_read+0x14>
10004864:	2101      	movs	r1, #1
10004866:	4249      	negs	r1, r1
10004868:	f000 fa62 	bl	10004d30 <__mutex_enter_timeout_ms_veneer>
1000486c:	8925      	ldrh	r5, [r4, #8]
1000486e:	8960      	ldrh	r0, [r4, #10]
10004870:	88a2      	ldrh	r2, [r4, #4]
10004872:	b2a9      	uxth	r1, r5
10004874:	b283      	uxth	r3, r0
10004876:	4285      	cmp	r5, r0
10004878:	d332      	bcc.n	100048e0 <tu_fifo_read+0x88>
1000487a:	1acd      	subs	r5, r1, r3
1000487c:	b2ad      	uxth	r5, r5
1000487e:	2d00      	cmp	r5, #0
10004880:	d028      	beq.n	100048d4 <tu_fifo_read+0x7c>
10004882:	42aa      	cmp	r2, r5
10004884:	d208      	bcs.n	10004898 <tu_fifo_read+0x40>
10004886:	4291      	cmp	r1, r2
10004888:	d32f      	bcc.n	100048ea <tu_fifo_read+0x92>
1000488a:	1a89      	subs	r1, r1, r2
1000488c:	b28b      	uxth	r3, r1
1000488e:	8163      	strh	r3, [r4, #10]
10004890:	429a      	cmp	r2, r3
10004892:	d803      	bhi.n	1000489c <tu_fifo_read+0x44>
10004894:	1a9b      	subs	r3, r3, r2
10004896:	b29b      	uxth	r3, r3
10004898:	429a      	cmp	r2, r3
1000489a:	d9fb      	bls.n	10004894 <tu_fifo_read+0x3c>
1000489c:	88e2      	ldrh	r2, [r4, #6]
1000489e:	6821      	ldr	r1, [r4, #0]
100048a0:	0452      	lsls	r2, r2, #17
100048a2:	0c52      	lsrs	r2, r2, #17
100048a4:	4353      	muls	r3, r2
100048a6:	0030      	movs	r0, r6
100048a8:	18c9      	adds	r1, r1, r3
100048aa:	f7fd fb77 	bl	10001f9c <__wrap___aeabi_memcpy>
100048ae:	8963      	ldrh	r3, [r4, #10]
100048b0:	2501      	movs	r5, #1
100048b2:	1c59      	adds	r1, r3, #1
100048b4:	b289      	uxth	r1, r1
100048b6:	88a2      	ldrh	r2, [r4, #4]
100048b8:	428b      	cmp	r3, r1
100048ba:	d90d      	bls.n	100048d8 <tu_fifo_read+0x80>
100048bc:	2100      	movs	r1, #0
100048be:	0052      	lsls	r2, r2, #1
100048c0:	1a89      	subs	r1, r1, r2
100048c2:	b289      	uxth	r1, r1
100048c4:	6920      	ldr	r0, [r4, #16]
100048c6:	8161      	strh	r1, [r4, #10]
100048c8:	2800      	cmp	r0, #0
100048ca:	d001      	beq.n	100048d0 <tu_fifo_read+0x78>
100048cc:	f000 fa10 	bl	10004cf0 <__mutex_exit_veneer>
100048d0:	0028      	movs	r0, r5
100048d2:	bd70      	pop	{r4, r5, r6, pc}
100048d4:	8961      	ldrh	r1, [r4, #10]
100048d6:	b289      	uxth	r1, r1
100048d8:	0052      	lsls	r2, r2, #1
100048da:	4291      	cmp	r1, r2
100048dc:	dbf2      	blt.n	100048c4 <tu_fifo_read+0x6c>
100048de:	e7ef      	b.n	100048c0 <tu_fifo_read+0x68>
100048e0:	0055      	lsls	r5, r2, #1
100048e2:	1aed      	subs	r5, r5, r3
100048e4:	194d      	adds	r5, r1, r5
100048e6:	b2ad      	uxth	r5, r5
100048e8:	e7c9      	b.n	1000487e <tu_fifo_read+0x26>
100048ea:	1889      	adds	r1, r1, r2
100048ec:	b28b      	uxth	r3, r1
100048ee:	8163      	strh	r3, [r4, #10]
100048f0:	e7ce      	b.n	10004890 <tu_fifo_read+0x38>
100048f2:	46c0      	nop			@ (mov r8, r8)

100048f4 <tu_fifo_read_n>:
100048f4:	b5f0      	push	{r4, r5, r6, r7, lr}
100048f6:	4646      	mov	r6, r8
100048f8:	464f      	mov	r7, r9
100048fa:	46d6      	mov	lr, sl
100048fc:	b5c0      	push	{r6, r7, lr}
100048fe:	0006      	movs	r6, r0
10004900:	6900      	ldr	r0, [r0, #16]
10004902:	4689      	mov	r9, r1
10004904:	4690      	mov	r8, r2
10004906:	2800      	cmp	r0, #0
10004908:	d003      	beq.n	10004912 <tu_fifo_read_n+0x1e>
1000490a:	2101      	movs	r1, #1
1000490c:	4249      	negs	r1, r1
1000490e:	f000 fa0f 	bl	10004d30 <__mutex_enter_timeout_ms_veneer>
10004912:	8931      	ldrh	r1, [r6, #8]
10004914:	8972      	ldrh	r2, [r6, #10]
10004916:	88b5      	ldrh	r5, [r6, #4]
10004918:	b28b      	uxth	r3, r1
1000491a:	b294      	uxth	r4, r2
1000491c:	4291      	cmp	r1, r2
1000491e:	d354      	bcc.n	100049ca <tu_fifo_read_n+0xd6>
10004920:	1b1f      	subs	r7, r3, r4
10004922:	b2bf      	uxth	r7, r7
10004924:	2f00      	cmp	r7, #0
10004926:	d04a      	beq.n	100049be <tu_fifo_read_n+0xca>
10004928:	42bd      	cmp	r5, r7
1000492a:	d205      	bcs.n	10004938 <tu_fifo_read_n+0x44>
1000492c:	42ab      	cmp	r3, r5
1000492e:	d251      	bcs.n	100049d4 <tu_fifo_read_n+0xe0>
10004930:	195b      	adds	r3, r3, r5
10004932:	b29c      	uxth	r4, r3
10004934:	002f      	movs	r7, r5
10004936:	8174      	strh	r4, [r6, #10]
10004938:	4643      	mov	r3, r8
1000493a:	45b8      	cmp	r8, r7
1000493c:	d83d      	bhi.n	100049ba <tu_fifo_read_n+0xc6>
1000493e:	b29f      	uxth	r7, r3
10004940:	42a5      	cmp	r5, r4
10004942:	d803      	bhi.n	1000494c <tu_fifo_read_n+0x58>
10004944:	1b64      	subs	r4, r4, r5
10004946:	b2a4      	uxth	r4, r4
10004948:	42a5      	cmp	r5, r4
1000494a:	d9fb      	bls.n	10004944 <tu_fifo_read_n+0x50>
1000494c:	88f2      	ldrh	r2, [r6, #6]
1000494e:	6831      	ldr	r1, [r6, #0]
10004950:	0452      	lsls	r2, r2, #17
10004952:	0c52      	lsrs	r2, r2, #17
10004954:	4690      	mov	r8, r2
10004956:	4362      	muls	r2, r4
10004958:	1b2b      	subs	r3, r5, r4
1000495a:	b29b      	uxth	r3, r3
1000495c:	1889      	adds	r1, r1, r2
1000495e:	4642      	mov	r2, r8
10004960:	429f      	cmp	r7, r3
10004962:	d925      	bls.n	100049b0 <tu_fifo_read_n+0xbc>
10004964:	4353      	muls	r3, r2
10004966:	b29b      	uxth	r3, r3
10004968:	001a      	movs	r2, r3
1000496a:	4648      	mov	r0, r9
1000496c:	469a      	mov	sl, r3
1000496e:	f7fd fb15 	bl	10001f9c <__wrap___aeabi_memcpy>
10004972:	4643      	mov	r3, r8
10004974:	4648      	mov	r0, r9
10004976:	1b7d      	subs	r5, r7, r5
10004978:	1964      	adds	r4, r4, r5
1000497a:	435c      	muls	r4, r3
1000497c:	6831      	ldr	r1, [r6, #0]
1000497e:	4450      	add	r0, sl
10004980:	b2a2      	uxth	r2, r4
10004982:	f7fd fb0b 	bl	10001f9c <__wrap___aeabi_memcpy>
10004986:	8971      	ldrh	r1, [r6, #10]
10004988:	88b5      	ldrh	r5, [r6, #4]
1000498a:	19cb      	adds	r3, r1, r7
1000498c:	b29b      	uxth	r3, r3
1000498e:	006a      	lsls	r2, r5, #1
10004990:	4299      	cmp	r1, r3
10004992:	d916      	bls.n	100049c2 <tu_fifo_read_n+0xce>
10004994:	1a9b      	subs	r3, r3, r2
10004996:	b29b      	uxth	r3, r3
10004998:	6930      	ldr	r0, [r6, #16]
1000499a:	8173      	strh	r3, [r6, #10]
1000499c:	2800      	cmp	r0, #0
1000499e:	d001      	beq.n	100049a4 <tu_fifo_read_n+0xb0>
100049a0:	f000 f9a6 	bl	10004cf0 <__mutex_exit_veneer>
100049a4:	0038      	movs	r0, r7
100049a6:	bce0      	pop	{r5, r6, r7}
100049a8:	46ba      	mov	sl, r7
100049aa:	46b1      	mov	r9, r6
100049ac:	46a8      	mov	r8, r5
100049ae:	bdf0      	pop	{r4, r5, r6, r7, pc}
100049b0:	4648      	mov	r0, r9
100049b2:	437a      	muls	r2, r7
100049b4:	f7fd faf2 	bl	10001f9c <__wrap___aeabi_memcpy>
100049b8:	e7e5      	b.n	10004986 <tu_fifo_read_n+0x92>
100049ba:	1c3b      	adds	r3, r7, #0
100049bc:	e7bf      	b.n	1000493e <tu_fifo_read_n+0x4a>
100049be:	8973      	ldrh	r3, [r6, #10]
100049c0:	b29b      	uxth	r3, r3
100049c2:	006a      	lsls	r2, r5, #1
100049c4:	4293      	cmp	r3, r2
100049c6:	dbe7      	blt.n	10004998 <tu_fifo_read_n+0xa4>
100049c8:	e7e4      	b.n	10004994 <tu_fifo_read_n+0xa0>
100049ca:	006f      	lsls	r7, r5, #1
100049cc:	1b3f      	subs	r7, r7, r4
100049ce:	19df      	adds	r7, r3, r7
100049d0:	b2bf      	uxth	r7, r7
100049d2:	e7a7      	b.n	10004924 <tu_fifo_read_n+0x30>
100049d4:	1b5b      	subs	r3, r3, r5
100049d6:	b29c      	uxth	r4, r3
100049d8:	e7ac      	b.n	10004934 <tu_fifo_read_n+0x40>
100049da:	46c0      	nop			@ (mov r8, r8)

100049dc <tu_fifo_write>:
100049dc:	b5f8      	push	{r3, r4, r5, r6, r7, lr}
100049de:	0004      	movs	r4, r0
100049e0:	68c0      	ldr	r0, [r0, #12]
100049e2:	000e      	movs	r6, r1
100049e4:	2800      	cmp	r0, #0
100049e6:	d003      	beq.n	100049f0 <tu_fifo_write+0x14>
100049e8:	2101      	movs	r1, #1
100049ea:	4249      	negs	r1, r1
100049ec:	f000 f9a0 	bl	10004d30 <__mutex_enter_timeout_ms_veneer>
100049f0:	8925      	ldrh	r5, [r4, #8]
100049f2:	8920      	ldrh	r0, [r4, #8]
100049f4:	8961      	ldrh	r1, [r4, #10]
100049f6:	88a2      	ldrh	r2, [r4, #4]
100049f8:	b2ad      	uxth	r5, r5
100049fa:	b283      	uxth	r3, r0
100049fc:	b28f      	uxth	r7, r1
100049fe:	4288      	cmp	r0, r1
10004a00:	d329      	bcc.n	10004a56 <tu_fifo_write+0x7a>
10004a02:	1bdb      	subs	r3, r3, r7
10004a04:	b29b      	uxth	r3, r3
10004a06:	429a      	cmp	r2, r3
10004a08:	d809      	bhi.n	10004a1e <tu_fifo_write+0x42>
10004a0a:	79e7      	ldrb	r7, [r4, #7]
10004a0c:	09ff      	lsrs	r7, r7, #7
10004a0e:	d106      	bne.n	10004a1e <tu_fifo_write+0x42>
10004a10:	68e0      	ldr	r0, [r4, #12]
10004a12:	2800      	cmp	r0, #0
10004a14:	d001      	beq.n	10004a1a <tu_fifo_write+0x3e>
10004a16:	f000 f96b 	bl	10004cf0 <__mutex_exit_veneer>
10004a1a:	0038      	movs	r0, r7
10004a1c:	bdf8      	pop	{r3, r4, r5, r6, r7, pc}
10004a1e:	002b      	movs	r3, r5
10004a20:	4295      	cmp	r5, r2
10004a22:	d31d      	bcc.n	10004a60 <tu_fifo_write+0x84>
10004a24:	1a9b      	subs	r3, r3, r2
10004a26:	b29b      	uxth	r3, r3
10004a28:	4293      	cmp	r3, r2
10004a2a:	d2fb      	bcs.n	10004a24 <tu_fifo_write+0x48>
10004a2c:	88e2      	ldrh	r2, [r4, #6]
10004a2e:	6820      	ldr	r0, [r4, #0]
10004a30:	0452      	lsls	r2, r2, #17
10004a32:	0c52      	lsrs	r2, r2, #17
10004a34:	4353      	muls	r3, r2
10004a36:	0031      	movs	r1, r6
10004a38:	18c0      	adds	r0, r0, r3
10004a3a:	f7fd faaf 	bl	10001f9c <__wrap___aeabi_memcpy>
10004a3e:	1c6b      	adds	r3, r5, #1
10004a40:	b29b      	uxth	r3, r3
10004a42:	88a2      	ldrh	r2, [r4, #4]
10004a44:	429d      	cmp	r5, r3
10004a46:	d917      	bls.n	10004a78 <tu_fifo_write+0x9c>
10004a48:	2300      	movs	r3, #0
10004a4a:	0052      	lsls	r2, r2, #1
10004a4c:	1a9b      	subs	r3, r3, r2
10004a4e:	b29b      	uxth	r3, r3
10004a50:	2701      	movs	r7, #1
10004a52:	8123      	strh	r3, [r4, #8]
10004a54:	e7dc      	b.n	10004a10 <tu_fifo_write+0x34>
10004a56:	0051      	lsls	r1, r2, #1
10004a58:	1bc9      	subs	r1, r1, r7
10004a5a:	185b      	adds	r3, r3, r1
10004a5c:	b29b      	uxth	r3, r3
10004a5e:	e7d2      	b.n	10004a06 <tu_fifo_write+0x2a>
10004a60:	88e2      	ldrh	r2, [r4, #6]
10004a62:	6820      	ldr	r0, [r4, #0]
10004a64:	0452      	lsls	r2, r2, #17
10004a66:	0c52      	lsrs	r2, r2, #17
10004a68:	4353      	muls	r3, r2
10004a6a:	0031      	movs	r1, r6
10004a6c:	18c0      	adds	r0, r0, r3
10004a6e:	f7fd fa95 	bl	10001f9c <__wrap___aeabi_memcpy>
10004a72:	3501      	adds	r5, #1
10004a74:	88a2      	ldrh	r2, [r4, #4]
10004a76:	b2ab      	uxth	r3, r5
10004a78:	0052      	lsls	r2, r2, #1
10004a7a:	4293      	cmp	r3, r2
10004a7c:	dbe8      	blt.n	10004a50 <tu_fifo_write+0x74>
10004a7e:	e7e5      	b.n	10004a4c <tu_fifo_write+0x70>

10004a80 <tu_fifo_write_n>:
10004a80:	b5f0      	push	{r4, r5, r6, r7, lr}
10004a82:	464e      	mov	r6, r9
10004a84:	4657      	mov	r7, sl
10004a86:	46de      	mov	lr, fp
10004a88:	4645      	mov	r5, r8
10004a8a:	b5e0      	push	{r5, r6, r7, lr}
10004a8c:	4689      	mov	r9, r1
10004a8e:	0006      	movs	r6, r0
10004a90:	0017      	movs	r7, r2
10004a92:	b083      	sub	sp, #12
10004a94:	2a00      	cmp	r2, #0
10004a96:	d067      	beq.n	10004b68 <tu_fifo_write_n+0xe8>
10004a98:	68c0      	ldr	r0, [r0, #12]
10004a9a:	2800      	cmp	r0, #0
10004a9c:	d003      	beq.n	10004aa6 <tu_fifo_write_n+0x26>
10004a9e:	2101      	movs	r1, #1
10004aa0:	4249      	negs	r1, r1
10004aa2:	f000 f945 	bl	10004d30 <__mutex_enter_timeout_ms_veneer>
10004aa6:	8933      	ldrh	r3, [r6, #8]
10004aa8:	79f2      	ldrb	r2, [r6, #7]
10004aaa:	b29b      	uxth	r3, r3
10004aac:	4698      	mov	r8, r3
10004aae:	8973      	ldrh	r3, [r6, #10]
10004ab0:	88b5      	ldrh	r5, [r6, #4]
10004ab2:	b29b      	uxth	r3, r3
10004ab4:	09d2      	lsrs	r2, r2, #7
10004ab6:	d140      	bne.n	10004b3a <tu_fifo_write_n+0xba>
10004ab8:	4598      	cmp	r8, r3
10004aba:	d25e      	bcs.n	10004b7a <tu_fifo_write_n+0xfa>
10004abc:	006a      	lsls	r2, r5, #1
10004abe:	1ad3      	subs	r3, r2, r3
10004ac0:	4443      	add	r3, r8
10004ac2:	b29b      	uxth	r3, r3
10004ac4:	42ab      	cmp	r3, r5
10004ac6:	d25d      	bcs.n	10004b84 <tu_fifo_write_n+0x104>
10004ac8:	1aeb      	subs	r3, r5, r3
10004aca:	1c1a      	adds	r2, r3, #0
10004acc:	b29b      	uxth	r3, r3
10004ace:	42bb      	cmp	r3, r7
10004ad0:	d900      	bls.n	10004ad4 <tu_fifo_write_n+0x54>
10004ad2:	1c3a      	adds	r2, r7, #0
10004ad4:	b297      	uxth	r7, r2
10004ad6:	1b7b      	subs	r3, r7, r5
10004ad8:	b29b      	uxth	r3, r3
10004ada:	9301      	str	r3, [sp, #4]
10004adc:	88f3      	ldrh	r3, [r6, #6]
10004ade:	045b      	lsls	r3, r3, #17
10004ae0:	0c5b      	lsrs	r3, r3, #17
10004ae2:	469a      	mov	sl, r3
10004ae4:	4643      	mov	r3, r8
10004ae6:	19db      	adds	r3, r3, r7
10004ae8:	b29b      	uxth	r3, r3
10004aea:	469b      	mov	fp, r3
10004aec:	4644      	mov	r4, r8
10004aee:	45a8      	cmp	r8, r5
10004af0:	d303      	bcc.n	10004afa <tu_fifo_write_n+0x7a>
10004af2:	1b64      	subs	r4, r4, r5
10004af4:	b2a4      	uxth	r4, r4
10004af6:	42ac      	cmp	r4, r5
10004af8:	d2fb      	bcs.n	10004af2 <tu_fifo_write_n+0x72>
10004afa:	4653      	mov	r3, sl
10004afc:	4363      	muls	r3, r4
10004afe:	6830      	ldr	r0, [r6, #0]
10004b00:	1b2d      	subs	r5, r5, r4
10004b02:	b2ad      	uxth	r5, r5
10004b04:	18c0      	adds	r0, r0, r3
10004b06:	42bd      	cmp	r5, r7
10004b08:	d34b      	bcc.n	10004ba2 <tu_fifo_write_n+0x122>
10004b0a:	4652      	mov	r2, sl
10004b0c:	4649      	mov	r1, r9
10004b0e:	437a      	muls	r2, r7
10004b10:	f7fd fa44 	bl	10001f9c <__wrap___aeabi_memcpy>
10004b14:	88b3      	ldrh	r3, [r6, #4]
10004b16:	005b      	lsls	r3, r3, #1
10004b18:	45d8      	cmp	r8, fp
10004b1a:	d801      	bhi.n	10004b20 <tu_fifo_write_n+0xa0>
10004b1c:	459b      	cmp	fp, r3
10004b1e:	db03      	blt.n	10004b28 <tu_fifo_write_n+0xa8>
10004b20:	465a      	mov	r2, fp
10004b22:	1ad3      	subs	r3, r2, r3
10004b24:	b29b      	uxth	r3, r3
10004b26:	469b      	mov	fp, r3
10004b28:	465b      	mov	r3, fp
10004b2a:	003d      	movs	r5, r7
10004b2c:	8133      	strh	r3, [r6, #8]
10004b2e:	68f0      	ldr	r0, [r6, #12]
10004b30:	2800      	cmp	r0, #0
10004b32:	d01a      	beq.n	10004b6a <tu_fifo_write_n+0xea>
10004b34:	f000 f8dc 	bl	10004cf0 <__mutex_exit_veneer>
10004b38:	e017      	b.n	10004b6a <tu_fifo_write_n+0xea>
10004b3a:	88f2      	ldrh	r2, [r6, #6]
10004b3c:	0452      	lsls	r2, r2, #17
10004b3e:	0c52      	lsrs	r2, r2, #17
10004b40:	4692      	mov	sl, r2
10004b42:	42af      	cmp	r7, r5
10004b44:	d220      	bcs.n	10004b88 <tu_fifo_write_n+0x108>
10004b46:	4598      	cmp	r8, r3
10004b48:	d34d      	bcc.n	10004be6 <tu_fifo_write_n+0x166>
10004b4a:	4642      	mov	r2, r8
10004b4c:	1ad2      	subs	r2, r2, r3
10004b4e:	b292      	uxth	r2, r2
10004b50:	0069      	lsls	r1, r5, #1
10004b52:	1b78      	subs	r0, r7, r5
10004b54:	b280      	uxth	r0, r0
10004b56:	19d2      	adds	r2, r2, r7
10004b58:	9001      	str	r0, [sp, #4]
10004b5a:	428a      	cmp	r2, r1
10004b5c:	da33      	bge.n	10004bc6 <tu_fifo_write_n+0x146>
10004b5e:	4643      	mov	r3, r8
10004b60:	18fb      	adds	r3, r7, r3
10004b62:	b29b      	uxth	r3, r3
10004b64:	469b      	mov	fp, r3
10004b66:	e7c1      	b.n	10004aec <tu_fifo_write_n+0x6c>
10004b68:	2500      	movs	r5, #0
10004b6a:	0028      	movs	r0, r5
10004b6c:	b003      	add	sp, #12
10004b6e:	bcf0      	pop	{r4, r5, r6, r7}
10004b70:	46bb      	mov	fp, r7
10004b72:	46b2      	mov	sl, r6
10004b74:	46a9      	mov	r9, r5
10004b76:	46a0      	mov	r8, r4
10004b78:	bdf0      	pop	{r4, r5, r6, r7, pc}
10004b7a:	4642      	mov	r2, r8
10004b7c:	1ad3      	subs	r3, r2, r3
10004b7e:	b29b      	uxth	r3, r3
10004b80:	42ab      	cmp	r3, r5
10004b82:	d3a1      	bcc.n	10004ac8 <tu_fifo_write_n+0x48>
10004b84:	2500      	movs	r5, #0
10004b86:	e7d2      	b.n	10004b2e <tu_fifo_write_n+0xae>
10004b88:	2d00      	cmp	r5, #0
10004b8a:	d0d0      	beq.n	10004b2e <tu_fifo_write_n+0xae>
10004b8c:	1b7f      	subs	r7, r7, r5
10004b8e:	4357      	muls	r7, r2
10004b90:	4698      	mov	r8, r3
10004b92:	195a      	adds	r2, r3, r5
10004b94:	2300      	movs	r3, #0
10004b96:	b292      	uxth	r2, r2
10004b98:	44b9      	add	r9, r7
10004b9a:	4693      	mov	fp, r2
10004b9c:	002f      	movs	r7, r5
10004b9e:	9301      	str	r3, [sp, #4]
10004ba0:	e7a4      	b.n	10004aec <tu_fifo_write_n+0x6c>
10004ba2:	4653      	mov	r3, sl
10004ba4:	435d      	muls	r5, r3
10004ba6:	b2ad      	uxth	r5, r5
10004ba8:	002a      	movs	r2, r5
10004baa:	4649      	mov	r1, r9
10004bac:	f7fd f9f6 	bl	10001f9c <__wrap___aeabi_memcpy>
10004bb0:	9b01      	ldr	r3, [sp, #4]
10004bb2:	0029      	movs	r1, r5
10004bb4:	18e2      	adds	r2, r4, r3
10004bb6:	4653      	mov	r3, sl
10004bb8:	435a      	muls	r2, r3
10004bba:	6830      	ldr	r0, [r6, #0]
10004bbc:	b292      	uxth	r2, r2
10004bbe:	4449      	add	r1, r9
10004bc0:	f7fd f9ec 	bl	10001f9c <__wrap___aeabi_memcpy>
10004bc4:	e7a6      	b.n	10004b14 <tu_fifo_write_n+0x94>
10004bc6:	195a      	adds	r2, r3, r5
10004bc8:	b292      	uxth	r2, r2
10004bca:	4693      	mov	fp, r2
10004bcc:	1bd2      	subs	r2, r2, r7
10004bce:	b292      	uxth	r2, r2
10004bd0:	4690      	mov	r8, r2
10004bd2:	4293      	cmp	r3, r2
10004bd4:	d90c      	bls.n	10004bf0 <tu_fifo_write_n+0x170>
10004bd6:	4643      	mov	r3, r8
10004bd8:	1a59      	subs	r1, r3, r1
10004bda:	b28b      	uxth	r3, r1
10004bdc:	4698      	mov	r8, r3
10004bde:	18fb      	adds	r3, r7, r3
10004be0:	b29b      	uxth	r3, r3
10004be2:	469b      	mov	fp, r3
10004be4:	e782      	b.n	10004aec <tu_fifo_write_n+0x6c>
10004be6:	0069      	lsls	r1, r5, #1
10004be8:	1aca      	subs	r2, r1, r3
10004bea:	4442      	add	r2, r8
10004bec:	b292      	uxth	r2, r2
10004bee:	e7b0      	b.n	10004b52 <tu_fifo_write_n+0xd2>
10004bf0:	4291      	cmp	r1, r2
10004bf2:	dd00      	ble.n	10004bf6 <tu_fifo_write_n+0x176>
10004bf4:	e77a      	b.n	10004aec <tu_fifo_write_n+0x6c>
10004bf6:	e7ee      	b.n	10004bd6 <tu_fifo_write_n+0x156>

10004bf8 <tu_fifo_clear>:
10004bf8:	b510      	push	{r4, lr}
10004bfa:	0004      	movs	r4, r0
10004bfc:	68c0      	ldr	r0, [r0, #12]
10004bfe:	2800      	cmp	r0, #0
10004c00:	d003      	beq.n	10004c0a <tu_fifo_clear+0x12>
10004c02:	2101      	movs	r1, #1
10004c04:	4249      	negs	r1, r1
10004c06:	f000 f893 	bl	10004d30 <__mutex_enter_timeout_ms_veneer>
10004c0a:	6920      	ldr	r0, [r4, #16]
10004c0c:	2800      	cmp	r0, #0
10004c0e:	d003      	beq.n	10004c18 <tu_fifo_clear+0x20>
10004c10:	2101      	movs	r1, #1
10004c12:	4249      	negs	r1, r1
10004c14:	f000 f88c 	bl	10004d30 <__mutex_enter_timeout_ms_veneer>
10004c18:	2300      	movs	r3, #0
10004c1a:	68e0      	ldr	r0, [r4, #12]
10004c1c:	8163      	strh	r3, [r4, #10]
10004c1e:	8123      	strh	r3, [r4, #8]
10004c20:	2800      	cmp	r0, #0
10004c22:	d001      	beq.n	10004c28 <tu_fifo_clear+0x30>
10004c24:	f000 f864 	bl	10004cf0 <__mutex_exit_veneer>
10004c28:	6920      	ldr	r0, [r4, #16]
10004c2a:	2800      	cmp	r0, #0
10004c2c:	d001      	beq.n	10004c32 <tu_fifo_clear+0x3a>
10004c2e:	f000 f85f 	bl	10004cf0 <__mutex_exit_veneer>
10004c32:	2001      	movs	r0, #1
10004c34:	bd10      	pop	{r4, pc}
10004c36:	46c0      	nop			@ (mov r8, r8)

10004c38 <tu_fifo_set_overwritable>:
10004c38:	b570      	push	{r4, r5, r6, lr}
10004c3a:	0004      	movs	r4, r0
10004c3c:	68c0      	ldr	r0, [r0, #12]
10004c3e:	000d      	movs	r5, r1
10004c40:	2800      	cmp	r0, #0
10004c42:	d003      	beq.n	10004c4c <tu_fifo_set_overwritable+0x14>
10004c44:	2101      	movs	r1, #1
10004c46:	4249      	negs	r1, r1
10004c48:	f000 f872 	bl	10004d30 <__mutex_enter_timeout_ms_veneer>
10004c4c:	6920      	ldr	r0, [r4, #16]
10004c4e:	2800      	cmp	r0, #0
10004c50:	d003      	beq.n	10004c5a <tu_fifo_set_overwritable+0x22>
10004c52:	2101      	movs	r1, #1
10004c54:	4249      	negs	r1, r1
10004c56:	f000 f86b 	bl	10004d30 <__mutex_enter_timeout_ms_veneer>
10004c5a:	217f      	movs	r1, #127	@ 0x7f
10004c5c:	79e3      	ldrb	r3, [r4, #7]
10004c5e:	01ed      	lsls	r5, r5, #7
10004c60:	4019      	ands	r1, r3
10004c62:	68e0      	ldr	r0, [r4, #12]
10004c64:	4329      	orrs	r1, r5
10004c66:	71e1      	strb	r1, [r4, #7]
10004c68:	2800      	cmp	r0, #0
10004c6a:	d001      	beq.n	10004c70 <tu_fifo_set_overwritable+0x38>
10004c6c:	f000 f840 	bl	10004cf0 <__mutex_exit_veneer>
10004c70:	6920      	ldr	r0, [r4, #16]
10004c72:	2800      	cmp	r0, #0
10004c74:	d001      	beq.n	10004c7a <tu_fifo_set_overwritable+0x42>
10004c76:	f000 f83b 	bl	10004cf0 <__mutex_exit_veneer>
10004c7a:	2001      	movs	r0, #1
10004c7c:	bd70      	pop	{r4, r5, r6, pc}
10004c7e:	46c0      	nop			@ (mov r8, r8)

10004c80 <strlen>:
10004c80:	b510      	push	{r4, lr}
10004c82:	0783      	lsls	r3, r0, #30
10004c84:	d00a      	beq.n	10004c9c <strlen+0x1c>
10004c86:	0003      	movs	r3, r0
10004c88:	2103      	movs	r1, #3
10004c8a:	e002      	b.n	10004c92 <strlen+0x12>
10004c8c:	3301      	adds	r3, #1
10004c8e:	420b      	tst	r3, r1
10004c90:	d005      	beq.n	10004c9e <strlen+0x1e>
10004c92:	781a      	ldrb	r2, [r3, #0]
10004c94:	2a00      	cmp	r2, #0
10004c96:	d1f9      	bne.n	10004c8c <strlen+0xc>
10004c98:	1a18      	subs	r0, r3, r0
10004c9a:	bd10      	pop	{r4, pc}
10004c9c:	0003      	movs	r3, r0
10004c9e:	6819      	ldr	r1, [r3, #0]
10004ca0:	4a0c      	ldr	r2, [pc, #48]	@ (10004cd4 <strlen+0x54>)
10004ca2:	4c0d      	ldr	r4, [pc, #52]	@ (10004cd8 <strlen+0x58>)
10004ca4:	188a      	adds	r2, r1, r2
10004ca6:	438a      	bics	r2, r1
10004ca8:	4222      	tst	r2, r4
10004caa:	d10f      	bne.n	10004ccc <strlen+0x4c>
10004cac:	6859      	ldr	r1, [r3, #4]
10004cae:	4a09      	ldr	r2, [pc, #36]	@ (10004cd4 <strlen+0x54>)
10004cb0:	3304      	adds	r3, #4
10004cb2:	188a      	adds	r2, r1, r2
10004cb4:	438a      	bics	r2, r1
10004cb6:	4222      	tst	r2, r4
10004cb8:	d108      	bne.n	10004ccc <strlen+0x4c>
10004cba:	6859      	ldr	r1, [r3, #4]
10004cbc:	4a05      	ldr	r2, [pc, #20]	@ (10004cd4 <strlen+0x54>)
10004cbe:	3304      	adds	r3, #4
10004cc0:	188a      	adds	r2, r1, r2
10004cc2:	438a      	bics	r2, r1
10004cc4:	4222      	tst	r2, r4
10004cc6:	d0f1      	beq.n	10004cac <strlen+0x2c>
10004cc8:	e000      	b.n	10004ccc <strlen+0x4c>
10004cca:	3301      	adds	r3, #1
10004ccc:	781a      	ldrb	r2, [r3, #0]
10004cce:	2a00      	cmp	r2, #0
10004cd0:	d1fb      	bne.n	10004cca <strlen+0x4a>
10004cd2:	e7e1      	b.n	10004c98 <strlen+0x18>
10004cd4:	fefefeff 	.word	0xfefefeff
10004cd8:	80808080 	.word	0x80808080

10004cdc <_fini>:
10004cdc:	b5f8      	push	{r3, r4, r5, r6, r7, lr}
10004cde:	46c0      	nop			@ (mov r8, r8)

10004ce0 <__flash_do_cmd_veneer>:
10004ce0:	b401      	push	{r0}
10004ce2:	4802      	ldr	r0, [pc, #8]	@ (10004cec <__flash_do_cmd_veneer+0xc>)
10004ce4:	4684      	mov	ip, r0
10004ce6:	bc01      	pop	{r0}
10004ce8:	4760      	bx	ip
10004cea:	bf00      	nop
10004cec:	200002c1 	.word	0x200002c1

10004cf0 <__mutex_exit_veneer>:
10004cf0:	b401      	push	{r0}
10004cf2:	4802      	ldr	r0, [pc, #8]	@ (10004cfc <__mutex_exit_veneer+0xc>)
10004cf4:	4684      	mov	ip, r0
10004cf6:	bc01      	pop	{r0}
10004cf8:	4760      	bx	ip
10004cfa:	bf00      	nop
10004cfc:	20000225 	.word	0x20000225

10004d00 <__reset_non_control_endpoints_veneer>:
10004d00:	b401      	push	{r0}
10004d02:	4802      	ldr	r0, [pc, #8]	@ (10004d0c <__reset_non_control_endpoints_veneer+0xc>)
10004d04:	4684      	mov	ip, r0
10004d06:	bc01      	pop	{r0}
10004d08:	4760      	bx	ip
10004d0a:	bf00      	nop
10004d0c:	200003f1 	.word	0x200003f1

10004d10 <____aeabi_idiv0_veneer>:
10004d10:	b401      	push	{r0}
10004d12:	4802      	ldr	r0, [pc, #8]	@ (10004d1c <____aeabi_idiv0_veneer+0xc>)
10004d14:	4684      	mov	ip, r0
10004d16:	bc01      	pop	{r0}
10004d18:	4760      	bx	ip
10004d1a:	bf00      	nop
10004d1c:	20000f11 	.word	0x20000f11

10004d20 <__mutex_try_enter_veneer>:
10004d20:	b401      	push	{r0}
10004d22:	4802      	ldr	r0, [pc, #8]	@ (10004d2c <__mutex_try_enter_veneer+0xc>)
10004d24:	4684      	mov	ip, r0
10004d26:	bc01      	pop	{r0}
10004d28:	4760      	bx	ip
10004d2a:	bf00      	nop
10004d2c:	200000c1 	.word	0x200000c1

10004d30 <__mutex_enter_timeout_ms_veneer>:
10004d30:	b401      	push	{r0}
10004d32:	4802      	ldr	r0, [pc, #8]	@ (10004d3c <__mutex_enter_timeout_ms_veneer+0xc>)
10004d34:	4684      	mov	ip, r0
10004d36:	bc01      	pop	{r0}
10004d38:	4760      	bx	ip
10004d3a:	bf00      	nop
10004d3c:	20000199 	.word	0x20000199

10004d40 <__mutex_try_enter_block_until_veneer>:
10004d40:	b401      	push	{r0}
10004d42:	4802      	ldr	r0, [pc, #8]	@ (10004d4c <__mutex_try_enter_block_until_veneer+0xc>)
10004d44:	4684      	mov	ip, r0
10004d46:	bc01      	pop	{r0}
10004d48:	4760      	bx	ip
10004d4a:	bf00      	nop
10004d4c:	20000101 	.word	0x20000101

10004d50 <__hw_endpoint_start_next_buffer_veneer>:
10004d50:	b401      	push	{r0}
10004d52:	4802      	ldr	r0, [pc, #8]	@ (10004d5c <__hw_endpoint_start_next_buffer_veneer+0xc>)
10004d54:	4684      	mov	ip, r0
10004d56:	bc01      	pop	{r0}
10004d58:	4760      	bx	ip
10004d5a:	bf00      	nop
10004d5c:	20000c85 	.word	0x20000c85

10004d60 <__e15_is_bulkin_ep_veneer>:
10004d60:	b401      	push	{r0}
10004d62:	4802      	ldr	r0, [pc, #8]	@ (10004d6c <__e15_is_bulkin_ep_veneer+0xc>)
10004d64:	4684      	mov	ip, r0
10004d66:	bc01      	pop	{r0}
10004d68:	4760      	bx	ip
10004d6a:	bf00      	nop
10004d6c:	20000bcd 	.word	0x20000bcd

10004d70 <___hw_endpoint_buffer_control_update32_veneer>:
10004d70:	b401      	push	{r0}
10004d72:	4802      	ldr	r0, [pc, #8]	@ (10004d7c <___hw_endpoint_buffer_control_update32_veneer+0xc>)
10004d74:	4684      	mov	ip, r0
10004d76:	bc01      	pop	{r0}
10004d78:	4760      	bx	ip
10004d7a:	bf00      	nop
10004d7c:	20000c35 	.word	0x20000c35

10004d80 <__e15_is_critical_frame_period_veneer>:
10004d80:	b401      	push	{r0}
10004d82:	4802      	ldr	r0, [pc, #8]	@ (10004d8c <__e15_is_critical_frame_period_veneer+0xc>)
10004d84:	4684      	mov	ip, r0
10004d86:	bc01      	pop	{r0}
10004d88:	4760      	bx	ip
10004d8a:	bf00      	nop
10004d8c:	20000bf5 	.word	0x20000bf5

10004d90 <__pre_init_runtime_init_early_resets>:
10004d90:	10001c19                                ....

10004d94 <__pre_init_runtime_init_usb_power_down>:
10004d94:	10001c45 10001d91 10001f81 10001ded     E...............
10004da4:	10001ef1                                ....

10004da8 <__pre_init_runtime_init_clocks>:
10004da8:	10001cb9                                ....

10004dac <__pre_init_runtime_init_post_clock_resets>:
10004dac:	10001c61                                a...

10004db0 <__pre_init_runtime_init_rp2040_gpio_ie_disable>:
10004db0:	10001c81                                ....

10004db4 <__pre_init_runtime_init_spin_locks_reset>:
10004db4:	10001c95                                ....

10004db8 <__pre_init_runtime_init_mutex>:
10004db8:	10000e85                                ....

10004dbc <__pre_init_runtime_init_install_ram_vector_table>:
10004dbc:	10001c9d                                ....

10004dc0 <__pre_init_runtime_init_default_alarm_pool>:
10004dc0:	10001251                                Q...

10004dc4 <__pre_init_first_per_core_initializer>:
10004dc4:	10001be1                                ....

10004dc8 <__pre_init_runtime_init_per_core_irq_priorities>:
10004dc8:	100008e5                                ....

10004dcc <__frame_dummy_init_array_entry>:
10004dcc:	100002b1 100003f5 10000741 10002a75     ........A...u*..

Disassembly of section .data:

200000c0 <mutex_try_enter>:
200000c0:	0003      	movs	r3, r0
200000c2:	6800      	ldr	r0, [r0, #0]
200000c4:	f3ef 8c10 	mrs	ip, PRIMASK
200000c8:	b672      	cpsid	i
200000ca:	6802      	ldr	r2, [r0, #0]
200000cc:	2a00      	cmp	r2, #0
200000ce:	d0fc      	beq.n	200000ca <mutex_try_enter+0xa>
200000d0:	f3bf 8f5f 	dmb	sy
200000d4:	2204      	movs	r2, #4
200000d6:	569a      	ldrsb	r2, [r3, r2]
200000d8:	2a00      	cmp	r2, #0
200000da:	db0b      	blt.n	200000f4 <mutex_try_enter+0x34>
200000dc:	2900      	cmp	r1, #0
200000de:	d000      	beq.n	200000e2 <mutex_try_enter+0x22>
200000e0:	600a      	str	r2, [r1, #0]
200000e2:	2000      	movs	r0, #0
200000e4:	681b      	ldr	r3, [r3, #0]
200000e6:	f3bf 8f5f 	dmb	sy
200000ea:	2200      	movs	r2, #0
200000ec:	601a      	str	r2, [r3, #0]
200000ee:	f38c 8810 	msr	PRIMASK, ip
200000f2:	4770      	bx	lr
200000f4:	22d0      	movs	r2, #208	@ 0xd0
200000f6:	0612      	lsls	r2, r2, #24
200000f8:	6812      	ldr	r2, [r2, #0]
200000fa:	2001      	movs	r0, #1
200000fc:	711a      	strb	r2, [r3, #4]
200000fe:	e7f1      	b.n	200000e4 <mutex_try_enter+0x24>

20000100 <mutex_try_enter_block_until>:
20000100:	b5f0      	push	{r4, r5, r6, r7, lr}
20000102:	46c6      	mov	lr, r8
20000104:	0015      	movs	r5, r2
20000106:	b500      	push	{lr}
20000108:	0004      	movs	r4, r0
2000010a:	001e      	movs	r6, r3
2000010c:	6802      	ldr	r2, [r0, #0]
2000010e:	f3ef 8110 	mrs	r1, PRIMASK
20000112:	b672      	cpsid	i
20000114:	6813      	ldr	r3, [r2, #0]
20000116:	2b00      	cmp	r3, #0
20000118:	d0fc      	beq.n	20000114 <mutex_try_enter_block_until+0x14>
2000011a:	f3bf 8f5f 	dmb	sy
2000011e:	2304      	movs	r3, #4
20000120:	56e3      	ldrsb	r3, [r4, r3]
20000122:	6822      	ldr	r2, [r4, #0]
20000124:	2b00      	cmp	r3, #0
20000126:	db2b      	blt.n	20000180 <mutex_try_enter_block_until+0x80>
20000128:	f3bf 8f5f 	dmb	sy
2000012c:	2000      	movs	r0, #0
2000012e:	6010      	str	r0, [r2, #0]
20000130:	f381 8810 	msr	PRIMASK, r1
20000134:	22d0      	movs	r2, #208	@ 0xd0
20000136:	0612      	lsls	r2, r2, #24
20000138:	7812      	ldrb	r2, [r2, #0]
2000013a:	2700      	movs	r7, #0
2000013c:	b252      	sxtb	r2, r2
2000013e:	4690      	mov	r8, r2
20000140:	429a      	cmp	r2, r3
20000142:	d10e      	bne.n	20000162 <mutex_try_enter_block_until+0x62>
20000144:	2000      	movs	r0, #0
20000146:	bc80      	pop	{r7}
20000148:	46b8      	mov	r8, r7
2000014a:	bdf0      	pop	{r4, r5, r6, r7, pc}
2000014c:	f3bf 8f5f 	dmb	sy
20000150:	6017      	str	r7, [r2, #0]
20000152:	f381 8810 	msr	PRIMASK, r1
20000156:	0028      	movs	r0, r5
20000158:	0031      	movs	r1, r6
2000015a:	f000 ff05 	bl	20000f68 <__best_effort_wfe_or_timeout_veneer>
2000015e:	2800      	cmp	r0, #0
20000160:	d1f0      	bne.n	20000144 <mutex_try_enter_block_until+0x44>
20000162:	6822      	ldr	r2, [r4, #0]
20000164:	f3ef 8110 	mrs	r1, PRIMASK
20000168:	b672      	cpsid	i
2000016a:	6813      	ldr	r3, [r2, #0]
2000016c:	2b00      	cmp	r3, #0
2000016e:	d0fc      	beq.n	2000016a <mutex_try_enter_block_until+0x6a>
20000170:	f3bf 8f5f 	dmb	sy
20000174:	7923      	ldrb	r3, [r4, #4]
20000176:	6822      	ldr	r2, [r4, #0]
20000178:	2b7f      	cmp	r3, #127	@ 0x7f
2000017a:	d9e7      	bls.n	2000014c <mutex_try_enter_block_until+0x4c>
2000017c:	4643      	mov	r3, r8
2000017e:	e002      	b.n	20000186 <mutex_try_enter_block_until+0x86>
20000180:	23d0      	movs	r3, #208	@ 0xd0
20000182:	061b      	lsls	r3, r3, #24
20000184:	681b      	ldr	r3, [r3, #0]
20000186:	7123      	strb	r3, [r4, #4]
20000188:	f3bf 8f5f 	dmb	sy
2000018c:	2300      	movs	r3, #0
2000018e:	6013      	str	r3, [r2, #0]
20000190:	f381 8810 	msr	PRIMASK, r1
20000194:	2001      	movs	r0, #1
20000196:	e7d6      	b.n	20000146 <mutex_try_enter_block_until+0x46>

20000198 <mutex_enter_timeout_ms>:
20000198:	b5f0      	push	{r4, r5, r6, r7, lr}
2000019a:	46c6      	mov	lr, r8
2000019c:	b500      	push	{lr}
2000019e:	000d      	movs	r5, r1
200001a0:	0004      	movs	r4, r0
200001a2:	f000 fed1 	bl	20000f48 <__time_us_64_veneer>
200001a6:	22fa      	movs	r2, #250	@ 0xfa
200001a8:	0006      	movs	r6, r0
200001aa:	000f      	movs	r7, r1
200001ac:	2300      	movs	r3, #0
200001ae:	0028      	movs	r0, r5
200001b0:	2100      	movs	r1, #0
200001b2:	0092      	lsls	r2, r2, #2
200001b4:	f000 fee0 	bl	20000f78 <____wrap___aeabi_lmul_veneer>
200001b8:	1836      	adds	r6, r6, r0
200001ba:	414f      	adcs	r7, r1
200001bc:	2f00      	cmp	r7, #0
200001be:	da02      	bge.n	200001c6 <mutex_enter_timeout_ms+0x2e>
200001c0:	2601      	movs	r6, #1
200001c2:	4f17      	ldr	r7, [pc, #92]	@ (20000220 <mutex_enter_timeout_ms+0x88>)
200001c4:	4276      	negs	r6, r6
200001c6:	23d0      	movs	r3, #208	@ 0xd0
200001c8:	061b      	lsls	r3, r3, #24
200001ca:	681b      	ldr	r3, [r3, #0]
200001cc:	2500      	movs	r5, #0
200001ce:	4698      	mov	r8, r3
200001d0:	e00a      	b.n	200001e8 <mutex_enter_timeout_ms+0x50>
200001d2:	f3bf 8f5f 	dmb	sy
200001d6:	6015      	str	r5, [r2, #0]
200001d8:	f381 8810 	msr	PRIMASK, r1
200001dc:	0030      	movs	r0, r6
200001de:	0039      	movs	r1, r7
200001e0:	f000 fec2 	bl	20000f68 <__best_effort_wfe_or_timeout_veneer>
200001e4:	2800      	cmp	r0, #0
200001e6:	d118      	bne.n	2000021a <mutex_enter_timeout_ms+0x82>
200001e8:	6822      	ldr	r2, [r4, #0]
200001ea:	f3ef 8110 	mrs	r1, PRIMASK
200001ee:	b672      	cpsid	i
200001f0:	6813      	ldr	r3, [r2, #0]
200001f2:	2b00      	cmp	r3, #0
200001f4:	d0fc      	beq.n	200001f0 <mutex_enter_timeout_ms+0x58>
200001f6:	f3bf 8f5f 	dmb	sy
200001fa:	7923      	ldrb	r3, [r4, #4]
200001fc:	6822      	ldr	r2, [r4, #0]
200001fe:	2b7f      	cmp	r3, #127	@ 0x7f
20000200:	d9e7      	bls.n	200001d2 <mutex_enter_timeout_ms+0x3a>
20000202:	4643      	mov	r3, r8
20000204:	7123      	strb	r3, [r4, #4]
20000206:	f3bf 8f5f 	dmb	sy
2000020a:	2300      	movs	r3, #0
2000020c:	6013      	str	r3, [r2, #0]
2000020e:	f381 8810 	msr	PRIMASK, r1
20000212:	2001      	movs	r0, #1
20000214:	bc80      	pop	{r7}
20000216:	46b8      	mov	r8, r7
20000218:	bdf0      	pop	{r4, r5, r6, r7, pc}
2000021a:	2000      	movs	r0, #0
2000021c:	e7fa      	b.n	20000214 <mutex_enter_timeout_ms+0x7c>
2000021e:	46c0      	nop			@ (mov r8, r8)
20000220:	7fffffff 	.word	0x7fffffff

20000224 <mutex_exit>:
20000224:	6802      	ldr	r2, [r0, #0]
20000226:	f3ef 8110 	mrs	r1, PRIMASK
2000022a:	b672      	cpsid	i
2000022c:	6813      	ldr	r3, [r2, #0]
2000022e:	2b00      	cmp	r3, #0
20000230:	d0fc      	beq.n	2000022c <mutex_exit+0x8>
20000232:	f3bf 8f5f 	dmb	sy
20000236:	23ff      	movs	r3, #255	@ 0xff
20000238:	7103      	strb	r3, [r0, #4]
2000023a:	6803      	ldr	r3, [r0, #0]
2000023c:	f3bf 8f5f 	dmb	sy
20000240:	2200      	movs	r2, #0
20000242:	601a      	str	r2, [r3, #0]
20000244:	f381 8810 	msr	PRIMASK, r1
20000248:	bf40      	sev
2000024a:	4770      	bx	lr

2000024c <flash_init_boot2_copyout>:
2000024c:	b510      	push	{r4, lr}
2000024e:	4c08      	ldr	r4, [pc, #32]	@ (20000270 <flash_init_boot2_copyout+0x24>)
20000250:	7823      	ldrb	r3, [r4, #0]
20000252:	2b00      	cmp	r3, #0
20000254:	d10a      	bne.n	2000026c <flash_init_boot2_copyout+0x20>
20000256:	2380      	movs	r3, #128	@ 0x80
20000258:	4806      	ldr	r0, [pc, #24]	@ (20000274 <flash_init_boot2_copyout+0x28>)
2000025a:	4907      	ldr	r1, [pc, #28]	@ (20000278 <flash_init_boot2_copyout+0x2c>)
2000025c:	055b      	lsls	r3, r3, #21
2000025e:	681a      	ldr	r2, [r3, #0]
20000260:	50c2      	str	r2, [r0, r3]
20000262:	3304      	adds	r3, #4
20000264:	428b      	cmp	r3, r1
20000266:	d1fa      	bne.n	2000025e <flash_init_boot2_copyout+0x12>
20000268:	2301      	movs	r3, #1
2000026a:	7023      	strb	r3, [r4, #0]
2000026c:	bd10      	pop	{r4, pc}
2000026e:	46c0      	nop			@ (mov r8, r8)
20000270:	200021a0 	.word	0x200021a0
20000274:	10001bbc 	.word	0x10001bbc
20000278:	10000100 	.word	0x10000100

2000027c <flash_enable_xip_via_boot2>:
2000027c:	b510      	push	{r4, lr}
2000027e:	4b01      	ldr	r3, [pc, #4]	@ (20000284 <flash_enable_xip_via_boot2+0x8>)
20000280:	4798      	blx	r3
20000282:	bd10      	pop	{r4, pc}
20000284:	20001bbd 	.word	0x20001bbd

20000288 <flash_cs_force.constprop.0>:
20000288:	4b03      	ldr	r3, [pc, #12]	@ (20000298 <flash_cs_force.constprop.0+0x10>)
2000028a:	681a      	ldr	r2, [r3, #0]
2000028c:	23c0      	movs	r3, #192	@ 0xc0
2000028e:	009b      	lsls	r3, r3, #2
20000290:	4393      	bics	r3, r2
20000292:	4a02      	ldr	r2, [pc, #8]	@ (2000029c <flash_cs_force.constprop.0+0x14>)
20000294:	6013      	str	r3, [r2, #0]
20000296:	4770      	bx	lr
20000298:	4001800c 	.word	0x4001800c
2000029c:	4001900c 	.word	0x4001900c

200002a0 <flash_cs_force.constprop.1>:
200002a0:	4b05      	ldr	r3, [pc, #20]	@ (200002b8 <flash_cs_force.constprop.1+0x18>)
200002a2:	681a      	ldr	r2, [r3, #0]
200002a4:	2380      	movs	r3, #128	@ 0x80
200002a6:	009b      	lsls	r3, r3, #2
200002a8:	4053      	eors	r3, r2
200002aa:	22c0      	movs	r2, #192	@ 0xc0
200002ac:	0092      	lsls	r2, r2, #2
200002ae:	4013      	ands	r3, r2
200002b0:	4a02      	ldr	r2, [pc, #8]	@ (200002bc <flash_cs_force.constprop.1+0x1c>)
200002b2:	6013      	str	r3, [r2, #0]
200002b4:	4770      	bx	lr
200002b6:	46c0      	nop			@ (mov r8, r8)
200002b8:	4001800c 	.word	0x4001800c
200002bc:	4001900c 	.word	0x4001900c

200002c0 <flash_do_cmd>:
200002c0:	2300      	movs	r3, #0
200002c2:	b5f0      	push	{r4, r5, r6, r7, lr}
200002c4:	46de      	mov	lr, fp
200002c6:	4657      	mov	r7, sl
200002c8:	464e      	mov	r6, r9
200002ca:	4645      	mov	r5, r8
200002cc:	469a      	mov	sl, r3
200002ce:	b5e0      	push	{r5, r6, r7, lr}
200002d0:	b083      	sub	sp, #12
200002d2:	9001      	str	r0, [sp, #4]
200002d4:	000e      	movs	r6, r1
200002d6:	8a98      	ldrh	r0, [r3, #20]
200002d8:	4942      	ldr	r1, [pc, #264]	@ (200003e4 <flash_do_cmd+0x124>)
200002da:	8b1b      	ldrh	r3, [r3, #24]
200002dc:	0014      	movs	r4, r2
200002de:	4798      	blx	r3
200002e0:	4653      	mov	r3, sl
200002e2:	4681      	mov	r9, r0
200002e4:	4940      	ldr	r1, [pc, #256]	@ (200003e8 <flash_do_cmd+0x128>)
200002e6:	8a98      	ldrh	r0, [r3, #20]
200002e8:	8b1b      	ldrh	r3, [r3, #24]
200002ea:	4798      	blx	r3
200002ec:	4653      	mov	r3, sl
200002ee:	493f      	ldr	r1, [pc, #252]	@ (200003ec <flash_do_cmd+0x12c>)
200002f0:	0005      	movs	r5, r0
200002f2:	8a98      	ldrh	r0, [r3, #20]
200002f4:	8b1b      	ldrh	r3, [r3, #24]
200002f6:	4798      	blx	r3
200002f8:	4680      	mov	r8, r0
200002fa:	f7ff ffa7 	bl	2000024c <flash_init_boot2_copyout>
200002fe:	47c8      	blx	r9
20000300:	47a8      	blx	r5
20000302:	f7ff ffcd 	bl	200002a0 <flash_cs_force.constprop.1>
20000306:	1e25      	subs	r5, r4, #0
20000308:	d022      	beq.n	20000350 <flash_do_cmd+0x90>
2000030a:	2308      	movs	r3, #8
2000030c:	21c0      	movs	r1, #192	@ 0xc0
2000030e:	469c      	mov	ip, r3
20000310:	2002      	movs	r0, #2
20000312:	0549      	lsls	r1, r1, #21
20000314:	4662      	mov	r2, ip
20000316:	6a8b      	ldr	r3, [r1, #40]	@ 0x28
20000318:	401a      	ands	r2, r3
2000031a:	4218      	tst	r0, r3
2000031c:	d03c      	beq.n	20000398 <flash_do_cmd+0xd8>
2000031e:	1b63      	subs	r3, r4, r5
20000320:	2d00      	cmp	r5, #0
20000322:	d12c      	bne.n	2000037e <flash_do_cmd+0xbe>
20000324:	2a00      	cmp	r2, #0
20000326:	d111      	bne.n	2000034c <flash_do_cmd+0x8c>
20000328:	2c00      	cmp	r4, #0
2000032a:	d011      	beq.n	20000350 <flash_do_cmd+0x90>
2000032c:	23c0      	movs	r3, #192	@ 0xc0
2000032e:	055b      	lsls	r3, r3, #21
20000330:	469b      	mov	fp, r3
20000332:	2302      	movs	r3, #2
20000334:	469a      	mov	sl, r3
20000336:	3306      	adds	r3, #6
20000338:	4699      	mov	r9, r3
2000033a:	465b      	mov	r3, fp
2000033c:	464a      	mov	r2, r9
2000033e:	4657      	mov	r7, sl
20000340:	6a9b      	ldr	r3, [r3, #40]	@ 0x28
20000342:	401a      	ands	r2, r3
20000344:	421f      	tst	r7, r3
20000346:	d03f      	beq.n	200003c8 <flash_do_cmd+0x108>
20000348:	2a00      	cmp	r2, #0
2000034a:	d0f6      	beq.n	2000033a <flash_do_cmd+0x7a>
2000034c:	2c00      	cmp	r4, #0
2000034e:	d12d      	bne.n	200003ac <flash_do_cmd+0xec>
20000350:	f7ff ff9a 	bl	20000288 <flash_cs_force.constprop.0>
20000354:	47c0      	blx	r8
20000356:	f7ff ff91 	bl	2000027c <flash_enable_xip_via_boot2>
2000035a:	b003      	add	sp, #12
2000035c:	bcf0      	pop	{r4, r5, r6, r7}
2000035e:	46bb      	mov	fp, r7
20000360:	46b2      	mov	sl, r6
20000362:	46a9      	mov	r9, r5
20000364:	46a0      	mov	r8, r4
20000366:	bdf0      	pop	{r4, r5, r6, r7, pc}
20000368:	2c00      	cmp	r4, #0
2000036a:	d12f      	bne.n	200003cc <flash_do_cmd+0x10c>
2000036c:	22c0      	movs	r2, #192	@ 0xc0
2000036e:	0552      	lsls	r2, r2, #21
20000370:	6a92      	ldr	r2, [r2, #40]	@ 0x28
20000372:	4691      	mov	r9, r2
20000374:	2208      	movs	r2, #8
20000376:	464f      	mov	r7, r9
20000378:	403a      	ands	r2, r7
2000037a:	07bf      	lsls	r7, r7, #30
2000037c:	d52d      	bpl.n	200003da <flash_do_cmd+0x11a>
2000037e:	2b0d      	cmp	r3, #13
20000380:	d91b      	bls.n	200003ba <flash_do_cmd+0xfa>
20000382:	2a00      	cmp	r2, #0
20000384:	d1f0      	bne.n	20000368 <flash_do_cmd+0xa8>
20000386:	22c0      	movs	r2, #192	@ 0xc0
20000388:	0552      	lsls	r2, r2, #21
2000038a:	6a92      	ldr	r2, [r2, #40]	@ 0x28
2000038c:	4691      	mov	r9, r2
2000038e:	2208      	movs	r2, #8
20000390:	464f      	mov	r7, r9
20000392:	403a      	ands	r2, r7
20000394:	07bf      	lsls	r7, r7, #30
20000396:	d4f2      	bmi.n	2000037e <flash_do_cmd+0xbe>
20000398:	2a00      	cmp	r2, #0
2000039a:	d104      	bne.n	200003a6 <flash_do_cmd+0xe6>
2000039c:	002b      	movs	r3, r5
2000039e:	4323      	orrs	r3, r4
200003a0:	2b00      	cmp	r3, #0
200003a2:	d1b7      	bne.n	20000314 <flash_do_cmd+0x54>
200003a4:	e7d4      	b.n	20000350 <flash_do_cmd+0x90>
200003a6:	002b      	movs	r3, r5
200003a8:	2c00      	cmp	r4, #0
200003aa:	d0f9      	beq.n	200003a0 <flash_do_cmd+0xe0>
200003ac:	6e0b      	ldr	r3, [r1, #96]	@ 0x60
200003ae:	3c01      	subs	r4, #1
200003b0:	7033      	strb	r3, [r6, #0]
200003b2:	0023      	movs	r3, r4
200003b4:	3601      	adds	r6, #1
200003b6:	432b      	orrs	r3, r5
200003b8:	e7f2      	b.n	200003a0 <flash_do_cmd+0xe0>
200003ba:	9f01      	ldr	r7, [sp, #4]
200003bc:	3d01      	subs	r5, #1
200003be:	783b      	ldrb	r3, [r7, #0]
200003c0:	3701      	adds	r7, #1
200003c2:	660b      	str	r3, [r1, #96]	@ 0x60
200003c4:	9701      	str	r7, [sp, #4]
200003c6:	e7e7      	b.n	20000398 <flash_do_cmd+0xd8>
200003c8:	2500      	movs	r5, #0
200003ca:	e7e5      	b.n	20000398 <flash_do_cmd+0xd8>
200003cc:	23c0      	movs	r3, #192	@ 0xc0
200003ce:	055b      	lsls	r3, r3, #21
200003d0:	6e1b      	ldr	r3, [r3, #96]	@ 0x60
200003d2:	3c01      	subs	r4, #1
200003d4:	7033      	strb	r3, [r6, #0]
200003d6:	3601      	adds	r6, #1
200003d8:	e79c      	b.n	20000314 <flash_do_cmd+0x54>
200003da:	002b      	movs	r3, r5
200003dc:	2a00      	cmp	r2, #0
200003de:	d1df      	bne.n	200003a0 <flash_do_cmd+0xe0>
200003e0:	e7dc      	b.n	2000039c <flash_do_cmd+0xdc>
200003e2:	46c0      	nop			@ (mov r8, r8)
200003e4:	00004649 	.word	0x00004649
200003e8:	00005845 	.word	0x00005845
200003ec:	00004346 	.word	0x00004346

200003f0 <reset_non_control_endpoints>:
200003f0:	2200      	movs	r2, #0
200003f2:	4b15      	ldr	r3, [pc, #84]	@ (20000448 <reset_non_control_endpoints+0x58>)
200003f4:	b510      	push	{r4, lr}
200003f6:	609a      	str	r2, [r3, #8]
200003f8:	60da      	str	r2, [r3, #12]
200003fa:	611a      	str	r2, [r3, #16]
200003fc:	615a      	str	r2, [r3, #20]
200003fe:	619a      	str	r2, [r3, #24]
20000400:	61da      	str	r2, [r3, #28]
20000402:	621a      	str	r2, [r3, #32]
20000404:	625a      	str	r2, [r3, #36]	@ 0x24
20000406:	629a      	str	r2, [r3, #40]	@ 0x28
20000408:	62da      	str	r2, [r3, #44]	@ 0x2c
2000040a:	631a      	str	r2, [r3, #48]	@ 0x30
2000040c:	635a      	str	r2, [r3, #52]	@ 0x34
2000040e:	639a      	str	r2, [r3, #56]	@ 0x38
20000410:	63da      	str	r2, [r3, #60]	@ 0x3c
20000412:	641a      	str	r2, [r3, #64]	@ 0x40
20000414:	645a      	str	r2, [r3, #68]	@ 0x44
20000416:	649a      	str	r2, [r3, #72]	@ 0x48
20000418:	64da      	str	r2, [r3, #76]	@ 0x4c
2000041a:	651a      	str	r2, [r3, #80]	@ 0x50
2000041c:	655a      	str	r2, [r3, #84]	@ 0x54
2000041e:	659a      	str	r2, [r3, #88]	@ 0x58
20000420:	65da      	str	r2, [r3, #92]	@ 0x5c
20000422:	661a      	str	r2, [r3, #96]	@ 0x60
20000424:	665a      	str	r2, [r3, #100]	@ 0x64
20000426:	669a      	str	r2, [r3, #104]	@ 0x68
20000428:	66da      	str	r2, [r3, #108]	@ 0x6c
2000042a:	671a      	str	r2, [r3, #112]	@ 0x70
2000042c:	675a      	str	r2, [r3, #116]	@ 0x74
2000042e:	679a      	str	r2, [r3, #120]	@ 0x78
20000430:	67da      	str	r2, [r3, #124]	@ 0x7c
20000432:	32f0      	adds	r2, #240	@ 0xf0
20000434:	0092      	lsls	r2, r2, #2
20000436:	2100      	movs	r1, #0
20000438:	4804      	ldr	r0, [pc, #16]	@ (2000044c <reset_non_control_endpoints+0x5c>)
2000043a:	f000 fda5 	bl	20000f88 <____wrap_memset_veneer>
2000043e:	4b04      	ldr	r3, [pc, #16]	@ (20000450 <reset_non_control_endpoints+0x60>)
20000440:	4a04      	ldr	r2, [pc, #16]	@ (20000454 <reset_non_control_endpoints+0x64>)
20000442:	601a      	str	r2, [r3, #0]
20000444:	bd10      	pop	{r4, pc}
20000446:	46c0      	nop			@ (mov r8, r8)
20000448:	50100000 	.word	0x50100000
2000044c:	20001d70 	.word	0x20001d70
20000450:	20002138 	.word	0x20002138
20000454:	50100180 	.word	0x50100180

20000458 <hw_handle_buff_status>:
20000458:	b5f0      	push	{r4, r5, r6, r7, lr}
2000045a:	464e      	mov	r6, r9
2000045c:	4645      	mov	r5, r8
2000045e:	46de      	mov	lr, fp
20000460:	4657      	mov	r7, sl
20000462:	b5e0      	push	{r5, r6, r7, lr}
20000464:	4b21      	ldr	r3, [pc, #132]	@ (200004ec <hw_handle_buff_status+0x94>)
20000466:	2400      	movs	r4, #0
20000468:	6d9e      	ldr	r6, [r3, #88]	@ 0x58
2000046a:	2501      	movs	r5, #1
2000046c:	b085      	sub	sp, #20
2000046e:	2e00      	cmp	r6, #0
20000470:	d022      	beq.n	200004b8 <hw_handle_buff_status+0x60>
20000472:	4b1f      	ldr	r3, [pc, #124]	@ (200004f0 <hw_handle_buff_status+0x98>)
20000474:	469a      	mov	sl, r3
20000476:	2301      	movs	r3, #1
20000478:	4699      	mov	r9, r3
2000047a:	4b1e      	ldr	r3, [pc, #120]	@ (200004f4 <hw_handle_buff_status+0x9c>)
2000047c:	4698      	mov	r8, r3
2000047e:	e001      	b.n	20000484 <hw_handle_buff_status+0x2c>
20000480:	2c20      	cmp	r4, #32
20000482:	d019      	beq.n	200004b8 <hw_handle_buff_status+0x60>
20000484:	002a      	movs	r2, r5
20000486:	0023      	movs	r3, r4
20000488:	3401      	adds	r4, #1
2000048a:	002f      	movs	r7, r5
2000048c:	4032      	ands	r2, r6
2000048e:	b2e4      	uxtb	r4, r4
20000490:	006d      	lsls	r5, r5, #1
20000492:	2a00      	cmp	r2, #0
20000494:	d0f4      	beq.n	20000480 <hw_handle_buff_status+0x28>
20000496:	4652      	mov	r2, sl
20000498:	6597      	str	r7, [r2, #88]	@ 0x58
2000049a:	464a      	mov	r2, r9
2000049c:	085b      	lsrs	r3, r3, #1
2000049e:	005b      	lsls	r3, r3, #1
200004a0:	4022      	ands	r2, r4
200004a2:	189b      	adds	r3, r3, r2
200004a4:	015b      	lsls	r3, r3, #5
200004a6:	4443      	add	r3, r8
200004a8:	0018      	movs	r0, r3
200004aa:	469b      	mov	fp, r3
200004ac:	f000 fc1e 	bl	20000cec <hw_endpoint_xfer_continue>
200004b0:	2800      	cmp	r0, #0
200004b2:	d108      	bne.n	200004c6 <hw_handle_buff_status+0x6e>
200004b4:	43be      	bics	r6, r7
200004b6:	d1e3      	bne.n	20000480 <hw_handle_buff_status+0x28>
200004b8:	b005      	add	sp, #20
200004ba:	bcf0      	pop	{r4, r5, r6, r7}
200004bc:	46bb      	mov	fp, r7
200004be:	46b2      	mov	sl, r6
200004c0:	46a9      	mov	r9, r5
200004c2:	46a0      	mov	r8, r4
200004c4:	bdf0      	pop	{r4, r5, r6, r7, pc}
200004c6:	465b      	mov	r3, fp
200004c8:	21e0      	movs	r1, #224	@ 0xe0
200004ca:	789a      	ldrb	r2, [r3, #2]
200004cc:	8adb      	ldrh	r3, [r3, #22]
200004ce:	a801      	add	r0, sp, #4
200004d0:	6083      	str	r3, [r0, #8]
200004d2:	2300      	movs	r3, #0
200004d4:	00c9      	lsls	r1, r1, #3
200004d6:	8001      	strh	r1, [r0, #0]
200004d8:	2101      	movs	r1, #1
200004da:	7102      	strb	r2, [r0, #4]
200004dc:	7143      	strb	r3, [r0, #5]
200004de:	f000 fc25 	bl	20000d2c <dcd_event_handler>
200004e2:	4658      	mov	r0, fp
200004e4:	f000 fba0 	bl	20000c28 <hw_endpoint_reset_transfer>
200004e8:	e7e4      	b.n	200004b4 <hw_handle_buff_status+0x5c>
200004ea:	46c0      	nop			@ (mov r8, r8)
200004ec:	50110000 	.word	0x50110000
200004f0:	50113000 	.word	0x50113000
200004f4:	20001d30 	.word	0x20001d30

200004f8 <dcd_rp2040_irq>:
200004f8:	2398      	movs	r3, #152	@ 0x98
200004fa:	b5f0      	push	{r4, r5, r6, r7, lr}
200004fc:	46c6      	mov	lr, r8
200004fe:	4ac8      	ldr	r2, [pc, #800]	@ (20000820 <dcd_rp2040_irq+0x328>)
20000500:	b500      	push	{lr}
20000502:	58d5      	ldr	r5, [r2, r3]
20000504:	2380      	movs	r3, #128	@ 0x80
20000506:	002e      	movs	r6, r5
20000508:	029b      	lsls	r3, r3, #10
2000050a:	2410      	movs	r4, #16
2000050c:	b084      	sub	sp, #16
2000050e:	401e      	ands	r6, r3
20000510:	421d      	tst	r5, r3
20000512:	d074      	beq.n	200005fe <dcd_rp2040_irq+0x106>
20000514:	4bc3      	ldr	r3, [pc, #780]	@ (20000824 <dcd_rp2040_irq+0x32c>)
20000516:	4cc4      	ldr	r4, [pc, #784]	@ (20000828 <dcd_rp2040_irq+0x330>)
20000518:	6a9a      	ldr	r2, [r3, #40]	@ 0x28
2000051a:	4bc4      	ldr	r3, [pc, #784]	@ (2000082c <dcd_rp2040_irq+0x334>)
2000051c:	2600      	movs	r6, #0
2000051e:	601a      	str	r2, [r3, #0]
20000520:	233b      	movs	r3, #59	@ 0x3b
20000522:	5ce3      	ldrb	r3, [r4, r3]
20000524:	2b02      	cmp	r3, #2
20000526:	d100      	bne.n	2000052a <dcd_rp2040_irq+0x32>
20000528:	e14f      	b.n	200007ca <dcd_rp2040_irq+0x2d2>
2000052a:	237b      	movs	r3, #123	@ 0x7b
2000052c:	5ce3      	ldrb	r3, [r4, r3]
2000052e:	2b02      	cmp	r3, #2
20000530:	d100      	bne.n	20000534 <dcd_rp2040_irq+0x3c>
20000532:	e0f3      	b.n	2000071c <dcd_rp2040_irq+0x224>
20000534:	23bb      	movs	r3, #187	@ 0xbb
20000536:	5ce3      	ldrb	r3, [r4, r3]
20000538:	2b02      	cmp	r3, #2
2000053a:	d100      	bne.n	2000053e <dcd_rp2040_irq+0x46>
2000053c:	e0fa      	b.n	20000734 <dcd_rp2040_irq+0x23c>
2000053e:	23fb      	movs	r3, #251	@ 0xfb
20000540:	5ce3      	ldrb	r3, [r4, r3]
20000542:	2b02      	cmp	r3, #2
20000544:	d100      	bne.n	20000548 <dcd_rp2040_irq+0x50>
20000546:	e101      	b.n	2000074c <dcd_rp2040_irq+0x254>
20000548:	233c      	movs	r3, #60	@ 0x3c
2000054a:	33ff      	adds	r3, #255	@ 0xff
2000054c:	5ce3      	ldrb	r3, [r4, r3]
2000054e:	2b02      	cmp	r3, #2
20000550:	d100      	bne.n	20000554 <dcd_rp2040_irq+0x5c>
20000552:	e12d      	b.n	200007b0 <dcd_rp2040_irq+0x2b8>
20000554:	237c      	movs	r3, #124	@ 0x7c
20000556:	33ff      	adds	r3, #255	@ 0xff
20000558:	5ce3      	ldrb	r3, [r4, r3]
2000055a:	2b02      	cmp	r3, #2
2000055c:	d100      	bne.n	20000560 <dcd_rp2040_irq+0x68>
2000055e:	e10e      	b.n	2000077e <dcd_rp2040_irq+0x286>
20000560:	23bc      	movs	r3, #188	@ 0xbc
20000562:	33ff      	adds	r3, #255	@ 0xff
20000564:	5ce3      	ldrb	r3, [r4, r3]
20000566:	2b02      	cmp	r3, #2
20000568:	d100      	bne.n	2000056c <dcd_rp2040_irq+0x74>
2000056a:	e13f      	b.n	200007ec <dcd_rp2040_irq+0x2f4>
2000056c:	23fc      	movs	r3, #252	@ 0xfc
2000056e:	33ff      	adds	r3, #255	@ 0xff
20000570:	5ce3      	ldrb	r3, [r4, r3]
20000572:	2b02      	cmp	r3, #2
20000574:	d100      	bne.n	20000578 <dcd_rp2040_irq+0x80>
20000576:	e0f5      	b.n	20000764 <dcd_rp2040_irq+0x26c>
20000578:	4bad      	ldr	r3, [pc, #692]	@ (20000830 <dcd_rp2040_irq+0x338>)
2000057a:	5ce3      	ldrb	r3, [r4, r3]
2000057c:	2b02      	cmp	r3, #2
2000057e:	d100      	bne.n	20000582 <dcd_rp2040_irq+0x8a>
20000580:	e174      	b.n	2000086c <dcd_rp2040_irq+0x374>
20000582:	4bac      	ldr	r3, [pc, #688]	@ (20000834 <dcd_rp2040_irq+0x33c>)
20000584:	5ce3      	ldrb	r3, [r4, r3]
20000586:	2b02      	cmp	r3, #2
20000588:	d100      	bne.n	2000058c <dcd_rp2040_irq+0x94>
2000058a:	e105      	b.n	20000798 <dcd_rp2040_irq+0x2a0>
2000058c:	4baa      	ldr	r3, [pc, #680]	@ (20000838 <dcd_rp2040_irq+0x340>)
2000058e:	5ce3      	ldrb	r3, [r4, r3]
20000590:	2b02      	cmp	r3, #2
20000592:	d100      	bne.n	20000596 <dcd_rp2040_irq+0x9e>
20000594:	e175      	b.n	20000882 <dcd_rp2040_irq+0x38a>
20000596:	4ba9      	ldr	r3, [pc, #676]	@ (2000083c <dcd_rp2040_irq+0x344>)
20000598:	5ce3      	ldrb	r3, [r4, r3]
2000059a:	2b02      	cmp	r3, #2
2000059c:	d100      	bne.n	200005a0 <dcd_rp2040_irq+0xa8>
2000059e:	e132      	b.n	20000806 <dcd_rp2040_irq+0x30e>
200005a0:	4ba7      	ldr	r3, [pc, #668]	@ (20000840 <dcd_rp2040_irq+0x348>)
200005a2:	5ce3      	ldrb	r3, [r4, r3]
200005a4:	2b02      	cmp	r3, #2
200005a6:	d100      	bne.n	200005aa <dcd_rp2040_irq+0xb2>
200005a8:	e1a0      	b.n	200008ec <dcd_rp2040_irq+0x3f4>
200005aa:	4ba6      	ldr	r3, [pc, #664]	@ (20000844 <dcd_rp2040_irq+0x34c>)
200005ac:	5ce3      	ldrb	r3, [r4, r3]
200005ae:	2b02      	cmp	r3, #2
200005b0:	d100      	bne.n	200005b4 <dcd_rp2040_irq+0xbc>
200005b2:	e171      	b.n	20000898 <dcd_rp2040_irq+0x3a0>
200005b4:	4ba4      	ldr	r3, [pc, #656]	@ (20000848 <dcd_rp2040_irq+0x350>)
200005b6:	5ce3      	ldrb	r3, [r4, r3]
200005b8:	2b02      	cmp	r3, #2
200005ba:	d100      	bne.n	200005be <dcd_rp2040_irq+0xc6>
200005bc:	e1a1      	b.n	20000902 <dcd_rp2040_irq+0x40a>
200005be:	4ba3      	ldr	r3, [pc, #652]	@ (2000084c <dcd_rp2040_irq+0x354>)
200005c0:	5ce3      	ldrb	r3, [r4, r3]
200005c2:	2b02      	cmp	r3, #2
200005c4:	d100      	bne.n	200005c8 <dcd_rp2040_irq+0xd0>
200005c6:	e17f      	b.n	200008c8 <dcd_rp2040_irq+0x3d0>
200005c8:	2e00      	cmp	r6, #0
200005ca:	d108      	bne.n	200005de <dcd_rp2040_irq+0xe6>
200005cc:	4ba0      	ldr	r3, [pc, #640]	@ (20000850 <dcd_rp2040_irq+0x358>)
200005ce:	781b      	ldrb	r3, [r3, #0]
200005d0:	2b00      	cmp	r3, #0
200005d2:	d104      	bne.n	200005de <dcd_rp2040_irq+0xe6>
200005d4:	2180      	movs	r1, #128	@ 0x80
200005d6:	4a9f      	ldr	r2, [pc, #636]	@ (20000854 <dcd_rp2040_irq+0x35c>)
200005d8:	3390      	adds	r3, #144	@ 0x90
200005da:	0289      	lsls	r1, r1, #10
200005dc:	50d1      	str	r1, [r2, r3]
200005de:	22c0      	movs	r2, #192	@ 0xc0
200005e0:	4669      	mov	r1, sp
200005e2:	4b8f      	ldr	r3, [pc, #572]	@ (20000820 <dcd_rp2040_irq+0x328>)
200005e4:	0092      	lsls	r2, r2, #2
200005e6:	6c9b      	ldr	r3, [r3, #72]	@ 0x48
200005e8:	2680      	movs	r6, #128	@ 0x80
200005ea:	055b      	lsls	r3, r3, #21
200005ec:	808a      	strh	r2, [r1, #4]
200005ee:	0d5b      	lsrs	r3, r3, #21
200005f0:	2101      	movs	r1, #1
200005f2:	a801      	add	r0, sp, #4
200005f4:	9302      	str	r3, [sp, #8]
200005f6:	f000 fb99 	bl	20000d2c <dcd_event_handler>
200005fa:	4c97      	ldr	r4, [pc, #604]	@ (20000858 <dcd_rp2040_irq+0x360>)
200005fc:	02b6      	lsls	r6, r6, #10
200005fe:	06eb      	lsls	r3, r5, #27
20000600:	d500      	bpl.n	20000604 <dcd_rp2040_irq+0x10c>
20000602:	e07f      	b.n	20000704 <dcd_rp2040_irq+0x20c>
20000604:	2380      	movs	r3, #128	@ 0x80
20000606:	025b      	lsls	r3, r3, #9
20000608:	421d      	tst	r5, r3
2000060a:	d031      	beq.n	20000670 <dcd_rp2040_irq+0x178>
2000060c:	431e      	orrs	r6, r3
2000060e:	2301      	movs	r3, #1
20000610:	2402      	movs	r4, #2
20000612:	4698      	mov	r8, r3
20000614:	4f84      	ldr	r7, [pc, #528]	@ (20000828 <dcd_rp2040_irq+0x330>)
20000616:	7ebb      	ldrb	r3, [r7, #26]
20000618:	2b00      	cmp	r3, #0
2000061a:	d014      	beq.n	20000646 <dcd_rp2040_irq+0x14e>
2000061c:	f000 fc9c 	bl	20000f58 <__rp2040_chip_version_veneer>
20000620:	2801      	cmp	r0, #1
20000622:	d900      	bls.n	20000626 <dcd_rp2040_irq+0x12e>
20000624:	e072      	b.n	2000070c <dcd_rp2040_irq+0x214>
20000626:	22c0      	movs	r2, #192	@ 0xc0
20000628:	2100      	movs	r1, #0
2000062a:	0038      	movs	r0, r7
2000062c:	0192      	lsls	r2, r2, #6
2000062e:	f000 fb01 	bl	20000c34 <_hw_endpoint_buffer_control_update32>
20000632:	0038      	movs	r0, r7
20000634:	f000 faf8 	bl	20000c28 <hw_endpoint_reset_transfer>
20000638:	f000 fc8e 	bl	20000f58 <__rp2040_chip_version_veneer>
2000063c:	2801      	cmp	r0, #1
2000063e:	d902      	bls.n	20000646 <dcd_rp2040_irq+0x14e>
20000640:	4b84      	ldr	r3, [pc, #528]	@ (20000854 <dcd_rp2040_irq+0x35c>)
20000642:	665c      	str	r4, [r3, #100]	@ 0x64
20000644:	661c      	str	r4, [r3, #96]	@ 0x60
20000646:	4643      	mov	r3, r8
20000648:	70fb      	strb	r3, [r7, #3]
2000064a:	3720      	adds	r7, #32
2000064c:	2c01      	cmp	r4, #1
2000064e:	d122      	bne.n	20000696 <dcd_rp2040_irq+0x19e>
20000650:	23c0      	movs	r3, #192	@ 0xc0
20000652:	466a      	mov	r2, sp
20000654:	00db      	lsls	r3, r3, #3
20000656:	8093      	strh	r3, [r2, #4]
20000658:	4a80      	ldr	r2, [pc, #512]	@ (2000085c <dcd_rp2040_irq+0x364>)
2000065a:	ab02      	add	r3, sp, #8
2000065c:	ca03      	ldmia	r2!, {r0, r1}
2000065e:	c303      	stmia	r3!, {r0, r1}
20000660:	2101      	movs	r1, #1
20000662:	a801      	add	r0, sp, #4
20000664:	f000 fb62 	bl	20000d2c <dcd_event_handler>
20000668:	2280      	movs	r2, #128	@ 0x80
2000066a:	4b7a      	ldr	r3, [pc, #488]	@ (20000854 <dcd_rp2040_irq+0x35c>)
2000066c:	0292      	lsls	r2, r2, #10
2000066e:	651a      	str	r2, [r3, #80]	@ 0x50
20000670:	2380      	movs	r3, #128	@ 0x80
20000672:	015b      	lsls	r3, r3, #5
20000674:	421d      	tst	r5, r3
20000676:	d110      	bne.n	2000069a <dcd_rp2040_irq+0x1a2>
20000678:	2380      	movs	r3, #128	@ 0x80
2000067a:	01db      	lsls	r3, r3, #7
2000067c:	421d      	tst	r5, r3
2000067e:	d123      	bne.n	200006c8 <dcd_rp2040_irq+0x1d0>
20000680:	2380      	movs	r3, #128	@ 0x80
20000682:	021b      	lsls	r3, r3, #8
20000684:	421d      	tst	r5, r3
20000686:	d12f      	bne.n	200006e8 <dcd_rp2040_irq+0x1f0>
20000688:	42ae      	cmp	r6, r5
2000068a:	d000      	beq.n	2000068e <dcd_rp2040_irq+0x196>
2000068c:	e1c0      	b.n	20000a10 <dcd_rp2040_irq+0x518>
2000068e:	b004      	add	sp, #16
20000690:	bc80      	pop	{r7}
20000692:	46b8      	mov	r8, r7
20000694:	bdf0      	pop	{r4, r5, r6, r7, pc}
20000696:	2401      	movs	r4, #1
20000698:	e7bd      	b.n	20000616 <dcd_rp2040_irq+0x11e>
2000069a:	2400      	movs	r4, #0
2000069c:	431e      	orrs	r6, r3
2000069e:	4b60      	ldr	r3, [pc, #384]	@ (20000820 <dcd_rp2040_irq+0x328>)
200006a0:	601c      	str	r4, [r3, #0]
200006a2:	f7ff fea5 	bl	200003f0 <reset_non_control_endpoints>
200006a6:	2380      	movs	r3, #128	@ 0x80
200006a8:	466a      	mov	r2, sp
200006aa:	005b      	lsls	r3, r3, #1
200006ac:	8093      	strh	r3, [r2, #4]
200006ae:	7214      	strb	r4, [r2, #8]
200006b0:	2101      	movs	r1, #1
200006b2:	a801      	add	r0, sp, #4
200006b4:	f000 fb3a 	bl	20000d2c <dcd_event_handler>
200006b8:	2280      	movs	r2, #128	@ 0x80
200006ba:	4b66      	ldr	r3, [pc, #408]	@ (20000854 <dcd_rp2040_irq+0x35c>)
200006bc:	0312      	lsls	r2, r2, #12
200006be:	651a      	str	r2, [r3, #80]	@ 0x50
200006c0:	2380      	movs	r3, #128	@ 0x80
200006c2:	01db      	lsls	r3, r3, #7
200006c4:	421d      	tst	r5, r3
200006c6:	d0db      	beq.n	20000680 <dcd_rp2040_irq+0x188>
200006c8:	431e      	orrs	r6, r3
200006ca:	2380      	movs	r3, #128	@ 0x80
200006cc:	466a      	mov	r2, sp
200006ce:	00db      	lsls	r3, r3, #3
200006d0:	8093      	strh	r3, [r2, #4]
200006d2:	2101      	movs	r1, #1
200006d4:	a801      	add	r0, sp, #4
200006d6:	f000 fb29 	bl	20000d2c <dcd_event_handler>
200006da:	2210      	movs	r2, #16
200006dc:	4b5d      	ldr	r3, [pc, #372]	@ (20000854 <dcd_rp2040_irq+0x35c>)
200006de:	651a      	str	r2, [r3, #80]	@ 0x50
200006e0:	2380      	movs	r3, #128	@ 0x80
200006e2:	021b      	lsls	r3, r3, #8
200006e4:	421d      	tst	r5, r3
200006e6:	d0cf      	beq.n	20000688 <dcd_rp2040_irq+0x190>
200006e8:	431e      	orrs	r6, r3
200006ea:	23a0      	movs	r3, #160	@ 0xa0
200006ec:	466a      	mov	r2, sp
200006ee:	00db      	lsls	r3, r3, #3
200006f0:	8093      	strh	r3, [r2, #4]
200006f2:	2101      	movs	r1, #1
200006f4:	a801      	add	r0, sp, #4
200006f6:	f000 fb19 	bl	20000d2c <dcd_event_handler>
200006fa:	2280      	movs	r2, #128	@ 0x80
200006fc:	4b55      	ldr	r3, [pc, #340]	@ (20000854 <dcd_rp2040_irq+0x35c>)
200006fe:	0112      	lsls	r2, r2, #4
20000700:	651a      	str	r2, [r3, #80]	@ 0x50
20000702:	e7c1      	b.n	20000688 <dcd_rp2040_irq+0x190>
20000704:	f7ff fea8 	bl	20000458 <hw_handle_buff_status>
20000708:	0026      	movs	r6, r4
2000070a:	e77b      	b.n	20000604 <dcd_rp2040_irq+0x10c>
2000070c:	4b54      	ldr	r3, [pc, #336]	@ (20000860 <dcd_rp2040_irq+0x368>)
2000070e:	4a44      	ldr	r2, [pc, #272]	@ (20000820 <dcd_rp2040_irq+0x328>)
20000710:	661c      	str	r4, [r3, #96]	@ 0x60
20000712:	6e53      	ldr	r3, [r2, #100]	@ 0x64
20000714:	4023      	ands	r3, r4
20000716:	42a3      	cmp	r3, r4
20000718:	d1fb      	bne.n	20000712 <dcd_rp2040_irq+0x21a>
2000071a:	e784      	b.n	20000626 <dcd_rp2040_irq+0x12e>
2000071c:	3378      	adds	r3, #120	@ 0x78
2000071e:	5ce7      	ldrb	r7, [r4, r3]
20000720:	2f00      	cmp	r7, #0
20000722:	d100      	bne.n	20000726 <dcd_rp2040_irq+0x22e>
20000724:	e706      	b.n	20000534 <dcd_rp2040_irq+0x3c>
20000726:	3302      	adds	r3, #2
20000728:	5ce2      	ldrb	r2, [r4, r3]
2000072a:	2a00      	cmp	r2, #0
2000072c:	d000      	beq.n	20000730 <dcd_rp2040_irq+0x238>
2000072e:	e10d      	b.n	2000094c <dcd_rp2040_irq+0x454>
20000730:	003e      	movs	r6, r7
20000732:	e6ff      	b.n	20000534 <dcd_rp2040_irq+0x3c>
20000734:	33b8      	adds	r3, #184	@ 0xb8
20000736:	5ce7      	ldrb	r7, [r4, r3]
20000738:	2f00      	cmp	r7, #0
2000073a:	d100      	bne.n	2000073e <dcd_rp2040_irq+0x246>
2000073c:	e6ff      	b.n	2000053e <dcd_rp2040_irq+0x46>
2000073e:	3302      	adds	r3, #2
20000740:	5ce2      	ldrb	r2, [r4, r3]
20000742:	2a00      	cmp	r2, #0
20000744:	d000      	beq.n	20000748 <dcd_rp2040_irq+0x250>
20000746:	e0f9      	b.n	2000093c <dcd_rp2040_irq+0x444>
20000748:	003e      	movs	r6, r7
2000074a:	e6f8      	b.n	2000053e <dcd_rp2040_irq+0x46>
2000074c:	33f8      	adds	r3, #248	@ 0xf8
2000074e:	5ce7      	ldrb	r7, [r4, r3]
20000750:	2f00      	cmp	r7, #0
20000752:	d100      	bne.n	20000756 <dcd_rp2040_irq+0x25e>
20000754:	e6f8      	b.n	20000548 <dcd_rp2040_irq+0x50>
20000756:	3302      	adds	r3, #2
20000758:	5ce2      	ldrb	r2, [r4, r3]
2000075a:	2a00      	cmp	r2, #0
2000075c:	d000      	beq.n	20000760 <dcd_rp2040_irq+0x268>
2000075e:	e141      	b.n	200009e4 <dcd_rp2040_irq+0x4ec>
20000760:	003e      	movs	r6, r7
20000762:	e6f1      	b.n	20000548 <dcd_rp2040_irq+0x50>
20000764:	33f9      	adds	r3, #249	@ 0xf9
20000766:	33ff      	adds	r3, #255	@ 0xff
20000768:	5ce7      	ldrb	r7, [r4, r3]
2000076a:	2f00      	cmp	r7, #0
2000076c:	d100      	bne.n	20000770 <dcd_rp2040_irq+0x278>
2000076e:	e703      	b.n	20000578 <dcd_rp2040_irq+0x80>
20000770:	3302      	adds	r3, #2
20000772:	5ce2      	ldrb	r2, [r4, r3]
20000774:	2a00      	cmp	r2, #0
20000776:	d000      	beq.n	2000077a <dcd_rp2040_irq+0x282>
20000778:	e12b      	b.n	200009d2 <dcd_rp2040_irq+0x4da>
2000077a:	003e      	movs	r6, r7
2000077c:	e6fc      	b.n	20000578 <dcd_rp2040_irq+0x80>
2000077e:	3379      	adds	r3, #121	@ 0x79
20000780:	33ff      	adds	r3, #255	@ 0xff
20000782:	5ce7      	ldrb	r7, [r4, r3]
20000784:	2f00      	cmp	r7, #0
20000786:	d100      	bne.n	2000078a <dcd_rp2040_irq+0x292>
20000788:	e6ea      	b.n	20000560 <dcd_rp2040_irq+0x68>
2000078a:	3302      	adds	r3, #2
2000078c:	5ce2      	ldrb	r2, [r4, r3]
2000078e:	2a00      	cmp	r2, #0
20000790:	d000      	beq.n	20000794 <dcd_rp2040_irq+0x29c>
20000792:	e115      	b.n	200009c0 <dcd_rp2040_irq+0x4c8>
20000794:	003e      	movs	r6, r7
20000796:	e6e3      	b.n	20000560 <dcd_rp2040_irq+0x68>
20000798:	4b32      	ldr	r3, [pc, #200]	@ (20000864 <dcd_rp2040_irq+0x36c>)
2000079a:	5ce7      	ldrb	r7, [r4, r3]
2000079c:	2f00      	cmp	r7, #0
2000079e:	d100      	bne.n	200007a2 <dcd_rp2040_irq+0x2aa>
200007a0:	e6f4      	b.n	2000058c <dcd_rp2040_irq+0x94>
200007a2:	3302      	adds	r3, #2
200007a4:	5ce2      	ldrb	r2, [r4, r3]
200007a6:	2a00      	cmp	r2, #0
200007a8:	d000      	beq.n	200007ac <dcd_rp2040_irq+0x2b4>
200007aa:	e101      	b.n	200009b0 <dcd_rp2040_irq+0x4b8>
200007ac:	003e      	movs	r6, r7
200007ae:	e6ed      	b.n	2000058c <dcd_rp2040_irq+0x94>
200007b0:	3339      	adds	r3, #57	@ 0x39
200007b2:	33ff      	adds	r3, #255	@ 0xff
200007b4:	5ce7      	ldrb	r7, [r4, r3]
200007b6:	2f00      	cmp	r7, #0
200007b8:	d100      	bne.n	200007bc <dcd_rp2040_irq+0x2c4>
200007ba:	e6cb      	b.n	20000554 <dcd_rp2040_irq+0x5c>
200007bc:	3302      	adds	r3, #2
200007be:	5ce2      	ldrb	r2, [r4, r3]
200007c0:	2a00      	cmp	r2, #0
200007c2:	d000      	beq.n	200007c6 <dcd_rp2040_irq+0x2ce>
200007c4:	e0eb      	b.n	2000099e <dcd_rp2040_irq+0x4a6>
200007c6:	003e      	movs	r6, r7
200007c8:	e6c4      	b.n	20000554 <dcd_rp2040_irq+0x5c>
200007ca:	3338      	adds	r3, #56	@ 0x38
200007cc:	5ce6      	ldrb	r6, [r4, r3]
200007ce:	2e00      	cmp	r6, #0
200007d0:	d100      	bne.n	200007d4 <dcd_rp2040_irq+0x2dc>
200007d2:	e6aa      	b.n	2000052a <dcd_rp2040_irq+0x32>
200007d4:	3302      	adds	r3, #2
200007d6:	5ce2      	ldrb	r2, [r4, r3]
200007d8:	2a00      	cmp	r2, #0
200007da:	d100      	bne.n	200007de <dcd_rp2040_irq+0x2e6>
200007dc:	e6a5      	b.n	2000052a <dcd_rp2040_irq+0x32>
200007de:	0020      	movs	r0, r4
200007e0:	2200      	movs	r2, #0
200007e2:	3020      	adds	r0, #32
200007e4:	54e2      	strb	r2, [r4, r3]
200007e6:	f000 fa4d 	bl	20000c84 <hw_endpoint_start_next_buffer>
200007ea:	e69e      	b.n	2000052a <dcd_rp2040_irq+0x32>
200007ec:	33b9      	adds	r3, #185	@ 0xb9
200007ee:	33ff      	adds	r3, #255	@ 0xff
200007f0:	5ce7      	ldrb	r7, [r4, r3]
200007f2:	2f00      	cmp	r7, #0
200007f4:	d100      	bne.n	200007f8 <dcd_rp2040_irq+0x300>
200007f6:	e6b9      	b.n	2000056c <dcd_rp2040_irq+0x74>
200007f8:	3302      	adds	r3, #2
200007fa:	5ce2      	ldrb	r2, [r4, r3]
200007fc:	2a00      	cmp	r2, #0
200007fe:	d000      	beq.n	20000802 <dcd_rp2040_irq+0x30a>
20000800:	e0c4      	b.n	2000098c <dcd_rp2040_irq+0x494>
20000802:	003e      	movs	r6, r7
20000804:	e6b2      	b.n	2000056c <dcd_rp2040_irq+0x74>
20000806:	4b18      	ldr	r3, [pc, #96]	@ (20000868 <dcd_rp2040_irq+0x370>)
20000808:	5ce7      	ldrb	r7, [r4, r3]
2000080a:	2f00      	cmp	r7, #0
2000080c:	d100      	bne.n	20000810 <dcd_rp2040_irq+0x318>
2000080e:	e6c7      	b.n	200005a0 <dcd_rp2040_irq+0xa8>
20000810:	3302      	adds	r3, #2
20000812:	5ce2      	ldrb	r2, [r4, r3]
20000814:	2a00      	cmp	r2, #0
20000816:	d000      	beq.n	2000081a <dcd_rp2040_irq+0x322>
20000818:	e0b0      	b.n	2000097c <dcd_rp2040_irq+0x484>
2000081a:	003e      	movs	r6, r7
2000081c:	e6c0      	b.n	200005a0 <dcd_rp2040_irq+0xa8>
2000081e:	46c0      	nop			@ (mov r8, r8)
20000820:	50110000 	.word	0x50110000
20000824:	40054000 	.word	0x40054000
20000828:	20001d30 	.word	0x20001d30
2000082c:	20001d28 	.word	0x20001d28
20000830:	0000023b 	.word	0x0000023b
20000834:	0000027b 	.word	0x0000027b
20000838:	000002bb 	.word	0x000002bb
2000083c:	000002fb 	.word	0x000002fb
20000840:	0000033b 	.word	0x0000033b
20000844:	0000037b 	.word	0x0000037b
20000848:	000003bb 	.word	0x000003bb
2000084c:	000003fb 	.word	0x000003fb
20000850:	2000219e 	.word	0x2000219e
20000854:	50113000 	.word	0x50113000
20000858:	00020010 	.word	0x00020010
2000085c:	50100000 	.word	0x50100000
20000860:	50112000 	.word	0x50112000
20000864:	0000027a 	.word	0x0000027a
20000868:	000002fa 	.word	0x000002fa
2000086c:	4b6b      	ldr	r3, [pc, #428]	@ (20000a1c <dcd_rp2040_irq+0x524>)
2000086e:	5ce7      	ldrb	r7, [r4, r3]
20000870:	2f00      	cmp	r7, #0
20000872:	d100      	bne.n	20000876 <dcd_rp2040_irq+0x37e>
20000874:	e685      	b.n	20000582 <dcd_rp2040_irq+0x8a>
20000876:	3302      	adds	r3, #2
20000878:	5ce2      	ldrb	r2, [r4, r3]
2000087a:	2a00      	cmp	r2, #0
2000087c:	d176      	bne.n	2000096c <dcd_rp2040_irq+0x474>
2000087e:	003e      	movs	r6, r7
20000880:	e67f      	b.n	20000582 <dcd_rp2040_irq+0x8a>
20000882:	4b67      	ldr	r3, [pc, #412]	@ (20000a20 <dcd_rp2040_irq+0x528>)
20000884:	5ce7      	ldrb	r7, [r4, r3]
20000886:	2f00      	cmp	r7, #0
20000888:	d100      	bne.n	2000088c <dcd_rp2040_irq+0x394>
2000088a:	e684      	b.n	20000596 <dcd_rp2040_irq+0x9e>
2000088c:	3302      	adds	r3, #2
2000088e:	5ce2      	ldrb	r2, [r4, r3]
20000890:	2a00      	cmp	r2, #0
20000892:	d163      	bne.n	2000095c <dcd_rp2040_irq+0x464>
20000894:	003e      	movs	r6, r7
20000896:	e67e      	b.n	20000596 <dcd_rp2040_irq+0x9e>
20000898:	4b62      	ldr	r3, [pc, #392]	@ (20000a24 <dcd_rp2040_irq+0x52c>)
2000089a:	5ce7      	ldrb	r7, [r4, r3]
2000089c:	2f00      	cmp	r7, #0
2000089e:	d100      	bne.n	200008a2 <dcd_rp2040_irq+0x3aa>
200008a0:	e688      	b.n	200005b4 <dcd_rp2040_irq+0xbc>
200008a2:	3302      	adds	r3, #2
200008a4:	5ce2      	ldrb	r2, [r4, r3]
200008a6:	2a00      	cmp	r2, #0
200008a8:	d000      	beq.n	200008ac <dcd_rp2040_irq+0x3b4>
200008aa:	e0a3      	b.n	200009f4 <dcd_rp2040_irq+0x4fc>
200008ac:	4b5e      	ldr	r3, [pc, #376]	@ (20000a28 <dcd_rp2040_irq+0x530>)
200008ae:	5ce3      	ldrb	r3, [r4, r3]
200008b0:	2b02      	cmp	r3, #2
200008b2:	d130      	bne.n	20000916 <dcd_rp2040_irq+0x41e>
200008b4:	4b5d      	ldr	r3, [pc, #372]	@ (20000a2c <dcd_rp2040_irq+0x534>)
200008b6:	5ce3      	ldrb	r3, [r4, r3]
200008b8:	2b00      	cmp	r3, #0
200008ba:	d127      	bne.n	2000090c <dcd_rp2040_irq+0x414>
200008bc:	4b5c      	ldr	r3, [pc, #368]	@ (20000a30 <dcd_rp2040_irq+0x538>)
200008be:	5ce3      	ldrb	r3, [r4, r3]
200008c0:	2b02      	cmp	r3, #2
200008c2:	d000      	beq.n	200008c6 <dcd_rp2040_irq+0x3ce>
200008c4:	e68b      	b.n	200005de <dcd_rp2040_irq+0xe6>
200008c6:	003e      	movs	r6, r7
200008c8:	4b5a      	ldr	r3, [pc, #360]	@ (20000a34 <dcd_rp2040_irq+0x53c>)
200008ca:	5ce3      	ldrb	r3, [r4, r3]
200008cc:	2b00      	cmp	r3, #0
200008ce:	d100      	bne.n	200008d2 <dcd_rp2040_irq+0x3da>
200008d0:	e67a      	b.n	200005c8 <dcd_rp2040_irq+0xd0>
200008d2:	23ff      	movs	r3, #255	@ 0xff
200008d4:	009b      	lsls	r3, r3, #2
200008d6:	5ce2      	ldrb	r2, [r4, r3]
200008d8:	2a00      	cmp	r2, #0
200008da:	d100      	bne.n	200008de <dcd_rp2040_irq+0x3e6>
200008dc:	e67f      	b.n	200005de <dcd_rp2040_irq+0xe6>
200008de:	2200      	movs	r2, #0
200008e0:	54e2      	strb	r2, [r4, r3]
200008e2:	3b1c      	subs	r3, #28
200008e4:	18e0      	adds	r0, r4, r3
200008e6:	f000 f9cd 	bl	20000c84 <hw_endpoint_start_next_buffer>
200008ea:	e678      	b.n	200005de <dcd_rp2040_irq+0xe6>
200008ec:	4b52      	ldr	r3, [pc, #328]	@ (20000a38 <dcd_rp2040_irq+0x540>)
200008ee:	5ce7      	ldrb	r7, [r4, r3]
200008f0:	2f00      	cmp	r7, #0
200008f2:	d100      	bne.n	200008f6 <dcd_rp2040_irq+0x3fe>
200008f4:	e659      	b.n	200005aa <dcd_rp2040_irq+0xb2>
200008f6:	3302      	adds	r3, #2
200008f8:	5ce2      	ldrb	r2, [r4, r3]
200008fa:	2a00      	cmp	r2, #0
200008fc:	d116      	bne.n	2000092c <dcd_rp2040_irq+0x434>
200008fe:	003e      	movs	r6, r7
20000900:	e653      	b.n	200005aa <dcd_rp2040_irq+0xb2>
20000902:	4b4a      	ldr	r3, [pc, #296]	@ (20000a2c <dcd_rp2040_irq+0x534>)
20000904:	5ce3      	ldrb	r3, [r4, r3]
20000906:	2b00      	cmp	r3, #0
20000908:	d100      	bne.n	2000090c <dcd_rp2040_irq+0x414>
2000090a:	e658      	b.n	200005be <dcd_rp2040_irq+0xc6>
2000090c:	23ef      	movs	r3, #239	@ 0xef
2000090e:	009b      	lsls	r3, r3, #2
20000910:	5ce2      	ldrb	r2, [r4, r3]
20000912:	2a00      	cmp	r2, #0
20000914:	d175      	bne.n	20000a02 <dcd_rp2040_irq+0x50a>
20000916:	4b46      	ldr	r3, [pc, #280]	@ (20000a30 <dcd_rp2040_irq+0x538>)
20000918:	5ce3      	ldrb	r3, [r4, r3]
2000091a:	2b02      	cmp	r3, #2
2000091c:	d000      	beq.n	20000920 <dcd_rp2040_irq+0x428>
2000091e:	e65e      	b.n	200005de <dcd_rp2040_irq+0xe6>
20000920:	4b44      	ldr	r3, [pc, #272]	@ (20000a34 <dcd_rp2040_irq+0x53c>)
20000922:	5ce3      	ldrb	r3, [r4, r3]
20000924:	2b00      	cmp	r3, #0
20000926:	d100      	bne.n	2000092a <dcd_rp2040_irq+0x432>
20000928:	e659      	b.n	200005de <dcd_rp2040_irq+0xe6>
2000092a:	e7d2      	b.n	200008d2 <dcd_rp2040_irq+0x3da>
2000092c:	2200      	movs	r2, #0
2000092e:	54e2      	strb	r2, [r4, r3]
20000930:	3b1c      	subs	r3, #28
20000932:	18e0      	adds	r0, r4, r3
20000934:	f000 f9a6 	bl	20000c84 <hw_endpoint_start_next_buffer>
20000938:	003e      	movs	r6, r7
2000093a:	e636      	b.n	200005aa <dcd_rp2040_irq+0xb2>
2000093c:	0020      	movs	r0, r4
2000093e:	2200      	movs	r2, #0
20000940:	30a0      	adds	r0, #160	@ 0xa0
20000942:	54e2      	strb	r2, [r4, r3]
20000944:	003e      	movs	r6, r7
20000946:	f000 f99d 	bl	20000c84 <hw_endpoint_start_next_buffer>
2000094a:	e5f8      	b.n	2000053e <dcd_rp2040_irq+0x46>
2000094c:	0020      	movs	r0, r4
2000094e:	2200      	movs	r2, #0
20000950:	3060      	adds	r0, #96	@ 0x60
20000952:	54e2      	strb	r2, [r4, r3]
20000954:	003e      	movs	r6, r7
20000956:	f000 f995 	bl	20000c84 <hw_endpoint_start_next_buffer>
2000095a:	e5eb      	b.n	20000534 <dcd_rp2040_irq+0x3c>
2000095c:	2200      	movs	r2, #0
2000095e:	54e2      	strb	r2, [r4, r3]
20000960:	3b1c      	subs	r3, #28
20000962:	18e0      	adds	r0, r4, r3
20000964:	f000 f98e 	bl	20000c84 <hw_endpoint_start_next_buffer>
20000968:	003e      	movs	r6, r7
2000096a:	e614      	b.n	20000596 <dcd_rp2040_irq+0x9e>
2000096c:	2200      	movs	r2, #0
2000096e:	54e2      	strb	r2, [r4, r3]
20000970:	3b1c      	subs	r3, #28
20000972:	18e0      	adds	r0, r4, r3
20000974:	f000 f986 	bl	20000c84 <hw_endpoint_start_next_buffer>
20000978:	003e      	movs	r6, r7
2000097a:	e602      	b.n	20000582 <dcd_rp2040_irq+0x8a>
2000097c:	2200      	movs	r2, #0
2000097e:	54e2      	strb	r2, [r4, r3]
20000980:	3b1c      	subs	r3, #28
20000982:	18e0      	adds	r0, r4, r3
20000984:	f000 f97e 	bl	20000c84 <hw_endpoint_start_next_buffer>
20000988:	003e      	movs	r6, r7
2000098a:	e609      	b.n	200005a0 <dcd_rp2040_irq+0xa8>
2000098c:	0020      	movs	r0, r4
2000098e:	2200      	movs	r2, #0
20000990:	30a1      	adds	r0, #161	@ 0xa1
20000992:	30ff      	adds	r0, #255	@ 0xff
20000994:	54e2      	strb	r2, [r4, r3]
20000996:	003e      	movs	r6, r7
20000998:	f000 f974 	bl	20000c84 <hw_endpoint_start_next_buffer>
2000099c:	e5e6      	b.n	2000056c <dcd_rp2040_irq+0x74>
2000099e:	0020      	movs	r0, r4
200009a0:	2200      	movs	r2, #0
200009a2:	3021      	adds	r0, #33	@ 0x21
200009a4:	30ff      	adds	r0, #255	@ 0xff
200009a6:	54e2      	strb	r2, [r4, r3]
200009a8:	003e      	movs	r6, r7
200009aa:	f000 f96b 	bl	20000c84 <hw_endpoint_start_next_buffer>
200009ae:	e5d1      	b.n	20000554 <dcd_rp2040_irq+0x5c>
200009b0:	2200      	movs	r2, #0
200009b2:	54e2      	strb	r2, [r4, r3]
200009b4:	3b1c      	subs	r3, #28
200009b6:	18e0      	adds	r0, r4, r3
200009b8:	f000 f964 	bl	20000c84 <hw_endpoint_start_next_buffer>
200009bc:	003e      	movs	r6, r7
200009be:	e5e5      	b.n	2000058c <dcd_rp2040_irq+0x94>
200009c0:	0020      	movs	r0, r4
200009c2:	2200      	movs	r2, #0
200009c4:	3061      	adds	r0, #97	@ 0x61
200009c6:	30ff      	adds	r0, #255	@ 0xff
200009c8:	54e2      	strb	r2, [r4, r3]
200009ca:	003e      	movs	r6, r7
200009cc:	f000 f95a 	bl	20000c84 <hw_endpoint_start_next_buffer>
200009d0:	e5c6      	b.n	20000560 <dcd_rp2040_irq+0x68>
200009d2:	0020      	movs	r0, r4
200009d4:	2200      	movs	r2, #0
200009d6:	30e1      	adds	r0, #225	@ 0xe1
200009d8:	30ff      	adds	r0, #255	@ 0xff
200009da:	54e2      	strb	r2, [r4, r3]
200009dc:	003e      	movs	r6, r7
200009de:	f000 f951 	bl	20000c84 <hw_endpoint_start_next_buffer>
200009e2:	e5c9      	b.n	20000578 <dcd_rp2040_irq+0x80>
200009e4:	0020      	movs	r0, r4
200009e6:	2200      	movs	r2, #0
200009e8:	30e0      	adds	r0, #224	@ 0xe0
200009ea:	54e2      	strb	r2, [r4, r3]
200009ec:	003e      	movs	r6, r7
200009ee:	f000 f949 	bl	20000c84 <hw_endpoint_start_next_buffer>
200009f2:	e5a9      	b.n	20000548 <dcd_rp2040_irq+0x50>
200009f4:	2200      	movs	r2, #0
200009f6:	54e2      	strb	r2, [r4, r3]
200009f8:	3b1c      	subs	r3, #28
200009fa:	18e0      	adds	r0, r4, r3
200009fc:	f000 f942 	bl	20000c84 <hw_endpoint_start_next_buffer>
20000a00:	e754      	b.n	200008ac <dcd_rp2040_irq+0x3b4>
20000a02:	2200      	movs	r2, #0
20000a04:	54e2      	strb	r2, [r4, r3]
20000a06:	3b1c      	subs	r3, #28
20000a08:	18e0      	adds	r0, r4, r3
20000a0a:	f000 f93b 	bl	20000c84 <hw_endpoint_start_next_buffer>
20000a0e:	e782      	b.n	20000916 <dcd_rp2040_irq+0x41e>
20000a10:	0031      	movs	r1, r6
20000a12:	480a      	ldr	r0, [pc, #40]	@ (20000a3c <dcd_rp2040_irq+0x544>)
20000a14:	4069      	eors	r1, r5
20000a16:	f000 fa7f 	bl	20000f18 <__panic_veneer>
20000a1a:	46c0      	nop			@ (mov r8, r8)
20000a1c:	0000023a 	.word	0x0000023a
20000a20:	000002ba 	.word	0x000002ba
20000a24:	0000037a 	.word	0x0000037a
20000a28:	000003bb 	.word	0x000003bb
20000a2c:	000003ba 	.word	0x000003ba
20000a30:	000003fb 	.word	0x000003fb
20000a34:	000003fa 	.word	0x000003fa
20000a38:	0000033a 	.word	0x0000033a
20000a3c:	10004f10 	.word	0x10004f10

20000a40 <prepare_ep_buffer>:
20000a40:	b5f0      	push	{r4, r5, r6, r7, lr}
20000a42:	46c6      	mov	lr, r8
20000a44:	b500      	push	{lr}
20000a46:	0002      	movs	r2, r0
20000a48:	8a83      	ldrh	r3, [r0, #20]
20000a4a:	8b00      	ldrh	r0, [r0, #24]
20000a4c:	468c      	mov	ip, r1
20000a4e:	1c01      	adds	r1, r0, #0
20000a50:	4298      	cmp	r0, r3
20000a52:	d900      	bls.n	20000a56 <prepare_ep_buffer+0x16>
20000a54:	1c19      	adds	r1, r3, #0
20000a56:	78d4      	ldrb	r4, [r2, #3]
20000a58:	2580      	movs	r5, #128	@ 0x80
20000a5a:	0020      	movs	r0, r4
20000a5c:	1e46      	subs	r6, r0, #1
20000a5e:	41b0      	sbcs	r0, r6
20000a60:	b289      	uxth	r1, r1
20000a62:	00ed      	lsls	r5, r5, #3
20000a64:	430d      	orrs	r5, r1
20000a66:	0340      	lsls	r0, r0, #13
20000a68:	4328      	orrs	r0, r5
20000a6a:	2501      	movs	r5, #1
20000a6c:	406c      	eors	r4, r5
20000a6e:	1a5b      	subs	r3, r3, r1
20000a70:	70d4      	strb	r4, [r2, #3]
20000a72:	7854      	ldrb	r4, [r2, #1]
20000a74:	b29b      	uxth	r3, r3
20000a76:	8293      	strh	r3, [r2, #20]
20000a78:	2c00      	cmp	r4, #0
20000a7a:	d131      	bne.n	20000ae0 <prepare_ep_buffer+0xa0>
20000a7c:	4664      	mov	r4, ip
20000a7e:	68d5      	ldr	r5, [r2, #12]
20000a80:	01a4      	lsls	r4, r4, #6
20000a82:	1e4e      	subs	r6, r1, #1
20000a84:	192d      	adds	r5, r5, r4
20000a86:	46b0      	mov	r8, r6
20000a88:	6914      	ldr	r4, [r2, #16]
20000a8a:	2900      	cmp	r1, #0
20000a8c:	d023      	beq.n	20000ad6 <prepare_ep_buffer+0x96>
20000a8e:	2e06      	cmp	r6, #6
20000a90:	d932      	bls.n	20000af8 <prepare_ep_buffer+0xb8>
20000a92:	002b      	movs	r3, r5
20000a94:	4323      	orrs	r3, r4
20000a96:	079b      	lsls	r3, r3, #30
20000a98:	d12e      	bne.n	20000af8 <prepare_ep_buffer+0xb8>
20000a9a:	1c63      	adds	r3, r4, #1
20000a9c:	1aeb      	subs	r3, r5, r3
20000a9e:	2b02      	cmp	r3, #2
20000aa0:	d92a      	bls.n	20000af8 <prepare_ep_buffer+0xb8>
20000aa2:	2300      	movs	r3, #0
20000aa4:	088f      	lsrs	r7, r1, #2
20000aa6:	00bf      	lsls	r7, r7, #2
20000aa8:	58e6      	ldr	r6, [r4, r3]
20000aaa:	50ee      	str	r6, [r5, r3]
20000aac:	3304      	adds	r3, #4
20000aae:	429f      	cmp	r7, r3
20000ab0:	d1fa      	bne.n	20000aa8 <prepare_ep_buffer+0x68>
20000ab2:	4643      	mov	r3, r8
20000ab4:	19ed      	adds	r5, r5, r7
20000ab6:	1bdb      	subs	r3, r3, r7
20000ab8:	19e4      	adds	r4, r4, r7
20000aba:	42b9      	cmp	r1, r7
20000abc:	d009      	beq.n	20000ad2 <prepare_ep_buffer+0x92>
20000abe:	7826      	ldrb	r6, [r4, #0]
20000ac0:	702e      	strb	r6, [r5, #0]
20000ac2:	2b00      	cmp	r3, #0
20000ac4:	d005      	beq.n	20000ad2 <prepare_ep_buffer+0x92>
20000ac6:	7866      	ldrb	r6, [r4, #1]
20000ac8:	706e      	strb	r6, [r5, #1]
20000aca:	2b01      	cmp	r3, #1
20000acc:	d001      	beq.n	20000ad2 <prepare_ep_buffer+0x92>
20000ace:	78a3      	ldrb	r3, [r4, #2]
20000ad0:	70ab      	strb	r3, [r5, #2]
20000ad2:	6914      	ldr	r4, [r2, #16]
20000ad4:	8a93      	ldrh	r3, [r2, #20]
20000ad6:	1864      	adds	r4, r4, r1
20000ad8:	6114      	str	r4, [r2, #16]
20000ada:	2280      	movs	r2, #128	@ 0x80
20000adc:	0212      	lsls	r2, r2, #8
20000ade:	4310      	orrs	r0, r2
20000ae0:	2b00      	cmp	r3, #0
20000ae2:	d102      	bne.n	20000aea <prepare_ep_buffer+0xaa>
20000ae4:	2380      	movs	r3, #128	@ 0x80
20000ae6:	01db      	lsls	r3, r3, #7
20000ae8:	4318      	orrs	r0, r3
20000aea:	4663      	mov	r3, ip
20000aec:	2b00      	cmp	r3, #0
20000aee:	d000      	beq.n	20000af2 <prepare_ep_buffer+0xb2>
20000af0:	0400      	lsls	r0, r0, #16
20000af2:	bc80      	pop	{r7}
20000af4:	46b8      	mov	r8, r7
20000af6:	bdf0      	pop	{r4, r5, r6, r7, pc}
20000af8:	2300      	movs	r3, #0
20000afa:	5ce6      	ldrb	r6, [r4, r3]
20000afc:	54ee      	strb	r6, [r5, r3]
20000afe:	3301      	adds	r3, #1
20000b00:	4299      	cmp	r1, r3
20000b02:	d1fa      	bne.n	20000afa <prepare_ep_buffer+0xba>
20000b04:	e7e5      	b.n	20000ad2 <prepare_ep_buffer+0x92>
20000b06:	46c0      	nop			@ (mov r8, r8)

20000b08 <sync_ep_buffer>:
20000b08:	6883      	ldr	r3, [r0, #8]
20000b0a:	b5f0      	push	{r4, r5, r6, r7, lr}
20000b0c:	681a      	ldr	r2, [r3, #0]
20000b0e:	0004      	movs	r4, r0
20000b10:	2900      	cmp	r1, #0
20000b12:	d000      	beq.n	20000b16 <sync_ep_buffer+0xe>
20000b14:	0c12      	lsrs	r2, r2, #16
20000b16:	7863      	ldrb	r3, [r4, #1]
20000b18:	0592      	lsls	r2, r2, #22
20000b1a:	0d90      	lsrs	r0, r2, #22
20000b1c:	2b00      	cmp	r3, #0
20000b1e:	d108      	bne.n	20000b32 <sync_ep_buffer+0x2a>
20000b20:	8ae3      	ldrh	r3, [r4, #22]
20000b22:	18c3      	adds	r3, r0, r3
20000b24:	82e3      	strh	r3, [r4, #22]
20000b26:	8b23      	ldrh	r3, [r4, #24]
20000b28:	4283      	cmp	r3, r0
20000b2a:	d901      	bls.n	20000b30 <sync_ep_buffer+0x28>
20000b2c:	2300      	movs	r3, #0
20000b2e:	82a3      	strh	r3, [r4, #20]
20000b30:	bdf0      	pop	{r4, r5, r6, r7, pc}
20000b32:	68e3      	ldr	r3, [r4, #12]
20000b34:	0189      	lsls	r1, r1, #6
20000b36:	6925      	ldr	r5, [r4, #16]
20000b38:	185e      	adds	r6, r3, r1
20000b3a:	1e47      	subs	r7, r0, #1
20000b3c:	2800      	cmp	r0, #0
20000b3e:	d022      	beq.n	20000b86 <sync_ep_buffer+0x7e>
20000b40:	2f06      	cmp	r7, #6
20000b42:	d926      	bls.n	20000b92 <sync_ep_buffer+0x8a>
20000b44:	3101      	adds	r1, #1
20000b46:	185b      	adds	r3, r3, r1
20000b48:	1aeb      	subs	r3, r5, r3
20000b4a:	2b02      	cmp	r3, #2
20000b4c:	d921      	bls.n	20000b92 <sync_ep_buffer+0x8a>
20000b4e:	002b      	movs	r3, r5
20000b50:	4333      	orrs	r3, r6
20000b52:	079b      	lsls	r3, r3, #30
20000b54:	d11d      	bne.n	20000b92 <sync_ep_buffer+0x8a>
20000b56:	2300      	movs	r3, #0
20000b58:	0e12      	lsrs	r2, r2, #24
20000b5a:	0092      	lsls	r2, r2, #2
20000b5c:	58f1      	ldr	r1, [r6, r3]
20000b5e:	50e9      	str	r1, [r5, r3]
20000b60:	3304      	adds	r3, #4
20000b62:	429a      	cmp	r2, r3
20000b64:	d1fa      	bne.n	20000b5c <sync_ep_buffer+0x54>
20000b66:	1abf      	subs	r7, r7, r2
20000b68:	18ad      	adds	r5, r5, r2
20000b6a:	18b6      	adds	r6, r6, r2
20000b6c:	4290      	cmp	r0, r2
20000b6e:	d009      	beq.n	20000b84 <sync_ep_buffer+0x7c>
20000b70:	7832      	ldrb	r2, [r6, #0]
20000b72:	702a      	strb	r2, [r5, #0]
20000b74:	2f00      	cmp	r7, #0
20000b76:	d005      	beq.n	20000b84 <sync_ep_buffer+0x7c>
20000b78:	7872      	ldrb	r2, [r6, #1]
20000b7a:	706a      	strb	r2, [r5, #1]
20000b7c:	2f01      	cmp	r7, #1
20000b7e:	d001      	beq.n	20000b84 <sync_ep_buffer+0x7c>
20000b80:	78b2      	ldrb	r2, [r6, #2]
20000b82:	70aa      	strb	r2, [r5, #2]
20000b84:	6925      	ldr	r5, [r4, #16]
20000b86:	8ae3      	ldrh	r3, [r4, #22]
20000b88:	182d      	adds	r5, r5, r0
20000b8a:	18c3      	adds	r3, r0, r3
20000b8c:	82e3      	strh	r3, [r4, #22]
20000b8e:	6125      	str	r5, [r4, #16]
20000b90:	e7c9      	b.n	20000b26 <sync_ep_buffer+0x1e>
20000b92:	2200      	movs	r2, #0
20000b94:	5cb3      	ldrb	r3, [r6, r2]
20000b96:	54ab      	strb	r3, [r5, r2]
20000b98:	3201      	adds	r2, #1
20000b9a:	4290      	cmp	r0, r2
20000b9c:	d1fa      	bne.n	20000b94 <sync_ep_buffer+0x8c>
20000b9e:	6925      	ldr	r5, [r4, #16]
20000ba0:	e7f1      	b.n	20000b86 <sync_ep_buffer+0x7e>
20000ba2:	46c0      	nop			@ (mov r8, r8)

20000ba4 <_hw_endpoint_xfer_sync>:
20000ba4:	b510      	push	{r4, lr}
20000ba6:	0004      	movs	r4, r0
20000ba8:	6883      	ldr	r3, [r0, #8]
20000baa:	2100      	movs	r1, #0
20000bac:	681b      	ldr	r3, [r3, #0]
20000bae:	f7ff ffab 	bl	20000b08 <sync_ep_buffer>
20000bb2:	6863      	ldr	r3, [r4, #4]
20000bb4:	681b      	ldr	r3, [r3, #0]
20000bb6:	005b      	lsls	r3, r3, #1
20000bb8:	d502      	bpl.n	20000bc0 <_hw_endpoint_xfer_sync+0x1c>
20000bba:	8b23      	ldrh	r3, [r4, #24]
20000bbc:	4283      	cmp	r3, r0
20000bbe:	d000      	beq.n	20000bc2 <_hw_endpoint_xfer_sync+0x1e>
20000bc0:	bd10      	pop	{r4, pc}
20000bc2:	2101      	movs	r1, #1
20000bc4:	0020      	movs	r0, r4
20000bc6:	f7ff ff9f 	bl	20000b08 <sync_ep_buffer>
20000bca:	e7f9      	b.n	20000bc0 <_hw_endpoint_xfer_sync+0x1c>

20000bcc <e15_is_bulkin_ep>:
20000bcc:	4a08      	ldr	r2, [pc, #32]	@ (20000bf0 <e15_is_bulkin_ep+0x24>)
20000bce:	0003      	movs	r3, r0
20000bd0:	6c12      	ldr	r2, [r2, #64]	@ 0x40
20000bd2:	2000      	movs	r0, #0
20000bd4:	0792      	lsls	r2, r2, #30
20000bd6:	d403      	bmi.n	20000be0 <e15_is_bulkin_ep+0x14>
20000bd8:	789a      	ldrb	r2, [r3, #2]
20000bda:	09d2      	lsrs	r2, r2, #7
20000bdc:	2a01      	cmp	r2, #1
20000bde:	d000      	beq.n	20000be2 <e15_is_bulkin_ep+0x16>
20000be0:	4770      	bx	lr
20000be2:	7ed8      	ldrb	r0, [r3, #27]
20000be4:	3802      	subs	r0, #2
20000be6:	4243      	negs	r3, r0
20000be8:	4158      	adcs	r0, r3
20000bea:	b2c0      	uxtb	r0, r0
20000bec:	e7f8      	b.n	20000be0 <e15_is_bulkin_ep+0x14>
20000bee:	46c0      	nop			@ (mov r8, r8)
20000bf0:	50110000 	.word	0x50110000

20000bf4 <e15_is_critical_frame_period>:
20000bf4:	b510      	push	{r4, lr}
20000bf6:	f7ff ffe9 	bl	20000bcc <e15_is_bulkin_ep>
20000bfa:	2800      	cmp	r0, #0
20000bfc:	d00c      	beq.n	20000c18 <e15_is_critical_frame_period+0x24>
20000bfe:	4907      	ldr	r1, [pc, #28]	@ (20000c1c <e15_is_critical_frame_period+0x28>)
20000c00:	4b07      	ldr	r3, [pc, #28]	@ (20000c20 <e15_is_critical_frame_period+0x2c>)
20000c02:	468c      	mov	ip, r1
20000c04:	4a07      	ldr	r2, [pc, #28]	@ (20000c24 <e15_is_critical_frame_period+0x30>)
20000c06:	6a9b      	ldr	r3, [r3, #40]	@ 0x28
20000c08:	6812      	ldr	r2, [r2, #0]
20000c0a:	4463      	add	r3, ip
20000c0c:	1a9b      	subs	r3, r3, r2
20000c0e:	2000      	movs	r0, #0
20000c10:	22c6      	movs	r2, #198	@ 0xc6
20000c12:	429a      	cmp	r2, r3
20000c14:	4140      	adcs	r0, r0
20000c16:	b2c0      	uxtb	r0, r0
20000c18:	bd10      	pop	{r4, pc}
20000c1a:	46c0      	nop			@ (mov r8, r8)
20000c1c:	fffffce0 	.word	0xfffffce0
20000c20:	40054000 	.word	0x40054000
20000c24:	20001d28 	.word	0x20001d28

20000c28 <hw_endpoint_reset_transfer>:
20000c28:	2300      	movs	r3, #0
20000c2a:	7683      	strb	r3, [r0, #26]
20000c2c:	6143      	str	r3, [r0, #20]
20000c2e:	6103      	str	r3, [r0, #16]
20000c30:	4770      	bx	lr
20000c32:	46c0      	nop			@ (mov r8, r8)

20000c34 <_hw_endpoint_buffer_control_update32>:
20000c34:	b510      	push	{r4, lr}
20000c36:	6883      	ldr	r3, [r0, #8]
20000c38:	2900      	cmp	r1, #0
20000c3a:	d001      	beq.n	20000c40 <_hw_endpoint_buffer_control_update32+0xc>
20000c3c:	681c      	ldr	r4, [r3, #0]
20000c3e:	4021      	ands	r1, r4
20000c40:	2a00      	cmp	r2, #0
20000c42:	d012      	beq.n	20000c6a <_hw_endpoint_buffer_control_update32+0x36>
20000c44:	2480      	movs	r4, #128	@ 0x80
20000c46:	00e4      	lsls	r4, r4, #3
20000c48:	4311      	orrs	r1, r2
20000c4a:	4222      	tst	r2, r4
20000c4c:	d00d      	beq.n	20000c6a <_hw_endpoint_buffer_control_update32+0x36>
20000c4e:	681a      	ldr	r2, [r3, #0]
20000c50:	4222      	tst	r2, r4
20000c52:	d10c      	bne.n	20000c6e <_hw_endpoint_buffer_control_update32+0x3a>
20000c54:	4a08      	ldr	r2, [pc, #32]	@ (20000c78 <_hw_endpoint_buffer_control_update32+0x44>)
20000c56:	400a      	ands	r2, r1
20000c58:	601a      	str	r2, [r3, #0]
20000c5a:	4a08      	ldr	r2, [pc, #32]	@ (20000c7c <_hw_endpoint_buffer_control_update32+0x48>)
20000c5c:	6c12      	ldr	r2, [r2, #64]	@ 0x40
20000c5e:	0792      	lsls	r2, r2, #30
20000c60:	d403      	bmi.n	20000c6a <_hw_endpoint_buffer_control_update32+0x36>
20000c62:	230c      	movs	r3, #12
20000c64:	3b03      	subs	r3, #3
20000c66:	d2fd      	bcs.n	20000c64 <_hw_endpoint_buffer_control_update32+0x30>
20000c68:	6883      	ldr	r3, [r0, #8]
20000c6a:	6019      	str	r1, [r3, #0]
20000c6c:	bd10      	pop	{r4, pc}
20000c6e:	7881      	ldrb	r1, [r0, #2]
20000c70:	4803      	ldr	r0, [pc, #12]	@ (20000c80 <_hw_endpoint_buffer_control_update32+0x4c>)
20000c72:	f000 f951 	bl	20000f18 <__panic_veneer>
20000c76:	46c0      	nop			@ (mov r8, r8)
20000c78:	fffffbff 	.word	0xfffffbff
20000c7c:	50110000 	.word	0x50110000
20000c80:	10004f24 	.word	0x10004f24

20000c84 <hw_endpoint_start_next_buffer>:
20000c84:	6843      	ldr	r3, [r0, #4]
20000c86:	b570      	push	{r4, r5, r6, lr}
20000c88:	2100      	movs	r1, #0
20000c8a:	2580      	movs	r5, #128	@ 0x80
20000c8c:	0004      	movs	r4, r0
20000c8e:	681e      	ldr	r6, [r3, #0]
20000c90:	f7ff fed6 	bl	20000a40 <prepare_ep_buffer>
20000c94:	4b12      	ldr	r3, [pc, #72]	@ (20000ce0 <hw_endpoint_start_next_buffer+0x5c>)
20000c96:	016d      	lsls	r5, r5, #5
20000c98:	6c1a      	ldr	r2, [r3, #64]	@ 0x40
20000c9a:	4305      	orrs	r5, r0
20000c9c:	78a3      	ldrb	r3, [r4, #2]
20000c9e:	0792      	lsls	r2, r2, #30
20000ca0:	d50e      	bpl.n	20000cc0 <hw_endpoint_start_next_buffer+0x3c>
20000ca2:	065b      	lsls	r3, r3, #25
20000ca4:	d00e      	beq.n	20000cc4 <hw_endpoint_start_next_buffer+0x40>
20000ca6:	4b0f      	ldr	r3, [pc, #60]	@ (20000ce4 <hw_endpoint_start_next_buffer+0x60>)
20000ca8:	401e      	ands	r6, r3
20000caa:	2380      	movs	r3, #128	@ 0x80
20000cac:	059b      	lsls	r3, r3, #22
20000cae:	4333      	orrs	r3, r6
20000cb0:	6862      	ldr	r2, [r4, #4]
20000cb2:	2100      	movs	r1, #0
20000cb4:	6013      	str	r3, [r2, #0]
20000cb6:	0020      	movs	r0, r4
20000cb8:	002a      	movs	r2, r5
20000cba:	f7ff ffbb 	bl	20000c34 <_hw_endpoint_buffer_control_update32>
20000cbe:	bd70      	pop	{r4, r5, r6, pc}
20000cc0:	09db      	lsrs	r3, r3, #7
20000cc2:	d0f0      	beq.n	20000ca6 <hw_endpoint_start_next_buffer+0x22>
20000cc4:	8aa3      	ldrh	r3, [r4, #20]
20000cc6:	2b00      	cmp	r3, #0
20000cc8:	d0ed      	beq.n	20000ca6 <hw_endpoint_start_next_buffer+0x22>
20000cca:	2101      	movs	r1, #1
20000ccc:	0020      	movs	r0, r4
20000cce:	f7ff feb7 	bl	20000a40 <prepare_ep_buffer>
20000cd2:	23a0      	movs	r3, #160	@ 0xa0
20000cd4:	4a04      	ldr	r2, [pc, #16]	@ (20000ce8 <hw_endpoint_start_next_buffer+0x64>)
20000cd6:	05db      	lsls	r3, r3, #23
20000cd8:	4032      	ands	r2, r6
20000cda:	4305      	orrs	r5, r0
20000cdc:	4313      	orrs	r3, r2
20000cde:	e7e7      	b.n	20000cb0 <hw_endpoint_start_next_buffer+0x2c>
20000ce0:	50110000 	.word	0x50110000
20000ce4:	afffffff 	.word	0xafffffff
20000ce8:	dfffffff 	.word	0xdfffffff

20000cec <hw_endpoint_xfer_continue>:
20000cec:	b570      	push	{r4, r5, r6, lr}
20000cee:	7e85      	ldrb	r5, [r0, #26]
20000cf0:	0004      	movs	r4, r0
20000cf2:	2d00      	cmp	r5, #0
20000cf4:	d014      	beq.n	20000d20 <hw_endpoint_xfer_continue+0x34>
20000cf6:	f7ff ff55 	bl	20000ba4 <_hw_endpoint_xfer_sync>
20000cfa:	8aa3      	ldrh	r3, [r4, #20]
20000cfc:	2b00      	cmp	r3, #0
20000cfe:	d101      	bne.n	20000d04 <hw_endpoint_xfer_continue+0x18>
20000d00:	0028      	movs	r0, r5
20000d02:	bd70      	pop	{r4, r5, r6, pc}
20000d04:	0020      	movs	r0, r4
20000d06:	f7ff ff75 	bl	20000bf4 <e15_is_critical_frame_period>
20000d0a:	2800      	cmp	r0, #0
20000d0c:	d003      	beq.n	20000d16 <hw_endpoint_xfer_continue+0x2a>
20000d0e:	2301      	movs	r3, #1
20000d10:	2500      	movs	r5, #0
20000d12:	7723      	strb	r3, [r4, #28]
20000d14:	e7f4      	b.n	20000d00 <hw_endpoint_xfer_continue+0x14>
20000d16:	0020      	movs	r0, r4
20000d18:	f7ff ffb4 	bl	20000c84 <hw_endpoint_start_next_buffer>
20000d1c:	2500      	movs	r5, #0
20000d1e:	e7ef      	b.n	20000d00 <hw_endpoint_xfer_continue+0x14>
20000d20:	7881      	ldrb	r1, [r0, #2]
20000d22:	4801      	ldr	r0, [pc, #4]	@ (20000d28 <hw_endpoint_xfer_continue+0x3c>)
20000d24:	f000 f8f8 	bl	20000f18 <__panic_veneer>
20000d28:	10004f44 	.word	0x10004f44

20000d2c <dcd_event_handler>:
20000d2c:	b5f0      	push	{r4, r5, r6, r7, lr}
20000d2e:	46ce      	mov	lr, r9
20000d30:	4647      	mov	r7, r8
20000d32:	b580      	push	{r7, lr}
20000d34:	7843      	ldrb	r3, [r0, #1]
20000d36:	0005      	movs	r5, r0
20000d38:	000e      	movs	r6, r1
20000d3a:	b085      	sub	sp, #20
20000d3c:	2b06      	cmp	r3, #6
20000d3e:	d808      	bhi.n	20000d52 <dcd_event_handler+0x26>
20000d40:	4a6c      	ldr	r2, [pc, #432]	@ (20000ef4 <dcd_event_handler+0x1c8>)
20000d42:	009b      	lsls	r3, r3, #2
20000d44:	58d3      	ldr	r3, [r2, r3]
20000d46:	469f      	mov	pc, r3
20000d48:	4a6b      	ldr	r2, [pc, #428]	@ (20000ef8 <dcd_event_handler+0x1cc>)
20000d4a:	7813      	ldrb	r3, [r2, #0]
20000d4c:	3301      	adds	r3, #1
20000d4e:	b2db      	uxtb	r3, r3
20000d50:	7013      	strb	r3, [r2, #0]
20000d52:	4b6a      	ldr	r3, [pc, #424]	@ (20000efc <dcd_event_handler+0x1d0>)
20000d54:	681c      	ldr	r4, [r3, #0]
20000d56:	6962      	ldr	r2, [r4, #20]
20000d58:	f3ef 8110 	mrs	r1, PRIMASK
20000d5c:	b672      	cpsid	i
20000d5e:	6813      	ldr	r3, [r2, #0]
20000d60:	2b00      	cmp	r3, #0
20000d62:	d0fc      	beq.n	20000d5e <dcd_event_handler+0x32>
20000d64:	f3bf 8f5f 	dmb	sy
20000d68:	61a1      	str	r1, [r4, #24]
20000d6a:	0020      	movs	r0, r4
20000d6c:	0029      	movs	r1, r5
20000d6e:	f000 f8db 	bl	20000f28 <__tu_fifo_write_veneer>
20000d72:	6962      	ldr	r2, [r4, #20]
20000d74:	69a3      	ldr	r3, [r4, #24]
20000d76:	f3bf 8f5f 	dmb	sy
20000d7a:	2100      	movs	r1, #0
20000d7c:	6011      	str	r1, [r2, #0]
20000d7e:	f383 8810 	msr	PRIMASK, r3
20000d82:	2800      	cmp	r0, #0
20000d84:	d104      	bne.n	20000d90 <dcd_event_handler+0x64>
20000d86:	b005      	add	sp, #20
20000d88:	bcc0      	pop	{r6, r7}
20000d8a:	46b9      	mov	r9, r7
20000d8c:	46b0      	mov	r8, r6
20000d8e:	bdf0      	pop	{r4, r5, r6, r7, pc}
20000d90:	0032      	movs	r2, r6
20000d92:	7869      	ldrb	r1, [r5, #1]
20000d94:	7828      	ldrb	r0, [r5, #0]
20000d96:	f000 f8cf 	bl	20000f38 <__tud_event_hook_cb_veneer>
20000d9a:	e7f4      	b.n	20000d86 <dcd_event_handler+0x5a>
20000d9c:	2101      	movs	r1, #1
20000d9e:	4b58      	ldr	r3, [pc, #352]	@ (20000f00 <dcd_event_handler+0x1d4>)
20000da0:	781a      	ldrb	r2, [r3, #0]
20000da2:	438a      	bics	r2, r1
20000da4:	701a      	strb	r2, [r3, #0]
20000da6:	781a      	ldrb	r2, [r3, #0]
20000da8:	3101      	adds	r1, #1
20000daa:	438a      	bics	r2, r1
20000dac:	701a      	strb	r2, [r3, #0]
20000dae:	2200      	movs	r2, #0
20000db0:	705a      	strb	r2, [r3, #1]
20000db2:	781a      	ldrb	r2, [r3, #0]
20000db4:	3102      	adds	r1, #2
20000db6:	438a      	bics	r2, r1
20000db8:	701a      	strb	r2, [r3, #0]
20000dba:	e7ca      	b.n	20000d52 <dcd_event_handler+0x26>
20000dbc:	4951      	ldr	r1, [pc, #324]	@ (20000f04 <dcd_event_handler+0x1d8>)
20000dbe:	4f52      	ldr	r7, [pc, #328]	@ (20000f08 <dcd_event_handler+0x1dc>)
20000dc0:	4689      	mov	r9, r1
20000dc2:	4952      	ldr	r1, [pc, #328]	@ (20000f0c <dcd_event_handler+0x1e0>)
20000dc4:	2400      	movs	r4, #0
20000dc6:	2300      	movs	r3, #0
20000dc8:	4688      	mov	r8, r1
20000dca:	783a      	ldrb	r2, [r7, #0]
20000dcc:	e012      	b.n	20000df4 <dcd_event_handler+0xc8>
20000dce:	4643      	mov	r3, r8
20000dd0:	681b      	ldr	r3, [r3, #0]
20000dd2:	0161      	lsls	r1, r4, #5
20000dd4:	185b      	adds	r3, r3, r1
20000dd6:	2b00      	cmp	r3, #0
20000dd8:	d006      	beq.n	20000de8 <dcd_event_handler+0xbc>
20000dda:	69db      	ldr	r3, [r3, #28]
20000ddc:	2b00      	cmp	r3, #0
20000dde:	d003      	beq.n	20000de8 <dcd_event_handler+0xbc>
20000de0:	6869      	ldr	r1, [r5, #4]
20000de2:	7828      	ldrb	r0, [r5, #0]
20000de4:	4798      	blx	r3
20000de6:	783a      	ldrb	r2, [r7, #0]
20000de8:	3401      	adds	r4, #1
20000dea:	b2e4      	uxtb	r4, r4
20000dec:	1c51      	adds	r1, r2, #1
20000dee:	0023      	movs	r3, r4
20000df0:	42a1      	cmp	r1, r4
20000df2:	db17      	blt.n	20000e24 <dcd_event_handler+0xf8>
20000df4:	42a2      	cmp	r2, r4
20000df6:	d8ea      	bhi.n	20000dce <dcd_event_handler+0xa2>
20000df8:	1a9b      	subs	r3, r3, r2
20000dfa:	015b      	lsls	r3, r3, #5
20000dfc:	444b      	add	r3, r9
20000dfe:	e7ec      	b.n	20000dda <dcd_event_handler+0xae>
20000e00:	4b3f      	ldr	r3, [pc, #252]	@ (20000f00 <dcd_event_handler+0x1d4>)
20000e02:	781a      	ldrb	r2, [r3, #0]
20000e04:	07d2      	lsls	r2, r2, #31
20000e06:	d5be      	bpl.n	20000d86 <dcd_event_handler+0x5a>
20000e08:	2104      	movs	r1, #4
20000e0a:	781a      	ldrb	r2, [r3, #0]
20000e0c:	430a      	orrs	r2, r1
20000e0e:	701a      	strb	r2, [r3, #0]
20000e10:	e79f      	b.n	20000d52 <dcd_event_handler+0x26>
20000e12:	4b3b      	ldr	r3, [pc, #236]	@ (20000f00 <dcd_event_handler+0x1d4>)
20000e14:	781a      	ldrb	r2, [r3, #0]
20000e16:	07d2      	lsls	r2, r2, #31
20000e18:	d5b5      	bpl.n	20000d86 <dcd_event_handler+0x5a>
20000e1a:	2104      	movs	r1, #4
20000e1c:	781a      	ldrb	r2, [r3, #0]
20000e1e:	438a      	bics	r2, r1
20000e20:	701a      	strb	r2, [r3, #0]
20000e22:	e796      	b.n	20000d52 <dcd_event_handler+0x26>
20000e24:	4f36      	ldr	r7, [pc, #216]	@ (20000f00 <dcd_event_handler+0x1d4>)
20000e26:	783b      	ldrb	r3, [r7, #0]
20000e28:	075b      	lsls	r3, r3, #29
20000e2a:	d52b      	bpl.n	20000e84 <dcd_event_handler+0x158>
20000e2c:	2204      	movs	r2, #4
20000e2e:	783b      	ldrb	r3, [r7, #0]
20000e30:	2100      	movs	r1, #0
20000e32:	4393      	bics	r3, r2
20000e34:	703b      	strb	r3, [r7, #0]
20000e36:	466b      	mov	r3, sp
20000e38:	3206      	adds	r2, #6
20000e3a:	1d98      	adds	r0, r3, #6
20000e3c:	f000 f8a4 	bl	20000f88 <____wrap_memset_veneer>
20000e40:	782b      	ldrb	r3, [r5, #0]
20000e42:	ac01      	add	r4, sp, #4
20000e44:	7023      	strb	r3, [r4, #0]
20000e46:	2305      	movs	r3, #5
20000e48:	7063      	strb	r3, [r4, #1]
20000e4a:	4b2c      	ldr	r3, [pc, #176]	@ (20000efc <dcd_event_handler+0x1d0>)
20000e4c:	681b      	ldr	r3, [r3, #0]
20000e4e:	4698      	mov	r8, r3
20000e50:	695a      	ldr	r2, [r3, #20]
20000e52:	f3ef 8110 	mrs	r1, PRIMASK
20000e56:	b672      	cpsid	i
20000e58:	6813      	ldr	r3, [r2, #0]
20000e5a:	2b00      	cmp	r3, #0
20000e5c:	d0fc      	beq.n	20000e58 <dcd_event_handler+0x12c>
20000e5e:	f3bf 8f5f 	dmb	sy
20000e62:	4643      	mov	r3, r8
20000e64:	4640      	mov	r0, r8
20000e66:	6199      	str	r1, [r3, #24]
20000e68:	0021      	movs	r1, r4
20000e6a:	f000 f85d 	bl	20000f28 <__tu_fifo_write_veneer>
20000e6e:	4643      	mov	r3, r8
20000e70:	695a      	ldr	r2, [r3, #20]
20000e72:	699b      	ldr	r3, [r3, #24]
20000e74:	f3bf 8f5f 	dmb	sy
20000e78:	2100      	movs	r1, #0
20000e7a:	6011      	str	r1, [r2, #0]
20000e7c:	f383 8810 	msr	PRIMASK, r3
20000e80:	2800      	cmp	r0, #0
20000e82:	d131      	bne.n	20000ee8 <dcd_event_handler+0x1bc>
20000e84:	78fb      	ldrb	r3, [r7, #3]
20000e86:	07db      	lsls	r3, r3, #31
20000e88:	d400      	bmi.n	20000e8c <dcd_event_handler+0x160>
20000e8a:	e77c      	b.n	20000d86 <dcd_event_handler+0x5a>
20000e8c:	466b      	mov	r3, sp
20000e8e:	220a      	movs	r2, #10
20000e90:	2100      	movs	r1, #0
20000e92:	1d98      	adds	r0, r3, #6
20000e94:	f000 f878 	bl	20000f88 <____wrap_memset_veneer>
20000e98:	782b      	ldrb	r3, [r5, #0]
20000e9a:	ac01      	add	r4, sp, #4
20000e9c:	7023      	strb	r3, [r4, #0]
20000e9e:	2303      	movs	r3, #3
20000ea0:	7063      	strb	r3, [r4, #1]
20000ea2:	686b      	ldr	r3, [r5, #4]
20000ea4:	6063      	str	r3, [r4, #4]
20000ea6:	4b15      	ldr	r3, [pc, #84]	@ (20000efc <dcd_event_handler+0x1d0>)
20000ea8:	681d      	ldr	r5, [r3, #0]
20000eaa:	696a      	ldr	r2, [r5, #20]
20000eac:	f3ef 8110 	mrs	r1, PRIMASK
20000eb0:	b672      	cpsid	i
20000eb2:	6813      	ldr	r3, [r2, #0]
20000eb4:	2b00      	cmp	r3, #0
20000eb6:	d0fc      	beq.n	20000eb2 <dcd_event_handler+0x186>
20000eb8:	f3bf 8f5f 	dmb	sy
20000ebc:	61a9      	str	r1, [r5, #24]
20000ebe:	0028      	movs	r0, r5
20000ec0:	0021      	movs	r1, r4
20000ec2:	f000 f831 	bl	20000f28 <__tu_fifo_write_veneer>
20000ec6:	696a      	ldr	r2, [r5, #20]
20000ec8:	69ab      	ldr	r3, [r5, #24]
20000eca:	f3bf 8f5f 	dmb	sy
20000ece:	2100      	movs	r1, #0
20000ed0:	6011      	str	r1, [r2, #0]
20000ed2:	f383 8810 	msr	PRIMASK, r3
20000ed6:	2800      	cmp	r0, #0
20000ed8:	d100      	bne.n	20000edc <dcd_event_handler+0x1b0>
20000eda:	e754      	b.n	20000d86 <dcd_event_handler+0x5a>
20000edc:	0032      	movs	r2, r6
20000ede:	7861      	ldrb	r1, [r4, #1]
20000ee0:	7820      	ldrb	r0, [r4, #0]
20000ee2:	f000 f829 	bl	20000f38 <__tud_event_hook_cb_veneer>
20000ee6:	e74e      	b.n	20000d86 <dcd_event_handler+0x5a>
20000ee8:	0032      	movs	r2, r6
20000eea:	7861      	ldrb	r1, [r4, #1]
20000eec:	7820      	ldrb	r0, [r4, #0]
20000eee:	f000 f823 	bl	20000f38 <__tud_event_hook_cb_veneer>
20000ef2:	e7c7      	b.n	20000e84 <dcd_event_handler+0x158>
20000ef4:	100051fc 	.word	0x100051fc
20000ef8:	2000219f 	.word	0x2000219f
20000efc:	2000182c 	.word	0x2000182c
20000f00:	200017d4 	.word	0x200017d4
20000f04:	10005218 	.word	0x10005218
20000f08:	2000219d 	.word	0x2000219d
20000f0c:	20001624 	.word	0x20001624

20000f10 <__aeabi_idiv0>:
20000f10:	4770      	bx	lr
20000f12:	46c0      	nop			@ (mov r8, r8)
20000f14:	0000      	movs	r0, r0
	...

20000f18 <__panic_veneer>:
20000f18:	b401      	push	{r0}
20000f1a:	4802      	ldr	r0, [pc, #8]	@ (20000f24 <__panic_veneer+0xc>)
20000f1c:	4684      	mov	ip, r0
20000f1e:	bc01      	pop	{r0}
20000f20:	4760      	bx	ip
20000f22:	bf00      	nop
20000f24:	10000791 	.word	0x10000791

20000f28 <__tu_fifo_write_veneer>:
20000f28:	b401      	push	{r0}
20000f2a:	4802      	ldr	r0, [pc, #8]	@ (20000f34 <__tu_fifo_write_veneer+0xc>)
20000f2c:	4684      	mov	ip, r0
20000f2e:	bc01      	pop	{r0}
20000f30:	4760      	bx	ip
20000f32:	bf00      	nop
20000f34:	100049dd 	.word	0x100049dd

20000f38 <__tud_event_hook_cb_veneer>:
20000f38:	b401      	push	{r0}
20000f3a:	4802      	ldr	r0, [pc, #8]	@ (20000f44 <__tud_event_hook_cb_veneer+0xc>)
20000f3c:	4684      	mov	ip, r0
20000f3e:	bc01      	pop	{r0}
20000f40:	4760      	bx	ip
20000f42:	bf00      	nop
20000f44:	10002f7d 	.word	0x10002f7d

20000f48 <__time_us_64_veneer>:
20000f48:	b401      	push	{r0}
20000f4a:	4802      	ldr	r0, [pc, #8]	@ (20000f54 <__time_us_64_veneer+0xc>)
20000f4c:	4684      	mov	ip, r0
20000f4e:	bc01      	pop	{r0}
20000f50:	4760      	bx	ip
20000f52:	bf00      	nop
20000f54:	1000165d 	.word	0x1000165d

20000f58 <__rp2040_chip_version_veneer>:
20000f58:	b401      	push	{r0}
20000f5a:	4802      	ldr	r0, [pc, #8]	@ (20000f64 <__rp2040_chip_version_veneer+0xc>)
20000f5c:	4684      	mov	ip, r0
20000f5e:	bc01      	pop	{r0}
20000f60:	4760      	bx	ip
20000f62:	bf00      	nop
20000f64:	10000785 	.word	0x10000785

20000f68 <__best_effort_wfe_or_timeout_veneer>:
20000f68:	b401      	push	{r0}
20000f6a:	4802      	ldr	r0, [pc, #8]	@ (20000f74 <__best_effort_wfe_or_timeout_veneer+0xc>)
20000f6c:	4684      	mov	ip, r0
20000f6e:	bc01      	pop	{r0}
20000f70:	4760      	bx	ip
20000f72:	bf00      	nop
20000f74:	1000152d 	.word	0x1000152d

20000f78 <____wrap___aeabi_lmul_veneer>:
20000f78:	b401      	push	{r0}
20000f7a:	4802      	ldr	r0, [pc, #8]	@ (20000f84 <____wrap___aeabi_lmul_veneer+0xc>)
20000f7c:	4684      	mov	ip, r0
20000f7e:	bc01      	pop	{r0}
20000f80:	4760      	bx	ip
20000f82:	bf00      	nop
20000f84:	10001ebd 	.word	0x10001ebd

20000f88 <____wrap_memset_veneer>:
20000f88:	b401      	push	{r0}
20000f8a:	4802      	ldr	r0, [pc, #8]	@ (20000f94 <____wrap_memset_veneer+0xc>)
20000f8c:	4684      	mov	ip, r0
20000f8e:	bc01      	pop	{r0}
20000f90:	4760      	bx	ip
20000f92:	bf00      	nop
20000f94:	10001f91 	.word	0x10001f91

20000f98 <striped_spin_lock_num>:
20000f98:	00000010                                ....

20000f9c <irq_handler_chain_slots>:
20000f9c:	00000000 	.word	0x00000000
20000fa0:	00010000 	.word	0x00010000
	...
20000fac:	00020000 	.word	0x00020000
	...
20000fb8:	00030000 	.word	0x00030000
	...
20000fc4:	00ff0000 	.word	0x00ff0000
20000fc8:	00000000 	.word	0x00000000

20000fcc <irq_handler_chain_first_slot>:
20000fcc:	b501      	push	{r0, lr}
20000fce:	6848      	ldr	r0, [r1, #4]
20000fd0:	3101      	adds	r1, #1
20000fd2:	468e      	mov	lr, r1
20000fd4:	4700      	bx	r0

20000fd6 <irq_handler_chain_remove_tail>:
20000fd6:	4670      	mov	r0, lr
20000fd8:	3809      	subs	r0, #9
20000fda:	4901      	ldr	r1, [pc, #4]	@ (20000fe0 <irq_handler_chain_remove_tail+0xa>)
20000fdc:	4788      	blx	r1
20000fde:	bd01      	pop	{r0, pc}
20000fe0:	10000d95 	.word	0x10000d95

20000fe4 <default_alarm_pool>:
	...
20000ff8:	20001260 00000000                       `.. ....

20001000 <aeabi_bits_funcs>:
20001000:	00003350 	.word	0x00003350
20001004:	0000334c 	.word	0x0000334c
20001008:	00003354 	.word	0x00003354
2000100c:	00003352 	.word	0x00003352

20001010 <aeabi_bits_funcs_end>:
20001010:	0000534d 	.word	0x0000534d
20001014:	0000434d 	.word	0x0000434d
20001018:	00003453 	.word	0x00003453
2000101c:	00003443 	.word	0x00003443

20001020 <stdio_uart>:
20001020:	100022ed 100023f1 10002339 10002405     ."...#..9#...$..
20001030:	00000000 00000100                       ........

20001038 <stdio_usb>:
20001038:	1000273d 100026f1 10002665 100025dd     ='...&..e&...%..
20001048:	00000000 00000100                       ........

20001050 <_usbd_qdef>:
20001050:	20001830 000c0010 00000000 00000000     0.. ............
	...

2000106c <_usbd_rhport>:
2000106c:	000000ff                                ....

20001070 <print_mutex>:
	...
